IDDPTO,departamento,IDPROV,provincia,ubigeo,distrito,CAPITAL,CODCCPP,AREA,FUENTE,n_facilities,n_hicat_facilities,n_centros_poblados,pct_cp_within_5km,pct_cp_within_10km,pct_cp_hicat_within_5km,pct_cp_hicat_within_10km,total_emergencias,comp_facility_base,comp_emergency_base,comp_access_base,ehai_base,category_base,comp_facility_alt,comp_emergency_alt,comp_access_alt,ehai_alt,category_alt
10,HUANUCO,1009,PUERTO INCA,100902,CODO DEL POZUZO,CODO DEL POZUZO,0001,1,INEI,6,0,69,21.73913043478261,53.6231884057971,0.0,0.0,0.0,0.0008988743659472596,0.0,0.21739130434782608,0.0727633929045911,Underserved,0.0,0.0,0.0,0.0,Well-served
10,HUANUCO,1009,PUERTO INCA,100904,TOURNAVISTA,TOURNAVISTA,0001,1,INEI,4,0,46,34.78260869565217,80.43478260869566,0.0,0.0,0.0,0.0011094689454389617,0.0,0.34782608695652173,0.11631185196732022,Underserved,0.0,0.0,0.0,0.0,Well-served
25,UCAYALI,2503,PADRE ABAD,250305,ALEXANDER VON HUMBOLDT,ALEXANDER VON HUMBOLDT,0001,1,INEI,3,0,14,92.85714285714286,100.0,0.0,0.0,0.0,0.0070538054845958095,0.0,0.9285714285714286,0.3118750780186748,Moderate-High,0.0,0.0,0.0,0.0,Well-served
25,UCAYALI,2503,PADRE ABAD,250302,IRAZOLA,SAN ALEJANDRO,0001,1,INEI,6,0,28,57.142857142857146,89.28571428571429,0.0,0.0,0.0,0.0015435750372179817,0.0,0.5714285714285715,0.19099071548859647,Underserved,0.0,0.0,0.0,0.0,Well-served
25,UCAYALI,2503,PADRE ABAD,250304,NESHUYA,MONTE ALEGRE,0001,1,INEI,7,0,26,88.46153846153847,100.0,0.0,0.0,0.0,0.005419008343666572,0.0,0.8846153846153847,0.29667813098635043,Moderate-High,0.0,0.0,0.0,0.0,Well-served
25,UCAYALI,2503,PADRE ABAD,250301,PADRE ABAD,AGUAYTIA,0001,1,INEI,14,0,92,42.391304347826086,85.8695652173913,0.0,0.0,541.0,0.0014335440943518366,0.00019380615587101895,0.42391304347826086,0.14184679790949456,Underserved,0.0,0.00019380615587101895,0.0,3.876123117420379e-05,Well-served
25,UCAYALI,2503,PADRE ABAD,250303,CURIMANA,CURIMANA,0001,1,INEI,7,0,32,90.625,96.875,0.0,0.0,0.0,0.0017991223787232706,0.0,0.90625,0.30268304079290775,Moderate-High,0.0,0.0,0.0,0.0,Well-served
10,HUANUCO,1009,PUERTO INCA,100901,PUERTO INCA,PUERTO INCA,0001,1,INEI,9,0,70,45.714285714285715,77.14285714285714,0.0,0.0,0.0,0.0018182044696257533,0.0,0.45714285714285713,0.15298702053749427,Underserved,0.0,0.0,0.0,0.0,Well-served
25,UCAYALI,2501,CORONEL PORTILLO,250106,NUEVA REQUENA,NUEVA REQUENA,0001,1,INEI,6,0,56,78.57142857142857,100.0,0.0,0.0,0.0,0.0014056321385277474,0.0,0.7857142857142857,0.2623733059509378,Moderate-Low,0.0,0.0,0.0,0.0,Well-served
25,UCAYALI,2501,CORONEL PORTILLO,250102,CAMPOVERDE,CAMPO VERDE,0001,1,INEI,24,0,68,89.70588235294117,100.0,0.0,2.9411764705882355,29.0,0.00874404358456687,1.0388869723215435e-05,0.8970588235294117,0.30193775199456724,Moderate-High,0.0,1.0388869723215435e-05,0.029411764705882356,0.017649136597474056,Well-served
16,LORETO,1606,UCAYALI,160601,CONTAMANA,CONTAMANA,0001,1,INEI,6,0,109,21.10091743119266,47.706422018348626,0.0,0.0,217156.0,0.0002631698504221411,0.0777932894349852,0.2110091743119266,0.09635521119911131,Underserved,0.0,0.0777932894349852,0.0,0.015558657886997042,Well-served
13,LA LIBERTAD,1301,TRUJILLO,130104,HUANCHACO,HUANCHACO,0001,1,INEI,7,0,21,100.0,100.0,66.66666666666667,100.0,132.0,0.010639608693830634,4.72872690849806e-05,1.0,0.3368956319876385,Well-served,0.0,4.72872690849806e-05,1.0,0.600009457453817,Well-served
13,LA LIBERTAD,1302,ASCOPE,130207,SANTIAGO DE CAO,SANTIAGO DE CAO,0001,1,INEI,3,0,40,87.5,100.0,0.0,12.5,0.0,0.01059710955841757,0.0,0.875,0.2951990365194725,Moderate-High,0.0,0.0,0.125,0.075,Well-served
13,LA LIBERTAD,1301,TRUJILLO,130110,SIMBAL,SIMBAL,0001,1,INEI,1,0,42,59.523809523809526,100.0,0.0,0.0,0.0,0.001237832732359156,0.0,0.5952380952380952,0.1988253093234848,Moderate-Low,0.0,0.0,0.0,0.0,Well-served
13,LA LIBERTAD,1302,ASCOPE,130204,MAGDALENA DE CAO,MAGDALENA DE CAO,0001,1,INEI,1,0,47,72.34042553191489,93.61702127659575,0.0,31.914893617021278,0.0,0.0029943709765739616,0.0,0.7234042553191489,0.2421328754319076,Moderate-Low,0.0,0.0,0.3191489361702128,0.19148936170212766,Well-served
13,LA LIBERTAD,1302,ASCOPE,130203,CHOCOPE,CHOCOPE,0001,1,INEI,3,1,21,100.0,100.0,80.95238095238095,100.0,213211.0,0.014546035514808505,0.0763800449157409,1.0,0.3636420268101831,Well-served,0.010909526636106379,0.0763800449157409,1.0,0.6174579143103694,Well-served
13,LA LIBERTAD,1302,ASCOPE,130205,PAIJAN,PAIJAN,0001,1,INEI,2,0,43,97.67441860465117,100.0,0.0,20.930232558139537,87.0,0.011703126278162989,3.1166609169646305e-05,0.9767441860465117,0.32949282631128146,Moderate-High,0.0,3.1166609169646305e-05,0.20930232558139536,0.12558762867067116,Well-served
13,LA LIBERTAD,1306,OTUZCO,130613,SINSICAP,SINSICAP,0001,1,INEI,3,0,92,81.52173913043478,93.47826086956522,0.0,0.0,0.0,0.003181766913145504,0.0,0.8152173913043478,0.2727997194058311,Moderate-Low,0.0,0.0,0.0,0.0,Well-served
13,LA LIBERTAD,1302,ASCOPE,130202,CHICAMA,CHICAMA,0001,1,INEI,2,0,34,73.52941176470588,100.0,0.0,44.11764705882353,350.0,0.001072016845259121,0.00012538291045260006,0.7352941176470589,0.2454971724675902,Moderate-Low,0.0,0.00012538291045260006,0.4411764705882353,0.2647309589350317,Well-served
13,LA LIBERTAD,1302,ASCOPE,130206,RAZURI,PUERTO DE MALABRIGO,0001,1,INEI,1,0,52,75.0,98.07692307692308,0.0,0.0,0.0,0.001546338360675338,0.0,0.75,0.25051544612022514,Moderate-Low,0.0,0.0,0.0,0.0,Well-served
13,LA LIBERTAD,1311,GRAN CHIMU,131103,MARMOT,MARMOT /13,0001,1,INEI,3,0,40,62.5,100.0,0.0,5.0,0.0,0.004809473223418211,0.0,0.625,0.2099364910744727,Moderate-Low,0.0,0.0,0.05,0.03,Well-served
13,LA LIBERTAD,1302,ASCOPE,130201,ASCOPE,ASCOPE,0001,1,INEI,2,1,29,96.55172413793103,100.0,93.10344827586206,100.0,7369.0,0.0032286061151232154,0.0026398476203577425,0.9655172413793103,0.32379523170493035,Moderate-High,0.0036321818795136173,0.0026398476203577425,1.0,0.6012544058999743,Well-served
13,LA LIBERTAD,1311,GRAN CHIMU,131101,CASCAS,CASCAS,0001,1,INEI,6,1,166,55.42168674698795,100.0,24.096385542168676,59.63855421686747,5569.0,0.006184903153729901,0.0019950212237443707,0.5542168674698795,0.18746559728245127,Underserved,0.002319338682648713,0.0019950212237443707,0.5963855421686747,0.3586941972824834,Well-served
13,LA LIBERTAD,1302,ASCOPE,130208,CASA GRANDE,CASA GRANDE,0001,1,INEI,4,1,45,84.44444444444444,100.0,33.333333333333336,57.77777777777778,18748.0,0.002915818591954578,0.006716225157615274,0.8444444444444444,0.28469216273133807,Moderate-High,0.0016401479579744502,0.006716225157615274,0.5777777777777778,0.3483379412897846,Well-served
06,CAJAMARCA,0605,CONTUMAZA,060505,SAN BENITO,SAN BENITO,0001,1,INEI,2,0,78,70.51282051282051,92.3076923076923,0.0,23.076923076923077,1.0,0.0019761962902992746,3.5823688700742874e-07,0.7051282051282051,0.2357015865517971,Moderate-Low,0.0,3.5823688700742874e-07,0.23076923076923075,0.13846161010891583,Well-served
13,LA LIBERTAD,1307,PACASMAYO,130701,SAN PEDRO DE LLOC,SAN PEDRO DE LLOC,0001,1,INEI,3,0,33,84.84848484848484,96.96969696969697,12.121212121212121,78.78787878787878,1925.0,0.002111102052329617,0.0006896060074893004,0.8484848484848484,0.28376185218155575,Moderate-High,0.0,0.0006896060074893004,0.7878787878787878,0.4728651939287705,Well-served
06,CAJAMARCA,0605,CONTUMAZA,060503,CUPISNIQUE,TRINIDAD,0001,1,INEI,2,0,65,70.76923076923077,96.92307692307692,0.0,0.0,0.0,0.0032816730275040144,0.0,0.7076923076923077,0.2369913269066039,Moderate-Low,0.0,0.0,0.0,0.0,Well-served
23,TACNA,2301,TACNA,230110,CORONEL GREGORIO ALBARRACIN LANCHIPA,ALFONSO UGARTE,0001,1,INEI,5,0,17,58.8235294117647,94.11764705882354,23.529411764705884,70.58823529411765,2115.0,0.012811552871587745,0.0007576710160207118,0.5882352941176471,0.20060150600175183,Moderate-Low,0.0,0.0007576710160207118,0.7058823529411765,0.42368094596791,Well-served
23,TACNA,2301,TACNA,230108,POCOLLAY,POCOLLAY,0001,1,INEI,1,0,10,100.0,100.0,100.0,100.0,0.0,0.0017825139147476699,0.0,1.0,0.3339275046382492,Moderate-High,0.0,0.0,1.0,0.6,Well-served
23,TACNA,2301,TACNA,230103,CALANA,CALANA,0001,1,INEI,2,1,27,96.29629629629629,100.0,62.96296296296296,100.0,436683.0,0.008723605193406488,0.156435958529065,0.9629629629629629,0.3760408422284781,Well-served,0.0098140558425823,0.156435958529065,1.0,0.6332500028743294,Well-served
23,TACNA,2301,TACNA,230101,TACNA,TACNA,0001,1,INEI,12,2,17,88.23529411764706,94.11764705882354,58.8235294117647,88.23529411764706,110400.0,0.0030127123392431343,0.03954935232562014,0.8823529411764706,0.30830500194711125,Moderate-High,0.0011297671272161751,0.03954935232562014,0.8823529411764706,0.5375475885964496,Well-served
23,TACNA,2301,TACNA,230109,SAMA,LAS YARAS,0001,1,INEI,3,0,41,63.41463414634146,73.17073170731707,0.0,0.0,0.0,0.001270489858230247,0.0,0.6341463414634146,0.21180561044054827,Moderate-Low,0.0,0.0,0.0,0.0,Well-served
23,TACNA,2301,TACNA,230104,CIUDAD NUEVA,CIUDAD NUEVA,0001,1,INEI,3,0,5,100.0,100.0,80.0,100.0,1364.0,0.008066698774129707,0.0004886351138781328,1.0,0.3361851112960026,Well-served,0.0,0.0004886351138781328,1.0,0.6000977270227756,Well-served
23,TACNA,2303,JORGE BASADRE,230303,ITE,ITE,0001,1,INEI,2,0,25,32.0,52.0,0.0,0.0,0.0,0.0011651555331096267,0.0,0.32,0.10705505184436986,Underserved,0.0,0.0,0.0,0.0,Well-served
18,MOQUEGUA,1803,ILO,180301,ILO,ILO,0001,1,INEI,6,2,8,62.5,87.5,62.5,87.5,202513.0,0.009854818504523886,0.07254762669853541,0.625,0.2358008150676864,Moderate-Low,0.0073911138783929135,0.07254762669853541,0.875,0.5409877481153856,Well-served
23,TACNA,2301,TACNA,230102,ALTO DE LA ALIANZA,LA ESPERANZA,0001,1,INEI,4,0,15,100.0,100.0,80.0,100.0,1354.0,0.005133092205002158,0.00048505274500805853,1.0,0.33520604831667006,Well-served,0.0,0.00048505274500805853,1.0,0.6000970105490016,Well-served
23,TACNA,2301,TACNA,230106,PACHIA,PACHIA,0001,1,INEI,4,0,30,70.0,100.0,0.0,16.666666666666668,0.0,0.0031385098561043452,0.0,0.7,0.23437950328536808,Moderate-Low,0.0,0.0,0.16666666666666669,0.1,Well-served
23,TACNA,2304,TARATA,230404,ESTIQUE-PAMPA,ESTIQUE-PAMPA,0001,1,INEI,1,0,12,58.333333333333336,66.66666666666667,0.0,0.0,0.0,0.0032514877413715396,0.0,0.5833333333333334,0.1955282736915683,Moderate-Low,0.0,0.0,0.0,0.0,Well-served
23,TACNA,2304,TARATA,230403,ESTIQUE,ESTIQUE,0001,1,INEI,1,0,13,15.384615384615385,53.84615384615385,0.0,0.0,0.0,0.0016253607541800237,0.0,0.15384615384615385,0.051823838200111286,Underserved,0.0,0.0,0.0,0.0,Well-served
23,TACNA,2304,TARATA,230407,TARUCACHI,TARUCACHI,0001,1,INEI,1,0,10,50.0,90.0,0.0,0.0,0.0,0.004493468755170194,0.0,0.5,0.16816448958505673,Underserved,0.0,0.0,0.0,0.0,Well-served
23,TACNA,2301,TACNA,230105,INCLAN,SAMA GRANDE,0001,1,INEI,2,0,30,63.333333333333336,86.66666666666667,0.0,0.0,0.0,0.0006695232887303599,0.0,0.6333333333333333,0.21133428554068787,Moderate-Low,0.0,0.0,0.0,0.0,Well-served
23,TACNA,2303,JORGE BASADRE,230301,LOCUMBA,LOCUMBA,0001,1,INEI,3,0,33,30.303030303030305,60.60606060606061,0.0,0.0,0.0,0.0017041835757387895,0.0,0.30303030303030304,0.10157816220201393,Underserved,0.0,0.0,0.0,0.0,Well-served
18,MOQUEGUA,1803,ILO,180302,EL ALGARROBAL,EL ALGARROBAL,0001,1,INEI,0,0,56,19.642857142857142,48.214285714285715,14.285714285714286,42.857142857142854,0.0,0.0,0.0,0.19642857142857142,0.06547619047619047,Underserved,0.0,0.0,0.42857142857142855,0.2571428571428571,Well-served
23,TACNA,2301,TACNA,230107,PALCA,PALCA,0001,1,INEI,5,0,132,56.81818181818182,90.9090909090909,0.0,0.0,0.0,0.001649340169680495,0.0,0.5681818181818182,0.18994371945049957,Underserved,0.0,0.0,0.0,0.0,Well-served
23,TACNA,2304,TARATA,230402,HEROES ALBARRACIN,CHUCATAMANI,0001,1,INEI,2,0,14,85.71428571428571,100.0,0.0,0.0,0.0,0.0025385829493407477,0.0,0.8571428571428571,0.2865604800307326,Moderate-High,0.0,0.0,0.0,0.0,Well-served
23,TACNA,2302,CANDARAVE,230204,CURIBAYA,CURIBAYA,0001,1,INEI,1,0,14,57.142857142857146,100.0,0.0,0.0,0.0,0.004280989843283871,0.0,0.5714285714285715,0.19190318709061846,Moderate-Low,0.0,0.0,0.0,0.0,Well-served
23,TACNA,2304,TARATA,230405,SITAJARA,SITAJARA,0001,1,INEI,1,0,6,66.66666666666667,100.0,0.0,0.0,0.0,0.0020592182223557252,0.0,0.6666666666666667,0.2229086282963408,Moderate-Low,0.0,0.0,0.0,0.0,Well-served
23,TACNA,2302,CANDARAVE,230206,QUILAHUANI,QUILAHUANI,0001,1,INEI,3,0,21,100.0,100.0,0.0,0.0,0.0,0.026114464267164714,0.0,1.0,0.3420381547557215,Well-served,0.0,0.0,0.0,0.0,Well-served
18,MOQUEGUA,1803,ILO,180303,PACOCHA,PUEBLO NUEVO,0001,1,INEI,1,0,18,27.77777777777778,27.77777777777778,11.11111111111111,27.77777777777778,22980.0,0.0014486005325101408,0.008232283663430713,0.2777777777777778,0.09581955399123954,Underserved,0.0,0.008232283663430713,0.2777777777777778,0.1683131233993528,Well-served
23,TACNA,2304,TARATA,230401,TARATA,TARATA,0001,1,INEI,3,0,132,62.121212121212125,96.96969696969697,0.0,0.0,0.0,0.001633596158631909,0.0,0.6212121212121212,0.20761523912358437,Moderate-Low,0.0,0.0,0.0,0.0,Well-served
23,TACNA,2302,CANDARAVE,230205,HUANUARA,HUANUARA,0001,1,INEI,1,0,13,76.92307692307692,100.0,0.0,0.0,0.0,0.005283492095154798,0.0,0.7692307692307692,0.25817142044197466,Moderate-Low,0.0,0.0,0.0,0.0,Well-served
23,TACNA,2304,TARATA,230408,TICACO,TICACO,0001,1,INEI,1,0,36,19.444444444444443,30.555555555555557,0.0,0.0,0.0,0.0013492264900089705,0.0,0.19444444444444442,0.06526455697815112,Underserved,0.0,0.0,0.0,0.0,Well-served
23,TACNA,2303,JORGE BASADRE,230302,ILABAYA,ILABAYA,0001,1,INEI,2,0,55,43.63636363636363,70.9090909090909,0.0,0.0,39466.0,0.0009080158695398156,0.014138176982635184,0.43636363636363634,0.15046994307193712,Underserved,0.0,0.014138176982635184,0.0,0.002827635396527037,Well-served
18,MOQUEGUA,1801,MARISCAL NIETO,180104,SAMEGUA,SAMEGUA,0001,1,INEI,2,0,32,100.0,100.0,37.5,78.125,0.0,0.014882042027655697,0.0,1.0,0.33829401400921855,Well-served,0.0,0.0,0.78125,0.46875,Well-served
04,AREQUIPA,0407,ISLAY,040706,PUNTA DE BOMBON,PUNTA DE BOMBON,0001,1,INEI,1,0,18,61.111111111111114,66.66666666666667,0.0,0.0,470.0,0.0006363434644910824,0.00016837133689349152,0.6111111111111112,0.2039719419708319,Moderate-Low,0.0,0.00016837133689349152,0.0,3.367426737869831e-05,Well-served
23,TACNA,2302,CANDARAVE,230202,CAIRANI,CAIRANI,0001,1,INEI,2,0,25,48.0,48.0,0.0,0.0,0.0,0.005443316232256186,0.0,0.48,0.16181443874408538,Underserved,0.0,0.0,0.0,0.0,Well-served
23,TACNA,2304,TARATA,230406,SUSAPAYA,SUSAPAYA,0001,1,INEI,2,0,80,3.75,11.25,0.0,0.0,0.0,0.0026713005041016707,0.0,0.0375,0.013390433501367222,Underserved,0.0,0.0,0.0,0.0,Well-served
04,AREQUIPA,0407,ISLAY,040703,DEAN VALDIVIA,LA CURVA,0001,1,INEI,3,0,27,96.29629629629629,100.0,0.0,0.0,3690.0,0.010757330117660719,0.001321894113057412,0.9629629629629629,0.32501406239789365,Moderate-High,0.0,0.001321894113057412,0.0,0.0002643788226114824,Well-served
23,TACNA,2302,CANDARAVE,230203,CAMILACA,ALTO CAMILACA,0001,1,INEI,3,0,46,58.69565217391305,60.869565217391305,0.0,0.0,0.0,0.002920676554902888,0.0,0.5869565217391305,0.1966257327646778,Moderate-Low,0.0,0.0,0.0,0.0,Well-served
04,AREQUIPA,0407,ISLAY,040705,MEJIA,MEJIA,0001,1,INEI,1,0,10,90.0,100.0,0.0,10.0,0.0,0.004691306230369142,0.0,0.9,0.30156376874345636,Moderate-High,0.0,0.0,0.1,0.06,Well-served
21,PUNO,2105,EL COLLAO,210502,CAPAZO,CAPAZO,0001,1,INEI,6,0,157,47.77070063694268,94.90445859872611,0.0,0.0,0.0,0.0027611354389062083,0.0,0.47770700636942676,0.16015604726944432,Underserved,0.0,0.0,0.0,0.0,Well-served
23,TACNA,2302,CANDARAVE,230201,CANDARAVE,CANDARAVE,0001,1,INEI,4,0,148,35.810810810810814,61.486486486486484,0.0,0.0,0.0,0.0013896475191955725,0.0,0.3581081081081081,0.11983258520910123,Underserved,0.0,0.0,0.0,0.0,Well-served
04,AREQUIPA,0407,ISLAY,040704,ISLAY,ISLAY (MATARANI),0001,1,INEI,1,0,11,90.9090909090909,100.0,27.272727272727273,72.72727272727273,876.0,0.0013232623948213887,0.0003138155130185076,0.9090909090909091,0.3035759956662496,Moderate-High,0.0,0.0003138155130185076,0.7272727272727273,0.43642639946624007,Well-served
18,MOQUEGUA,1801,MARISCAL NIETO,180106,TORATA,TORATA,0001,1,INEI,2,0,149,25.503355704697988,51.006711409395976,0.0,1.342281879194631,19396.0,0.000543280937112001,0.006948362660396088,0.2550335570469799,0.08750840021482932,Underserved,0.0,0.006948362660396088,0.01342281879194631,0.009443363807247003,Well-served
18,MOQUEGUA,1801,MARISCAL NIETO,180101,MOQUEGUA,MOQUEGUA,0001,1,INEI,10,2,133,58.64661654135338,76.69172932330827,46.61654135338346,64.66165413533835,312052.0,0.0012191695243393829,0.11178853706444215,0.5864661654135338,0.2331579573341051,Moderate-Low,0.0005486262859527223,0.11178853706444215,0.6466165413533835,0.41043735748210913,Well-served
18,MOQUEGUA,1801,MARISCAL NIETO,180103,CUCHUMBAYA,CUCHUMBAYA,0001,1,INEI,3,0,22,100.0,100.0,0.0,0.0,0.0,0.020932244306681374,0.0,1.0,0.3403107481022271,Well-served,0.0,0.0,0.0,0.0,Well-served
21,PUNO,2104,CHUCUITO,210405,PISACOMA,PISACOMA,0001,1,INEI,0,0,349,0.0,2.865329512893983,0.0,0.0,0.0,0.0,0.0,0.0,0.0,Underserved,0.0,0.0,0.0,0.0,Well-served
04,AREQUIPA,0407,ISLAY,040702,COCACHACRA,COCACHACRA,0001,1,INEI,4,0,42,71.42857142857143,78.57142857142857,0.0,0.0,147.0,0.001243113508730004,5.266082239009203e-05,0.7142857142857143,0.23852716287227813,Moderate-Low,0.0,5.266082239009203e-05,0.0,1.0532164478018406e-05,Well-served
04,AREQUIPA,0407,ISLAY,040701,MOLLENDO,MOLLENDO,0001,1,INEI,4,1,19,68.42105263157895,89.47368421052632,52.63157894736842,73.6842105263158,283640.0,0.0020678018021950966,0.1016103106307871,0.6842105263157895,0.26262954624959056,Moderate-Low,0.001163138513734742,0.1016103106307871,0.736842105263158,0.46265995298679913,Well-served
18,MOQUEGUA,1802,GENERAL SANCHEZ CERRO,180205,LA CAPILLA,LA CAPILLA,0001,1,INEI,2,0,60,31.666666666666668,70.0,0.0,0.0,0.0,0.0012339359644193703,0.0,0.31666666666666665,0.10596686754369533,Underserved,0.0,0.0,0.0,0.0,Well-served
04,AREQUIPA,0402,CAMANA,040201,CAMANA,CAMANA,0001,1,INEI,0,0,8,100.0,100.0,100.0,100.0,42057.0,0.0,0.015066368756871432,1.0,0.33835545625229047,Well-served,0.0,0.015066368756871432,1.0,0.6030132737513743,Well-served
18,MOQUEGUA,1802,GENERAL SANCHEZ CERRO,180209,QUINISTAQUILLAS,QUINISTAQUILLAS,0001,1,INEI,1,0,23,65.21739130434783,100.0,0.0,0.0,0.0,0.0024698451580813757,0.0,0.6521739130434783,0.21821458606718655,Moderate-Low,0.0,0.0,0.0,0.0,Well-served
04,AREQUIPA,0402,CAMANA,040202,JOSE MARIA QUIMPER,EL CARDO,0001,1,INEI,3,0,9,100.0,100.0,55.55555555555556,100.0,0.0,0.09016416479885939,0.0,1.0,0.3633880549329531,Well-served,0.0,0.0,1.0,0.6,Well-served
21,PUNO,2104,CHUCUITO,210404,KELLUYO,KELLUYO,0001,1,INEI,0,0,235,0.0,0.0,0.0,0.0,0.0,0.0,0.0,0.0,0.0,Underserved,0.0,0.0,0.0,0.0,Well-served
18,MOQUEGUA,1801,MARISCAL NIETO,180105,SAN CRISTOBAL,CALACOA,0001,1,INEI,3,0,68,36.76470588235294,70.58823529411765,0.0,0.0,0.0,0.0026715574129553407,0.0,0.36764705882352944,0.12343953874549493,Underserved,0.0,0.0,0.0,0.0,Well-served
21,PUNO,2104,CHUCUITO,210402,DESAGUADERO,DESAGUADERO,0001,1,INEI,0,0,109,0.0,0.0,0.0,0.0,436.0,0.0,0.00015619128273523894,0.0,5.206376091174631e-05,Underserved,0.0,0.00015619128273523894,0.0,3.123825654704779e-05,Well-served
04,AREQUIPA,0402,CAMANA,040208,SAMUEL PASTOR,LA PAMPA,0001,1,INEI,7,1,34,91.17647058823529,100.0,73.52941176470588,97.05882352941177,92680.0,0.02986159060117368,0.033201394687848496,0.9117647058823529,0.32494256372379166,Moderate-High,0.009598368407520113,0.033201394687848496,0.9705882352941176,0.5909128937955442,Well-served
04,AREQUIPA,0401,AREQUIPA,040115,QUEQUEÑA,QUEQUEÑA,0001,1,INEI,1,0,12,100.0,100.0,0.0,0.0,0.0,0.013803062199796896,0.0,1.0,0.33793435406659894,Well-served,0.0,0.0,0.0,0.0,Well-served
18,MOQUEGUA,1802,GENERAL SANCHEZ CERRO,180201,OMATE,OMATE,0001,1,INEI,2,0,48,83.33333333333333,97.91666666666667,0.0,0.0,0.0,0.003765702714690463,0.0,0.8333333333333333,0.2790330120160079,Moderate-Low,0.0,0.0,0.0,0.0,Well-served
21,PUNO,2105,EL COLLAO,210504,SANTA ROSA,MAZO CRUZ,0001,1,INEI,7,0,484,37.1900826446281,71.48760330578513,0.0,0.0,0.0,0.0012455599304748472,0.0,0.371900826446281,0.12438212879225194,Underserved,0.0,0.0,0.0,0.0,Well-served
04,AREQUIPA,0401,AREQUIPA,040127,YARABAMBA,YARABAMBA,0001,1,INEI,1,0,20,80.0,100.0,0.0,0.0,0.0,0.0009912548754373062,0.0,0.8,0.2669970849584791,Moderate-Low,0.0,0.0,0.0,0.0,Well-served
04,AREQUIPA,0401,AREQUIPA,040114,POLOBAYA,POLOBAYA GRANDE,0001,1,INEI,1,0,56,33.92857142857143,91.07142857142857,0.0,0.0,0.0,0.001209114953887543,0.0,0.3392857142857143,0.11349827641320061,Underserved,0.0,0.0,0.0,0.0,Well-served
04,AREQUIPA,0401,AREQUIPA,040111,MOLLEBAYA,MOLLEBAYA,0001,1,INEI,2,0,15,100.0,100.0,0.0,20.0,0.0,0.030807450641802497,0.0,1.0,0.34360248354726747,Well-served,0.0,0.0,0.2,0.12,Well-served
18,MOQUEGUA,1801,MARISCAL NIETO,180102,CARUMAS,CARUMAS,0001,1,INEI,4,0,417,20.38369304556355,41.007194244604314,0.0,0.0,0.0,0.0008482341527181409,0.0,0.2038369304556355,0.06822838820278454,Underserved,0.0,0.0,0.0,0.0,Well-served
18,MOQUEGUA,1802,GENERAL SANCHEZ CERRO,180208,PUQUINA,PUQUINA,0001,1,INEI,3,0,87,62.06896551724138,91.95402298850574,0.0,0.0,0.0,0.0024299033990188893,0.0,0.6206896551724138,0.2077065195238109,Moderate-Low,0.0,0.0,0.0,0.0,Well-served
04,AREQUIPA,0402,CAMANA,040207,QUILCA,QUILCA,0001,1,INEI,1,0,36,25.0,50.0,0.0,0.0,0.0,0.0005376378353730536,0.0,0.25,0.08351254594512435,Underserved,0.0,0.0,0.0,0.0,Well-served
18,MOQUEGUA,1802,GENERAL SANCHEZ CERRO,180203,COALAQUE,COALAQUE,0001,1,INEI,2,0,36,77.77777777777777,91.66666666666667,0.0,0.0,0.0,0.0039317537592453424,0.0,0.7777777777777777,0.2605698438456743,Moderate-Low,0.0,0.0,0.0,0.0,Well-served
21,PUNO,2104,CHUCUITO,210403,HUACULLANI,HUACULLANI,0001,1,INEI,0,0,155,0.0,3.225806451612903,0.0,0.0,0.0,0.0,0.0,0.0,0.0,Underserved,0.0,0.0,0.0,0.0,Well-served
04,AREQUIPA,0401,AREQUIPA,040122,SOCABAYA,SOCABAYA,0001,1,INEI,5,0,19,100.0,100.0,15.789473684210526,100.0,26773.0,0.09427961678875209,0.00959107617584989,1.0,0.3679568976548673,Well-served,0.0,0.00959107617584989,1.0,0.60191821523517,Well-served
04,AREQUIPA,0401,AREQUIPA,040113,POCSI,POCSI,0001,1,INEI,2,0,18,50.0,100.0,0.0,0.0,0.0,0.005671562430273946,0.0,0.5,0.16855718747675796,Underserved,0.0,0.0,0.0,0.0,Well-served
04,AREQUIPA,0401,AREQUIPA,040107,JACOBO HUNTER,JACOBO HUNTER,0001,1,INEI,7,0,5,100.0,100.0,80.0,100.0,44013.0,0.16370699547007841,0.01576708010785796,1.0,0.3931580251926454,Well-served,0.0,0.01576708010785796,1.0,0.6031534160215716,Well-served
04,AREQUIPA,0401,AREQUIPA,040116,SABANDIA,SABANDIA,0001,1,INEI,1,0,19,100.0,100.0,5.2631578947368425,100.0,0.0,0.013441110938400828,0.0,1.0,0.3378137036461336,Well-served,0.0,0.0,1.0,0.6,Well-served
21,PUNO,2105,EL COLLAO,210505,CONDURIRI,CONDURIRI,0001,1,INEI,2,0,277,23.826714801444044,81.5884476534296,0.0,0.0,0.0,0.0011346730091746212,0.0,0.23826714801444043,0.07980060700787167,Underserved,0.0,0.0,0.0,0.0,Well-served
04,AREQUIPA,0401,AREQUIPA,040129,JOSE LUIS BUSTAMANTE Y RIVERO,CIUDAD SATELITE,0001,1,INEI,7,0,4,100.0,100.0,100.0,100.0,0.0,0.3018782621215635,0.0,1.0,0.4339594207071878,Well-served,0.0,0.0,1.0,0.6,Well-served
04,AREQUIPA,0401,AREQUIPA,040123,TIABAYA,TIABAYA,0001,1,INEI,1,0,17,100.0,100.0,0.0,100.0,0.0,0.01295709732253743,0.0,1.0,0.3376523657741791,Well-served,0.0,0.0,1.0,0.6,Well-served
04,AREQUIPA,0401,AREQUIPA,040117,SACHACA,SACHACA,0001,1,INEI,2,0,7,100.0,100.0,42.857142857142854,100.0,0.0,0.06743564650473394,0.0,1.0,0.3558118821682446,Well-served,0.0,0.0,1.0,0.6,Well-served
04,AREQUIPA,0401,AREQUIPA,040105,CHARACATO,CHARACATO,0001,1,INEI,1,0,14,78.57142857142857,100.0,0.0,71.42857142857143,0.0,0.005588080823614706,0.0,0.7857142857142857,0.2637674555126334,Moderate-Low,0.0,0.0,0.7142857142857143,0.42857142857142855,Well-served
04,AREQUIPA,0401,AREQUIPA,040108,LA JOYA,LA JOYA,0001,1,INEI,7,0,65,93.84615384615384,100.0,0.0,0.0,955.0,0.004846615445053196,0.0003421162270920945,0.9384615384615383,0.3145500900445612,Moderate-High,0.0,0.0003421162270920945,0.0,6.84232454184189e-05,Well-served
04,AREQUIPA,0401,AREQUIPA,040112,PAUCARPATA,PAUCARPATA,0001,1,INEI,13,0,2,100.0,100.0,100.0,100.0,597960.0,0.22021678331379038,0.2142113289549621,1.0,0.47814270408958415,Well-served,0.0,0.2142113289549621,1.0,0.6428422657909924,Well-served
04,AREQUIPA,0401,AREQUIPA,040121,SANTA RITA DE SIGUAS,SANTA RITA DE SIGUAS,0001,1,INEI,1,0,24,70.83333333333333,100.0,0.0,0.0,0.0,0.001134383681320057,0.0,0.7083333333333333,0.23648923900488442,Moderate-Low,0.0,0.0,0.0,0.0,Well-served
04,AREQUIPA,0401,AREQUIPA,040101,AREQUIPA,AREQUIPA,0001,1,INEI,6,5,1,100.0,100.0,100.0,100.0,1370543.0,0.25303631706379764,0.49097905782982243,1.0,0.5813384582978733,Well-served,0.47444309449462063,0.49097905782982243,1.0,0.7930844304648886,Well-served
18,MOQUEGUA,1802,GENERAL SANCHEZ CERRO,180207,MATALAQUE,MATALAQUE,0001,1,INEI,2,0,51,66.66666666666667,90.19607843137256,0.0,0.0,0.0,0.0017093366630787793,0.0,0.6666666666666667,0.22279200110991518,Moderate-Low,0.0,0.0,0.0,0.0,Well-served
04,AREQUIPA,0401,AREQUIPA,040126,YANAHUARA,YANAHUARA,0001,1,INEI,3,1,1,100.0,100.0,100.0,100.0,1896263.0,0.3937759785222119,0.6793113540673679,1.0,0.6910291108631932,Well-served,0.29533198389165893,0.6793113540673679,1.0,0.7949286675918054,Well-served
04,AREQUIPA,0401,AREQUIPA,040124,UCHUMAYO,UCHUMAYO,0001,1,INEI,4,0,38,86.84210526315789,100.0,0.0,34.21052631578947,0.0,0.007120092699435311,0.0,0.8684210526315789,0.2918470484436714,Moderate-High,0.0,0.0,0.34210526315789475,0.20526315789473684,Well-served
04,AREQUIPA,0402,CAMANA,040205,NICOLAS DE PIEROLA,SAN GREGORIO,0001,1,INEI,3,0,33,63.63636363636363,81.81818181818181,18.181818181818183,33.333333333333336,0.0,0.003702882921958204,0.0,0.6363636363636364,0.2133555064285315,Moderate-Low,0.0,0.0,0.33333333333333337,0.2,Well-served
21,PUNO,2104,CHUCUITO,210407,ZEPITA,ZEPITA,0001,1,INEI,0,0,290,5.517241379310345,14.482758620689655,0.0,0.0,0.0,0.0,0.0,0.055172413793103454,0.01839080459770115,Underserved,0.0,0.0,0.0,0.0,Well-served
04,AREQUIPA,0401,AREQUIPA,040118,SAN JUAN DE SIGUAS,SAN JUAN DE SIGUAS /2,0001,1,INEI,0,0,26,50.0,92.3076923076923,0.0,19.23076923076923,0.0,0.0,0.0,0.5,0.16666666666666666,Underserved,0.0,0.0,0.1923076923076923,0.11538461538461536,Well-served
21,PUNO,2113,YUNGUYO,211303,COPANI,COPANI,0001,1,INEI,1,0,46,100.0,100.0,0.0,0.0,0.0,0.008124050669739808,0.0,1.0,0.3360413502232466,Well-served,0.0,0.0,0.0,0.0,Well-served
04,AREQUIPA,0401,AREQUIPA,040109,MARIANO MELGAR,MARIANO MELGAR,0001,1,INEI,6,1,1,100.0,100.0,100.0,100.0,20077.0,0.09972437738526657,0.007192321980448147,1.0,0.36897223312190486,Well-served,0.037396641519474964,0.007192321980448147,1.0,0.6089177926999846,Well-served
18,MOQUEGUA,1802,GENERAL SANCHEZ CERRO,180202,CHOJATA,CHOJATA,0001,1,INEI,3,0,112,20.535714285714285,55.357142857142854,0.0,0.0,0.0,0.0016786181427106046,0.0,0.20535714285714285,0.06901192033328447,Underserved,0.0,0.0,0.0,0.0,Well-served
04,AREQUIPA,0402,CAMANA,040204,MARISCAL CACERES,SAN JOSE,0001,1,INEI,2,0,30,53.333333333333336,56.666666666666664,13.333333333333334,43.333333333333336,0.0,0.0016263718738826396,0.0,0.5333333333333333,0.17831990173573864,Underserved,0.0,0.0,0.43333333333333335,0.26,Well-served
04,AREQUIPA,0401,AREQUIPA,040110,MIRAFLORES,MIRAFLORES,0001,1,INEI,5,0,1,100.0,100.0,100.0,100.0,2195.0,0.09210002993947042,0.0007863299669813061,1.0,0.3642954533021506,Well-served,0.0,0.0007863299669813061,1.0,0.6001572659933962,Well-served
04,AREQUIPA,0401,AREQUIPA,040106,CHIGUATA,CHIGUATA,0001,1,INEI,5,0,36,97.22222222222223,100.0,0.0,13.88888888888889,0.0,0.010441737360972992,0.0,0.9722222222222223,0.3275546531943984,Moderate-High,0.0,0.0,0.1388888888888889,0.08333333333333333,Well-served
04,AREQUIPA,0401,AREQUIPA,040102,ALTO SELVA ALEGRE,SELVA ALEGRE,0001,1,INEI,7,0,4,75.0,100.0,75.0,75.0,0.0,0.049820373209780035,0.0,0.75,0.2666067910699267,Moderate-Low,0.0,0.0,0.75,0.44999999999999996,Well-served
21,PUNO,2113,YUNGUYO,211304,CUTURAPI,SAN JUAN DE CUTURAPI,0001,1,INEI,1,0,23,100.0,100.0,0.0,52.17391304347826,0.0,0.020174737297982893,0.0,1.0,0.3400582457659943,Well-served,0.0,0.0,0.5217391304347826,0.31304347826086953,Well-served
21,PUNO,2104,CHUCUITO,210406,POMATA,POMATA,0001,1,INEI,1,0,143,15.384615384615385,46.15384615384615,0.0,0.0,0.0,0.0011935504282935524,0.0,0.15384615384615385,0.0516799014248158,Underserved,0.0,0.0,0.0,0.0,Well-served
21,PUNO,2113,YUNGUYO,211302,ANAPIA,ANAPIA,0001,1,INEI,1,0,0,0.0,0.0,0.0,0.0,0.0,0.003973430798632614,0.0,0.0,0.001324476932877538,Underserved,0.0,0.0,0.0,0.0,Well-served
18,MOQUEGUA,1802,GENERAL SANCHEZ CERRO,180206,LLOQUE,LLOQUE,0001,1,INEI,1,0,45,28.88888888888889,73.33333333333333,0.0,0.0,0.0,0.0018817663808158927,0.0,0.2888888888888889,0.09692355175656826,Underserved,0.0,0.0,0.0,0.0,Well-served
21,PUNO,2113,YUNGUYO,211307,UNICACHI,MARCAJA,0001,1,INEI,1,0,19,100.0,100.0,0.0,0.0,0.0,0.05965292263096665,0.0,1.0,0.35321764087698887,Well-served,0.0,0.0,0.0,0.0,Well-served
21,PUNO,2113,YUNGUYO,211301,YUNGUYO,YUNGUYO,0001,1,INEI,10,1,192,98.4375,100.0,33.854166666666664,90.625,9580.0,0.02737101525936849,0.0034319093775311677,0.984375,0.3383926415456332,Well-served,0.0061584784333579105,0.0034319093775311677,0.90625,0.5456680775621777,Well-served
21,PUNO,2113,YUNGUYO,211305,OLLARAYA,SAN MIGUEL DE OLLARAYA,0001,1,INEI,1,0,43,100.0,100.0,0.0,48.83720930232558,0.0,0.017622874851378926,0.0,1.0,0.33920762495045964,Well-served,0.0,0.0,0.48837209302325585,0.2930232558139535,Well-served
04,AREQUIPA,0401,AREQUIPA,040104,CERRO COLORADO,LA LIBERTAD,0001,1,INEI,10,0,12,100.0,100.0,33.333333333333336,100.0,93629.0,0.027516756451417497,0.03354136149361855,1.0,0.35368603931501197,Well-served,0.0,0.03354136149361855,1.0,0.6067082722987237,Well-served
21,PUNO,2113,YUNGUYO,211306,TINICACHI,TINICACHI,0001,1,INEI,1,0,6,100.0,100.0,0.0,0.0,0.0,0.1181409802432495,0.0,1.0,0.37271366008108314,Well-served,0.0,0.0,0.0,0.0,Well-served
21,PUNO,2104,CHUCUITO,210401,JULI,JULI,0001,1,INEI,1,1,371,18.598382749326145,56.8733153638814,9.703504043126685,35.309973045822105,6851.0,0.0006200595663166608,0.0024542809128878943,0.18598382749326145,0.06301938932415534,Underserved,0.001395134024212487,0.0024542809128878943,0.3530997304582211,0.21262972126235272,Well-served
04,AREQUIPA,0401,AREQUIPA,040103,CAYMA,CAYMA,0001,1,INEI,7,0,14,28.571428571428573,57.142857142857146,28.571428571428573,28.571428571428573,138539.0,0.014469064673293739,0.04962978008912217,0.28571428571428575,0.11660437682556721,Underserved,0.0,0.04962978008912217,0.28571428571428575,0.1813545274463959,Well-served
18,MOQUEGUA,1802,GENERAL SANCHEZ CERRO,180211,YUNGA,YUNGA,0001,1,INEI,1,0,28,32.142857142857146,96.42857142857143,0.0,0.0,0.0,0.00433825530810649,0.0,0.32142857142857145,0.10858894224555932,Underserved,0.0,0.0,0.0,0.0,Well-served
04,AREQUIPA,0401,AREQUIPA,040125,VITOR,VITOR,0001,1,INEI,4,0,77,74.02597402597402,97.40259740259741,0.0,0.0,0.0,0.0012580159835599665,0.0,0.7402597402597402,0.24717258541443338,Moderate-Low,0.0,0.0,0.0,0.0,Well-served
04,AREQUIPA,0401,AREQUIPA,040120,SANTA ISABEL DE SIGUAS,SANTA ISABEL DE SIGUAS,0001,1,INEI,4,0,39,97.43589743589743,100.0,0.0,2.5641025641025643,0.0,0.010529509305980974,0.0,0.9743589743589743,0.32829616122165173,Moderate-High,0.0,0.0,0.025641025641025644,0.015384615384615385,Well-served
04,AREQUIPA,0404,CASTILLA,040413,URACA,CORIRE,0001,1,INEI,1,0,51,58.8235294117647,78.43137254901961,0.0,0.0,719.0,0.0006955341875653237,0.0002575723217583413,0.5882352941176471,0.19639613354232358,Moderate-Low,0.0,0.0002575723217583413,0.0,5.1514464351668264e-05,Well-served
04,AREQUIPA,0405,CAYLLOMA,040520,MAJES,EL PEDREGAL,0001,1,INEI,5,1,52,61.53846153846154,78.84615384615384,25.0,71.15384615384616,82566.0,0.0014641872392650041,0.029578186812655363,0.6153846153846154,0.21547566314551192,Moderate-Low,0.0006588842576692519,0.029578186812655363,0.7115384615384616,0.4329704911371418,Well-served
04,AREQUIPA,0402,CAMANA,040206,OCOÑA,OCOÑA,0001,1,INEI,3,0,32,53.125,68.75,0.0,0.0,0.0,0.001018520965976984,0.0,0.53125,0.17742284032199232,Underserved,0.0,0.0,0.0,0.0,Well-served
21,PUNO,2105,EL COLLAO,210503,PILCUYO,PILCUYO,0001,1,INEI,8,0,130,100.0,100.0,0.0,16.153846153846153,0.0,0.025056375501766228,0.0,1.0,0.34168545850058873,Well-served,0.0,0.0,0.16153846153846152,0.0969230769230769,Well-served
18,MOQUEGUA,1802,GENERAL SANCHEZ CERRO,180204,ICHUÑA,ICHUÑA,0001,1,INEI,8,0,308,33.76623376623377,81.81818181818181,0.0,0.0,0.0,0.0038458301798847913,0.0,0.33766233766233766,0.11383605594740748,Underserved,0.0,0.0,0.0,0.0,Well-served
21,PUNO,2101,PUNO,210113,SAN ANTONIO,SAN ANTONIO DE ESQUILACHE /15,0001,1,INEI,1,0,115,25.217391304347824,64.34782608695652,0.0,0.0,0.0,0.0014247914899891306,0.0,0.25217391304347825,0.08453290151115579,Underserved,0.0,0.0,0.0,0.0,Well-served
18,MOQUEGUA,1802,GENERAL SANCHEZ CERRO,180210,UBINAS,UBINAS,0001,1,INEI,3,0,149,40.26845637583892,66.44295302013423,0.0,0.0,0.0,0.0016388859943089603,0.0,0.40268456375838924,0.13477448325089939,Underserved,0.0,0.0,0.0,0.0,Well-served
21,PUNO,2101,PUNO,210111,PICHACANI,LARAQUERI,0001,1,INEI,4,0,451,34.811529933481154,79.37915742793791,0.0,0.0,0.0,0.001171969840782365,0.0,0.34811529933481156,0.11642908972519797,Underserved,0.0,0.0,0.0,0.0,Well-served
04,AREQUIPA,0401,AREQUIPA,040128,YURA,YURA,0001,1,INEI,3,0,90,27.77777777777778,55.55555555555556,0.0,0.0,0.0,0.0007527904252689241,0.0,0.2777777777777778,0.0928435227343489,Underserved,0.0,0.0,0.0,0.0,Well-served
04,AREQUIPA,0401,AREQUIPA,040119,SAN JUAN DE TARUCANI,TARUCANI,0001,1,INEI,5,0,330,22.727272727272727,60.0,0.0,0.0,0.0,0.0010089583783033272,0.0,0.22727272727272727,0.07609389521701018,Underserved,0.0,0.0,0.0,0.0,Well-served
04,AREQUIPA,0405,CAYLLOMA,040508,HUANCA,HUANCA,0001,1,INEI,1,0,64,32.8125,64.0625,0.0,0.0,0.0,0.001294959950725152,0.0,0.328125,0.10980665331690838,Underserved,0.0,0.0,0.0,0.0,Well-served
21,PUNO,2101,PUNO,210106,CHUCUITO,CHUCUITO,0001,1,INEI,6,0,77,100.0,100.0,0.0,6.4935064935064934,0.0,0.024955195222351737,0.0,1.0,0.3416517317407839,Well-served,0.0,0.0,0.06493506493506493,0.03896103896103895,Well-served
04,AREQUIPA,0402,CAMANA,040203,MARIANO NICOLAS VALCARCEL,URASQUI,0001,1,INEI,2,0,24,54.166666666666664,66.66666666666667,0.0,0.0,0.0,0.00173870833130654,0.0,0.5416666666666666,0.18113512499932438,Underserved,0.0,0.0,0.0,0.0,Well-served
04,AREQUIPA,0404,CASTILLA,040407,HUANCARQUI,HUANCARQUI,0001,1,INEI,0,0,29,68.96551724137932,89.65517241379311,65.51724137931035,79.3103448275862,0.0,0.0,0.0,0.6896551724137931,0.22988505747126436,Moderate-Low,0.0,0.0,0.7931034482758621,0.47586206896551725,Well-served
04,AREQUIPA,0406,CONDESUYOS,040605,IRAY,IRAY,0001,1,INEI,0,0,28,0.0,0.0,0.0,0.0,0.0,0.0,0.0,0.0,0.0,Underserved,0.0,0.0,0.0,0.0,Well-served
04,AREQUIPA,0404,CASTILLA,040401,APLAO,APLAO,0001,1,INEI,2,1,53,45.283018867924525,77.35849056603773,37.735849056603776,71.69811320754717,16953.0,0.0015609404373979837,0.006073189945436939,0.45283018867924524,0.1534881063540267,Underserved,0.0017560579920727316,0.006073189945436939,0.7169811320754716,0.4317545288327849,Well-served
21,PUNO,2101,PUNO,210101,PUNO,PUNO,0001,1,INEI,16,2,206,66.50485436893204,91.2621359223301,34.95145631067961,69.41747572815534,384218.0,0.016680797526516914,0.13764106025222025,0.6650485436893204,0.2731234671560192,Moderate-Low,0.004691474304332882,0.13764106025222025,0.6941747572815534,0.44497136128024267,Well-served
21,PUNO,2101,PUNO,210114,TIQUILLACA,TIQUILLACA,0001,1,INEI,2,0,152,48.026315789473685,81.57894736842105,0.0,0.0,0.0,0.0019634808345143392,0.0,0.48026315789473684,0.16074221290975038,Underserved,0.0,0.0,0.0,0.0,Well-served
04,AREQUIPA,0403,CARAVELI,040303,ATICO,ATICO,0001,1,INEI,1,0,35,25.714285714285715,54.285714285714285,0.0,0.0,0.0,0.00015600328029957044,0.0,0.2571428571428572,0.0857662868077189,Underserved,0.0,0.0,0.0,0.0,Well-served
04,AREQUIPA,0405,CAYLLOMA,040511,LLUTA,LLUTA,0001,1,INEI,3,0,130,54.61538461538461,80.76923076923077,0.0,0.0,0.0,0.0011782427153484386,0.0,0.5461538461538461,0.18244402962306483,Underserved,0.0,0.0,0.0,0.0,Well-served
04,AREQUIPA,0404,CASTILLA,040411,TIPAN,TIPAN,0001,1,INEI,0,0,32,0.0,0.0,0.0,0.0,0.0,0.0,0.0,0.0,0.0,Underserved,0.0,0.0,0.0,0.0,Well-served
04,AREQUIPA,0403,CARAVELI,040301,CARAVELI,CARAVELI,0001,1,INEI,1,0,47,57.4468085106383,80.85106382978724,0.0,0.0,0.0,0.0006399751510488453,0.0,0.574468085106383,0.19170268675247729,Moderate-Low,0.0,0.0,0.0,0.0,Well-served
04,AREQUIPA,0406,CONDESUYOS,040606,RIO GRANDE,IQUIPI,0001,1,INEI,3,0,42,40.476190476190474,64.28571428571429,0.0,0.0,0.0,0.002714348134080807,0.0,0.40476190476190477,0.13582541763199518,Underserved,0.0,0.0,0.0,0.0,Well-served
04,AREQUIPA,0403,CARAVELI,040307,CHALA,CHALA,0001,1,INEI,1,0,14,35.714285714285715,71.42857142857143,0.0,0.0,612.0,0.001416005610778272,0.0002192409748485464,0.35714285714285715,0.11959270124282798,Underserved,0.0,0.0002192409748485464,0.0,4.384819496970928e-05,Well-served
04,AREQUIPA,0405,CAYLLOMA,040502,ACHOMA,ACHOMA,0001,1,INEI,1,0,59,33.898305084745765,40.67796610169491,0.0,0.0,0.0,0.00131784072487471,0.0,0.33898305084745767,0.11343363052411079,Underserved,0.0,0.0,0.0,0.0,Well-served
21,PUNO,2101,PUNO,210110,PAUCARCOLLA,PAUCARCOLLA,0001,1,INEI,1,0,131,61.83206106870229,100.0,0.0,19.84732824427481,0.0,0.002761877420224527,0.0,0.6183206106870229,0.20702749603574916,Moderate-Low,0.0,0.0,0.1984732824427481,0.11908396946564885,Well-served
04,AREQUIPA,0404,CASTILLA,040412,UÑON,UÑON,0001,1,INEI,0,0,11,0.0,0.0,0.0,0.0,0.0,0.0,0.0,0.0,0.0,Underserved,0.0,0.0,0.0,0.0,Well-served
04,AREQUIPA,0405,CAYLLOMA,040512,MACA,MACA,0001,1,INEI,1,0,23,56.52173913043478,73.91304347826087,0.0,0.0,0.0,0.002033867218332236,0.0,0.5652173913043478,0.18908375284089332,Underserved,0.0,0.0,0.0,0.0,Well-served
21,PUNO,2111,SAN ROMAN,211103,CABANILLAS,DEUSTUA,0001,1,INEI,4,0,273,18.681318681318682,56.043956043956044,0.0,0.0,0.0,0.0015147936411004552,0.0,0.18681318681318682,0.06277599348476243,Underserved,0.0,0.0,0.0,0.0,Well-served
21,PUNO,2101,PUNO,210104,ATUNCOLLA,ATUNCOLLA,0001,1,INEI,1,0,109,74.31192660550458,100.0,0.0,0.0,0.0,0.003675763157757419,0.0,0.7431192660550459,0.24893167640426775,Moderate-Low,0.0,0.0,0.0,0.0,Well-served
04,AREQUIPA,0405,CAYLLOMA,040519,YANQUE,YANQUE,0001,1,INEI,2,0,242,14.049586776859504,46.69421487603306,0.0,0.0,0.0,0.0008656865430847814,0.0,0.14049586776859505,0.047120518103893276,Underserved,0.0,0.0,0.0,0.0,Well-served
04,AREQUIPA,0406,CONDESUYOS,040601,CHUQUIBAMBA,CHUQUIBAMBA,0001,1,INEI,0,0,53,0.0,0.0,0.0,0.0,2546.0,0.0,0.0009120711143209136,0.0,0.00030402370477363783,Underserved,0.0,0.0009120711143209136,0.0,0.00018241422286418272,Well-served
21,PUNO,2101,PUNO,210107,COATA,COATA,0001,1,INEI,3,0,80,97.5,100.0,0.0,0.0,0.0,0.014445919425545033,0.0,0.975,0.32981530647518165,Moderate-High,0.0,0.0,0.0,0.0,Well-served
04,AREQUIPA,0405,CAYLLOMA,040507,HUAMBO,HUAMBO,0001,1,INEI,1,0,53,43.39622641509434,81.13207547169812,0.0,0.0,0.0,0.0006736625607695844,0.0,0.4339622641509434,0.14487864223723765,Underserved,0.0,0.0,0.0,0.0,Well-served
04,AREQUIPA,0405,CAYLLOMA,040503,CABANACONDE,CABANACONDE,0001,1,INEI,2,0,45,40.0,73.33333333333333,0.0,0.0,0.0,0.002087848204421339,0.0,0.4,0.1340292827348071,Underserved,0.0,0.0,0.0,0.0,Well-served
04,AREQUIPA,0405,CAYLLOMA,040514,SAN ANTONIO DE CHUCA,SAN ANTONIO DE CHUCA /3,0001,1,INEI,2,0,376,14.627659574468085,42.287234042553195,0.0,0.0,0.0,0.0006244535150382331,0.0,0.14627659574468085,0.04896701641990636,Underserved,0.0,0.0,0.0,0.0,Well-served
21,PUNO,2101,PUNO,210108,HUATA,HUATA,0001,1,INEI,1,0,85,68.23529411764706,100.0,0.0,0.0,0.0,0.0037284952441190462,0.0,0.6823529411764706,0.22869381214019655,Moderate-Low,0.0,0.0,0.0,0.0,Well-served
04,AREQUIPA,0403,CARAVELI,040308,CHAPARRA,ACHANIZO,0001,1,INEI,2,0,79,49.36708860759494,82.27848101265823,0.0,0.0,0.0,0.0006428030075956412,0.0,0.4936708860759494,0.164771229694515,Underserved,0.0,0.0,0.0,0.0,Well-served
21,PUNO,2111,SAN ROMAN,211102,CABANA,CABANA,0001,1,INEI,2,0,140,88.57142857142857,100.0,0.0,0.0,0.0,0.004976560823265902,0.0,0.8857142857142857,0.2968969488458505,Moderate-High,0.0,0.0,0.0,0.0,Well-served
04,AREQUIPA,0404,CASTILLA,040410,PAMPACOLCA,PAMPACOLCA,0001,1,INEI,0,0,88,0.0,0.0,0.0,0.0,633.0,0.0,0.0002267639494757024,0.0,7.558798315856746e-05,Underserved,0.0,0.0002267639494757024,0.0,4.535278989514048e-05,Well-served
04,AREQUIPA,0404,CASTILLA,040414,VIRACO,VIRACO,0001,1,INEI,0,0,43,0.0,0.0,0.0,0.0,0.0,0.0,0.0,0.0,0.0,Underserved,0.0,0.0,0.0,0.0,Well-served
04,AREQUIPA,0406,CONDESUYOS,040602,ANDARAY,ANDARAY,0001,1,INEI,0,0,49,0.0,0.0,0.0,0.0,0.0,0.0,0.0,0.0,0.0,Underserved,0.0,0.0,0.0,0.0,Well-served
04,AREQUIPA,0404,CASTILLA,040403,AYO,AYO,0001,1,INEI,1,0,10,70.0,90.0,0.0,0.0,0.0,0.001689422452324039,0.0,0.7,0.23389647415077466,Moderate-Low,0.0,0.0,0.0,0.0,Well-served
04,AREQUIPA,0405,CAYLLOMA,040501,CHIVAY,CHIVAY,0001,1,INEI,3,0,70,48.57142857142857,98.57142857142857,0.0,0.0,11496.0,0.005955147301928022,0.004118291253037401,0.4857142857142857,0.16526257475641704,Underserved,0.0,0.004118291253037401,0.0,0.0008236582506074803,Well-served
04,AREQUIPA,0405,CAYLLOMA,040506,COPORAQUE,COPORAQUE,0001,1,INEI,1,0,28,82.14285714285714,100.0,0.0,0.0,0.0,0.004221505043548099,0.0,0.8214285714285714,0.27521669215737316,Moderate-Low,0.0,0.0,0.0,0.0,Well-served
04,AREQUIPA,0406,CONDESUYOS,040608,YANAQUIHUA,YANAQUIHUA,0001,1,INEI,0,0,74,0.0,0.0,0.0,0.0,0.0,0.0,0.0,0.0,0.0,Underserved,0.0,0.0,0.0,0.0,Well-served
04,AREQUIPA,0405,CAYLLOMA,040509,ICHUPAMPA,ICHUPAMPA,0001,1,INEI,1,0,36,47.22222222222222,88.88888888888889,0.0,0.0,0.0,0.0064737835927774,0.0,0.4722222222222222,0.15956533527166653,Underserved,0.0,0.0,0.0,0.0,Well-served
04,AREQUIPA,0403,CARAVELI,040313,YAUCA,YAUCA,0001,1,INEI,1,0,17,41.1764705882353,52.94117647058823,0.0,0.0,0.0,0.0008888472509648558,0.0,0.411764705882353,0.1375511843777726,Underserved,0.0,0.0,0.0,0.0,Well-served
04,AREQUIPA,0404,CASTILLA,040408,MACHAGUAY,MACHAGUAY,0001,1,INEI,0,0,55,0.0,1.8181818181818181,0.0,0.0,0.0,0.0,0.0,0.0,0.0,Underserved,0.0,0.0,0.0,0.0,Well-served
04,AREQUIPA,0403,CARAVELI,040304,ATIQUIPA,ATIQUIPA,0001,1,INEI,2,0,29,65.51724137931035,93.10344827586206,0.0,0.0,0.0,0.002281403601657037,0.0,0.6551724137931035,0.21915127246492017,Moderate-Low,0.0,0.0,0.0,0.0,Well-served
21,PUNO,2101,PUNO,210105,CAPACHICA,CAPACHICA,0001,1,INEI,5,0,146,91.0958904109589,100.0,0.0,0.0,0.0,0.02308382957052369,0.0,0.910958904109589,0.31134757789337086,Moderate-High,0.0,0.0,0.0,0.0,Well-served
21,PUNO,2107,LAMPA,210702,CABANILLA,CABANILLA,0001,1,INEI,3,0,193,62.17616580310881,91.19170984455958,0.0,0.0,0.0,0.0037431654941228114,0.0,0.6217616580310881,0.20850160784173696,Moderate-Low,0.0,0.0,0.0,0.0,Well-served
04,AREQUIPA,0405,CAYLLOMA,040513,MADRIGAL,MADRIGAL,0001,1,INEI,1,0,22,36.36363636363637,50.0,0.0,0.0,0.0,0.003024661233581359,0.0,0.36363636363636365,0.12222034162331501,Underserved,0.0,0.0,0.0,0.0,Well-served
21,PUNO,2109,MOHO,210904,TILALI,TILALI,0001,1,INEI,2,0,53,100.0,100.0,0.0,0.0,0.0,0.018437746754912904,0.0,1.0,0.3394792489183043,Well-served,0.0,0.0,0.0,0.0,Well-served
21,PUNO,2111,SAN ROMAN,211104,CARACOTO,CARACOTO,0001,1,INEI,5,0,175,86.28571428571429,100.0,1.1428571428571428,45.714285714285715,0.0,0.008646305148359902,0.0,0.8628571428571429,0.2905011493351676,Moderate-High,0.0,0.0,0.45714285714285713,0.27428571428571424,Well-served
21,PUNO,2109,MOHO,210902,CONIMA,CONIMA,0001,1,INEI,2,0,54,96.29629629629629,100.0,0.0,0.0,0.0,0.01421188921411451,0.0,0.9629629629629629,0.32572495072569246,Moderate-High,0.0,0.0,0.0,0.0,Well-served
04,AREQUIPA,0406,CONDESUYOS,040604,CHICHAS,CHICHAS,0001,1,INEI,0,0,34,0.0,0.0,0.0,0.0,0.0,0.0,0.0,0.0,0.0,Underserved,0.0,0.0,0.0,0.0,Well-served
04,AREQUIPA,0403,CARAVELI,040309,HUANUHUANU,TOCOTA,0001,1,INEI,1,0,40,40.0,57.5,0.0,0.0,0.0,0.0006843491813239962,0.0,0.4,0.13356144972710798,Underserved,0.0,0.0,0.0,0.0,Well-served
04,AREQUIPA,0405,CAYLLOMA,040518,TUTI,TUTI,0001,1,INEI,1,0,106,19.81132075471698,75.47169811320755,0.0,0.0,0.0,0.0020108637959164945,0.0,0.1981132075471698,0.06670802378102876,Underserved,0.0,0.0,0.0,0.0,Well-served
21,PUNO,2106,HUANCANE,210605,PUSI,PUSI,0001,1,INEI,2,0,152,79.60526315789474,100.0,0.0,1.3157894736842106,0.0,0.004854176602916747,0.0,0.7960526315789473,0.2669689360606214,Moderate-Low,0.0,0.0,0.013157894736842106,0.007894736842105263,Well-served
04,AREQUIPA,0404,CASTILLA,040402,ANDAGUA,ANDAGUA,0001,1,INEI,2,0,36,30.555555555555557,75.0,0.0,0.0,0.0,0.002043910121656732,0.0,0.3055555555555556,0.10253315522573744,Underserved,0.0,0.0,0.0,0.0,Well-served
04,AREQUIPA,0403,CARAVELI,040306,CAHUACHO,CAHUACHO,0001,1,INEI,3,0,29,48.275862068965516,79.3103448275862,0.0,0.0,0.0,0.0010455434238592952,0.0,0.48275862068965514,0.16126805470450478,Underserved,0.0,0.0,0.0,0.0,Well-served
04,AREQUIPA,0405,CAYLLOMA,040510,LARI,LARI,0001,1,INEI,1,0,79,12.658227848101266,27.848101265822784,0.0,0.0,0.0,0.0012377931877456424,0.0,0.12658227848101267,0.04260669055625276,Underserved,0.0,0.0,0.0,0.0,Well-served
04,AREQUIPA,0403,CARAVELI,040312,QUICACHA,QUICACHA,0001,1,INEI,1,0,54,18.51851851851852,59.25925925925926,0.0,0.0,0.0,0.00046583977404456635,0.0,0.1851851851851852,0.06188367498640992,Underserved,0.0,0.0,0.0,0.0,Well-served
21,PUNO,2107,LAMPA,210709,SANTA LUCIA,SANTA LUCIA,0001,1,INEI,3,0,428,14.25233644859813,57.94392523364486,0.0,0.0,0.0,0.0009071019833561014,0.0,0.1425233644859813,0.04781015548977913,Underserved,0.0,0.0,0.0,0.0,Well-served
21,PUNO,2111,SAN ROMAN,211101,JULIACA,JULIACA,0001,1,INEI,16,2,92,90.21739130434783,100.0,19.565217391304348,55.43478260869565,226406.0,0.0194596071823305,0.08110698063980391,0.9021739130434783,0.3342468336218709,Moderate-High,0.005473014520030454,0.08110698063980391,0.5543478260869565,0.34992469468414084,Well-served
03,APURIMAC,0306,CHINCHEROS,030607,URANMARCA,URANMARCA,0001,1,INEI,3,0,41,90.2439024390244,100.0,0.0,0.0,0.0,0.009860594491182746,0.0,0.9024390243902439,0.3040998729604755,Moderate-High,0.0,0.0,0.0,0.0,Well-served
10,HUANUCO,1005,HUAMALIES,100502,ARANCAY,ARANCAY,0001,1,INEI,1,0,26,88.46153846153847,100.0,0.0,0.0,0.0,0.004136940741413539,0.0,0.8846153846153847,0.2962507751189327,Moderate-High,0.0,0.0,0.0,0.0,Well-served
02,ANCASH,0218,SANTA,021805,MORO,MORO,0001,1,INEI,3,0,81,72.8395061728395,98.76543209876543,0.0,0.0,0.0,0.004047651175412831,0.0,0.7283950617283951,0.24414757096793596,Moderate-Low,0.0,0.0,0.0,0.0,Well-served
02,ANCASH,0203,ANTONIO RAYMONDI,020305,MIRGAS,MIRGAS,0001,1,INEI,4,0,103,95.14563106796116,100.0,0.0,0.0,0.0,0.011212892850035187,0.0,0.9514563106796117,0.3208897345098823,Moderate-High,0.0,0.0,0.0,0.0,Well-served
02,ANCASH,0218,SANTA,021803,COISHCO,COISHCO,0001,1,INEI,2,0,1,100.0,100.0,0.0,100.0,61640.0,0.11904711216055663,0.02208172171513791,1.0,0.3803762779585648,Well-served,0.0,0.02208172171513791,1.0,0.6044163443430276,Well-served
02,ANCASH,0203,ANTONIO RAYMONDI,020301,LLAMELLIN,LLAMELLIN,0001,1,INEI,1,0,75,98.66666666666667,100.0,0.0,0.0,0.0,0.005025125521173893,0.0,0.9866666666666667,0.3305639307292802,Moderate-High,0.0,0.0,0.0,0.0,Well-served
02,ANCASH,0218,SANTA,021809,NUEVO CHIMBOTE,BUENOS AIRES,0001,1,INEI,7,1,29,62.06896551724138,100.0,44.827586206896555,89.65517241379311,307465.0,0.008421361314856919,0.11014530446373909,0.6206896551724138,0.2464187736503366,Moderate-Low,0.0027068661369182953,0.11014530446373909,0.896551724137931,0.5605014686028901,Well-served
02,ANCASH,0220,YUNGAY,022001,YUNGAY,YUNGAY,0001,1,INEI,8,1,131,97.70992366412214,99.23664122137404,55.725190839694655,96.18320610687023,19938.0,0.014111568241518904,0.007142527053154115,0.9770992366412214,0.3327844439786315,Moderate-High,0.003968878567927192,0.007142527053154115,0.9618320610687023,0.5793215177654377,Well-served
10,HUANUCO,1004,HUACAYBAMBA,100403,COCHABAMBA,COCHABAMBA,0001,1,INEI,2,0,65,40.0,55.38461538461539,0.0,0.0,0.0,0.0014162673191364548,0.0,0.4,0.13380542243971216,Underserved,0.0,0.0,0.0,0.0,Well-served
02,ANCASH,0212,HUAYLAS,021203,HUATA,HUATA,0001,1,INEI,2,0,65,100.0,100.0,0.0,95.38461538461539,0.0,0.013876045207062418,0.0,1.0,0.33795868173568744,Well-served,0.0,0.0,0.9538461538461539,0.5723076923076923,Well-served
02,ANCASH,0218,SANTA,021806,NEPEÑA,NEPEÑA,0001,1,INEI,2,0,45,86.66666666666667,100.0,0.0,0.0,10358.0,0.0021073610499516187,0.003710617675622947,0.8666666666666667,0.290828215130747,Moderate-High,0.0,0.003710617675622947,0.0,0.0007421235351245895,Well-served
02,ANCASH,0212,HUAYLAS,021206,PAMPAROMAS,PAMPAROMAS,0001,1,INEI,8,0,130,96.15384615384616,100.0,0.0,0.0,0.0,0.007705871963439722,0.0,0.9615384615384616,0.32308144450063375,Moderate-High,0.0,0.0,0.0,0.0,Well-served
02,ANCASH,0207,CARLOS FERMIN FITZCARRALD,020701,SAN LUIS,SAN LUIS,0001,1,INEI,5,0,165,89.6969696969697,99.39393939393939,0.0,0.0,0.0,0.009744466333348736,0.0,0.896969696969697,0.30223805443434854,Moderate-High,0.0,0.0,0.0,0.0,Well-served
02,ANCASH,0203,ANTONIO RAYMONDI,020303,CHACCHO,CHACCHO,0001,1,INEI,1,0,56,98.21428571428571,100.0,0.0,0.0,0.0,0.0067005231280662875,0.0,0.9821428571428571,0.32961446009030776,Moderate-High,0.0,0.0,0.0,0.0,Well-served
02,ANCASH,0218,SANTA,021808,SANTA,SANTA,0001,1,INEI,2,0,25,100.0,100.0,0.0,48.0,0.0,0.023599557750379595,0.0,1.0,0.34119985258345986,Well-served,0.0,0.0,0.48,0.288,Well-served
02,ANCASH,0212,HUAYLAS,021201,CARAZ,CARAZ,0001,1,INEI,8,1,88,100.0,100.0,69.31818181818181,100.0,31320.0,0.015812913965180843,0.011219979301072668,1.0,0.3423442977554178,Well-served,0.004447382052707112,0.011219979301072668,1.0,0.603133472270756,Well-served
02,ANCASH,0209,CORONGO,020903,BAMBAS,BAMBAS,0001,1,INEI,1,0,13,53.84615384615385,92.3076923076923,0.0,0.0,0.0,0.003131407285626625,0.0,0.5384615384615384,0.18053098191572167,Underserved,0.0,0.0,0.0,0.0,Well-served
02,ANCASH,0216,POMABAMBA,021603,PAROBAMBA,PAROBAMBA,0001,1,INEI,6,0,118,96.61016949152543,100.0,0.0,0.0,172774.0,0.008537923876093544,0.0618940199158215,0.9661016949152542,0.34551121290238973,Well-served,0.0,0.0618940199158215,0.0,0.0123788039831643,Well-served
21,PUNO,2108,MELGAR,210809,UMACHIRI,UMACHIRI,0001,1,INEI,3,0,84,72.61904761904762,100.0,0.0,0.0,0.0,0.004346167023969059,0.0,0.7261904761904762,0.24351221440481505,Moderate-Low,0.0,0.0,0.0,0.0,Well-served
08,CUSCO,0808,ESPINAR,080805,PALLPATA,HECTOR TEJADA,0001,1,INEI,1,0,300,17.333333333333332,56.0,0.0,0.0,0.0,0.0005883468125079566,0.0,0.1733333333333333,0.057973893381947084,Underserved,0.0,0.0,0.0,0.0,Well-served
21,PUNO,2102,AZANGARO,210201,AZANGARO,AZANGARO,0001,1,INEI,4,1,311,36.655948553054664,91.31832797427653,14.790996784565916,50.160771704180064,16024.0,0.0026654424201793077,0.005740387877407038,0.3665594855305466,0.12498843860937765,Underserved,0.0014993113613508606,0.005740387877407038,0.5016077170418006,0.30241257007283195,Well-served
08,CUSCO,0808,ESPINAR,080801,ESPINAR,YAURI,0001,1,INEI,4,1,366,28.415300546448087,66.39344262295081,15.846994535519126,36.33879781420765,26930.0,0.002608055724330521,0.009647319367110057,0.28415300546448086,0.09880279351864048,Underserved,0.001467031344935918,0.009647319367110057,0.3633879781420765,0.2202556570276551,Well-served
11,ICA,1103,NASCA,110301,NASCA,NASCA,0001,1,INEI,5,1,100,59.0,88.0,28.0,50.0,102945.0,0.0021103430236515644,0.03687869633297975,0.59,0.20966301311887708,Moderate-Low,0.0009496543606432041,0.03687869633297975,0.5,0.3075656701387246,Well-served
21,PUNO,2110,SAN ANTONIO DE PUTINA,211004,QUILCAPUNCU,QUILCAPUNCU,0001,1,INEI,1,0,72,15.277777777777779,56.94444444444444,0.0,0.0,0.0,0.0009145058379871439,0.0,0.1527777777777778,0.05123076120525498,Underserved,0.0,0.0,0.0,0.0,Well-served
21,PUNO,2108,MELGAR,210801,AYAVIRI,AYAVIRI,0001,1,INEI,6,1,243,39.50617283950617,74.89711934156378,14.40329218106996,33.74485596707819,15391.0,0.00283395479665431,0.005513623927931336,0.3950617283950617,0.13446976903988245,Underserved,0.0010627330487453662,0.005513623927931336,0.33744855967078186,0.20378440719780444,Well-served
04,AREQUIPA,0408,LA UNION,040806,PUYCA,PUYCA,0001,1,INEI,1,0,168,9.523809523809524,23.80952380952381,0.0,0.0,0.0,0.0003206962219802874,0.0,0.09523809523809523,0.03185293048669184,Underserved,0.0,0.0,0.0,0.0,Well-served
04,AREQUIPA,0408,LA UNION,040804,HUAYNACOTAS,TAURISMA,0001,1,INEI,3,0,141,35.46099290780142,61.702127659574465,0.0,0.0,0.0,0.0015471785350056706,0.0,0.3546099290780142,0.11871903587100663,Underserved,0.0,0.0,0.0,0.0,Well-served
08,CUSCO,0808,ESPINAR,080808,ALTO PICHIGUA,ACCOCUNCA,0001,1,INEI,1,0,164,29.878048780487806,85.97560975609755,0.0,9.75609756097561,0.0,0.0013376437104806107,0.0,0.29878048780487804,0.10003937717178621,Underserved,0.0,0.0,0.0975609756097561,0.058536585365853655,Well-served
04,AREQUIPA,0406,CONDESUYOS,040603,CAYARANI,CAYARANI,0001,1,INEI,2,0,215,19.53488372093023,50.69767441860465,0.0,0.0,0.0,0.0006919986262911799,0.0,0.19534883720930232,0.06534694527853117,Underserved,0.0,0.0,0.0,0.0,Well-served
08,CUSCO,0808,ESPINAR,080806,PICHIGUA,PICHIGUA,0001,1,INEI,2,0,145,55.172413793103445,97.93103448275862,1.3793103448275863,17.93103448275862,0.0,0.0035127816125787785,0.0,0.5517241379310345,0.18507897318120442,Underserved,0.0,0.0,0.1793103448275862,0.10758620689655173,Well-served
10,HUANUCO,1011,YAROWILCA,101104,APARICIO POMARES,CHUPAN,0001,1,INEI,2,0,93,65.59139784946237,96.7741935483871,0.0,0.0,0.0,0.005253540093595597,0.0,0.6559139784946236,0.22038917286273974,Moderate-Low,0.0,0.0,0.0,0.0,Well-served
02,ANCASH,0201,HUARAZ,020104,HUANCHAY,HUANCHAY,0001,1,INEI,3,0,134,95.5223880597015,100.0,0.0,0.0,0.0,0.006920871046241009,0.0,0.955223880597015,0.32071491721441864,Moderate-High,0.0,0.0,0.0,0.0,Well-served
02,ANCASH,0217,RECUAY,021701,RECUAY,RECUAY,0001,1,INEI,2,1,134,88.05970149253731,98.50746268656717,58.95522388059702,98.50746268656717,12152.0,0.006456644410603578,0.0043532946509142745,0.8805970149253731,0.29713565132896363,Moderate-High,0.007263724961929025,0.0043532946509142745,0.9850746268656717,0.5933681800419717,Well-served
10,HUANUCO,1003,DOS DE MAYO,100323,YANAS,YANAS,0001,1,INEI,1,0,76,98.6842105263158,100.0,0.0,0.0,0.0,0.012923059160008457,0.0,0.986842105263158,0.33325505480772216,Moderate-High,0.0,0.0,0.0,0.0,Well-served
02,ANCASH,0217,RECUAY,021710,TICAPAMPA,TICAPAMPA,0001,1,INEI,2,0,63,65.07936507936508,92.06349206349206,44.44444444444444,88.88888888888889,0.0,0.0065997980465286946,0.0,0.6507936507936507,0.2191311496133931,Moderate-Low,0.0,0.0,0.8888888888888888,0.5333333333333333,Well-served
10,HUANUCO,1010,LAURICOCHA,101004,QUEROPALCA,QUEROPALCA,0001,1,INEI,0,0,133,0.0,0.0,0.0,0.0,0.0,0.0,0.0,0.0,0.0,Underserved,0.0,0.0,0.0,0.0,Well-served
02,ANCASH,0205,BOLOGNESI,020501,CHIQUIAN,CHIQUIAN,0001,1,INEI,1,0,89,68.53932584269663,98.87640449438203,0.0,0.0,430.0,0.0025964999606437247,0.00015404186141319435,0.6853932584269663,0.2293812667496744,Moderate-Low,0.0,0.00015404186141319435,0.0,3.0808372282638873e-05,Well-served
10,HUANUCO,1002,AMBO,100201,AMBO,AMBO,0001,1,INEI,6,0,104,84.61538461538461,100.0,0.0,0.0,0.0,0.010088128878653005,0.0,0.8461538461538461,0.2854139916774997,Moderate-High,0.0,0.0,0.0,0.0,Well-served
06,CAJAMARCA,0601,CAJAMARCA,060103,CHETILLA,CHETILLA,0001,1,INEI,1,0,40,97.5,100.0,0.0,0.0,67.0,0.006543129715944194,2.4001871429497728e-05,0.975,0.32718904386245784,Moderate-High,0.0,2.4001871429497728e-05,0.0,4.800374285899546e-06,Well-served
13,LA LIBERTAD,1303,BOLIVAR,130301,BOLIVAR,BOLIVAR,0001,1,INEI,1,1,122,40.16393442622951,81.14754098360656,40.16393442622951,60.65573770491803,1118.0,0.0006547289011112075,0.00040050883967430534,0.4016393442622951,0.13423152733436017,Underserved,0.001473140027500217,0.00040050883967430534,0.6065573770491803,0.36430915600294306,Well-served
13,LA LIBERTAD,1304,CHEPEN,130403,PUEBLO NUEVO,PUEBLO NUEVO,0001,1,INEI,3,0,50,88.0,92.0,30.0,54.0,0.0,0.005327220853828264,0.0,0.88,0.29510907361794275,Moderate-High,0.0,0.0,0.54,0.324,Well-served
22,SAN MARTIN,2206,MARISCAL CACERES,220601,JUANJUI,JUANJUI,0001,1,INEI,11,1,124,94.35483870967742,100.0,26.612903225806452,62.903225806451616,106979.0,0.011857444803266596,0.03832382393516772,0.9435483870967742,0.33124321861173617,Moderate-High,0.0024253864370318034,0.03832382393516772,0.6290322580645161,0.38556919691314956,Well-served
06,CAJAMARCA,0610,SAN MARCOS,061007,JOSE SABOGAL,VENECIA,0001,1,INEI,6,0,87,78.16091954022988,100.0,0.0,0.0,1174.0,0.004958298315875479,0.00042057010534672136,0.7816091954022988,0.26232935460784035,Moderate-Low,0.0,0.00042057010534672136,0.0,8.411402106934428e-05,Well-served
22,SAN MARTIN,2204,HUALLAGA,220405,SACANCHE,SACANCHE,0001,1,INEI,1,0,66,83.33333333333333,100.0,0.0,16.666666666666668,2764.0,0.002983923923156295,0.000990166755688533,0.8333333333333333,0.279102474670726,Moderate-Low,0.0,0.000990166755688533,0.16666666666666669,0.10019803335113771,Well-served
14,LAMBAYEQUE,1401,CHICLAYO,140104,ETEN PUERTO,ETEN PUERTO,0001,1,INEI,1,0,1,100.0,100.0,0.0,0.0,0.0,0.03641609026471945,0.0,1.0,0.3454720300882398,Well-served,0.0,0.0,0.0,0.0,Well-served
22,SAN MARTIN,2204,HUALLAGA,220403,EL ESLABON,EL ESLABON,0001,1,INEI,3,0,60,100.0,100.0,0.0,0.0,1648.0,0.011614092199002292,0.0005903743897882425,1.0,0.33740148886293014,Well-served,0.0,0.0005903743897882425,0.0,0.00011807487795764851,Well-served
06,CAJAMARCA,0603,CELENDIN,060305,JORGE CHAVEZ,LUCMAPAMPA,0001,1,INEI,1,0,20,75.0,100.0,0.0,45.0,0.0,0.009292934766900384,0.0,0.75,0.25309764492230014,Moderate-Low,0.0,0.0,0.45,0.27,Well-served
02,ANCASH,0205,BOLOGNESI,020503,ANTONIO RAYMONDI,RAQUIA,0001,1,INEI,1,0,28,96.42857142857143,100.0,0.0,0.0,0.0,0.003954124884337478,0.0,0.9642857142857143,0.3227466130566839,Moderate-High,0.0,0.0,0.0,0.0,Well-served
02,ANCASH,0205,BOLOGNESI,020505,CAJACAY,CAJACAY,0001,1,INEI,3,0,84,80.95238095238095,100.0,0.0,0.0,11.0,0.0078113180029350734,3.940605757081716e-06,0.8095238095238095,0.2724463560441672,Moderate-Low,0.0,3.940605757081716e-06,0.0,7.881211514163433e-07,Well-served
02,ANCASH,0201,HUARAZ,020107,LA LIBERTAD,CAJAMARQUILLA,0001,1,INEI,1,0,79,93.67088607594937,100.0,0.0,0.0,0.0,0.003247892105719181,0.0,0.9367088607594937,0.3133189176217376,Moderate-High,0.0,0.0,0.0,0.0,Well-served
10,HUANUCO,1003,DOS DE MAYO,100316,QUIVILLA,QUIVILLA,0001,1,INEI,0,0,62,98.38709677419355,100.0,0.0,0.0,0.0,0.0,0.0,0.9838709677419355,0.3279569892473118,Moderate-High,0.0,0.0,0.0,0.0,Well-served
02,ANCASH,0201,HUARAZ,020103,COLCABAMBA,COLCABAMBA,0001,1,INEI,1,0,23,91.30434782608695,100.0,0.0,0.0,0.0,0.009261978646973012,0.0,0.9130434782608695,0.30743515230261415,Moderate-High,0.0,0.0,0.0,0.0,Well-served
02,ANCASH,0201,HUARAZ,020108,OLLEROS,OLLEROS,0001,1,INEI,4,0,57,73.6842105263158,87.71929824561404,0.0,52.63157894736842,0.0,0.008357230319735062,0.0,0.736842105263158,0.248399778527631,Moderate-Low,0.0,0.0,0.5263157894736842,0.3157894736842105,Well-served
02,ANCASH,0201,HUARAZ,020109,PAMPAS GRANDE,PAMPAS GRANDE,0001,1,INEI,1,0,145,61.37931034482759,96.55172413793103,0.0,0.0,0.0,0.0013699279681368848,0.0,0.6137931034482759,0.2050543438054709,Moderate-Low,0.0,0.0,0.0,0.0,Well-served
02,ANCASH,0214,OCROS,021404,CARHUAPAMPA,ACO,0001,1,INEI,1,0,22,90.9090909090909,100.0,0.0,0.0,0.0,0.004525416534907867,0.0,0.9090909090909091,0.3045387752086056,Moderate-High,0.0,0.0,0.0,0.0,Well-served
02,ANCASH,0210,HUARI,021010,PAUCAS,PAUCAS,0001,1,INEI,2,0,47,87.23404255319149,100.0,0.0,0.0,0.0,0.006909557406575323,0.0,0.8723404255319148,0.2930833276461634,Moderate-High,0.0,0.0,0.0,0.0,Well-served
02,ANCASH,0215,PALLASCA,021510,SANTA ROSA,SANTA ROSA,0001,1,INEI,1,0,30,46.666666666666664,73.33333333333333,0.0,0.0,0.0,0.0016603008532688748,0.0,0.4666666666666666,0.1561089891733118,Underserved,0.0,0.0,0.0,0.0,Well-served
02,ANCASH,0209,CORONGO,020901,CORONGO,CORONGO,0001,1,INEI,1,0,42,69.04761904761905,100.0,0.0,0.0,0.0,0.003176396571905853,0.0,0.6904761904761905,0.2312175290160321,Moderate-Low,0.0,0.0,0.0,0.0,Well-served
10,HUANUCO,1007,MARAÑON,100701,HUACRACHUCO,HUACRACHUCO,0001,1,INEI,4,0,135,48.148148148148145,99.25925925925925,0.0,0.0,0.0,0.002753349045127933,0.0,0.48148148148148145,0.16141161017553646,Underserved,0.0,0.0,0.0,0.0,Well-served
02,ANCASH,0209,CORONGO,020902,ACO,ACO,0001,1,INEI,1,0,7,100.0,100.0,0.0,0.0,0.0,0.008383343961662362,0.0,1.0,0.3361277813205541,Well-served,0.0,0.0,0.0,0.0,Well-served
09,HUANCAVELICA,0906,HUAYTARA,090613,SANTIAGO DE CHOCORVOS,SANTIAGO DE CHOCORVOS,0001,1,INEI,6,0,290,49.6551724137931,68.96551724137932,0.0,0.0,0.0,0.002532627110476607,0.0,0.496551724137931,0.16636145041613587,Underserved,0.0,0.0,0.0,0.0,Well-served
21,PUNO,2103,CARABAYA,210308,OLLACHEA,OLLACHEA,0001,1,INEI,4,0,78,53.84615384615385,98.71794871794872,0.0,0.0,0.0,0.0027058983611297446,0.0,0.5384615384615384,0.18038914560755603,Underserved,0.0,0.0,0.0,0.0,Well-served
08,CUSCO,0812,QUISPICANCHI,081202,ANDAHUAYLILLAS,ANDAHUAYLILLAS,0001,1,INEI,1,0,41,70.73170731707317,100.0,0.0,0.0,0.0,0.005619950426967412,0.0,0.7073170731707318,0.23764567453256638,Moderate-Low,0.0,0.0,0.0,0.0,Well-served
11,ICA,1105,PISCO,110507,SAN CLEMENTE,SAN CLEMENTE,0001,1,INEI,2,0,34,85.29411764705883,100.0,2.9411764705882355,67.6470588235294,0.0,0.007197728351488154,0.0,0.8529411764705883,0.2867129682740254,Moderate-High,0.0,0.0,0.676470588235294,0.4058823529411764,Well-served
03,APURIMAC,0302,ANDAHUAYLAS,030204,HUANCARAMA,HUANCARAMA,0001,1,INEI,10,0,59,100.0,100.0,0.0,15.254237288135593,0.0,0.030866258588444117,0.0,1.0,0.34362208619614804,Well-served,0.0,0.0,0.15254237288135594,0.09152542372881356,Well-served
11,ICA,1105,PISCO,110504,INDEPENDENCIA,INDEPENDENCIA,0001,1,INEI,6,0,58,100.0,100.0,0.0,0.0,0.0,0.010780308001427699,0.0,1.0,0.3369267693338092,Well-served,0.0,0.0,0.0,0.0,Well-served
21,PUNO,2101,PUNO,210102,ACORA,ACORA,0001,1,INEI,21,0,552,56.52173913043478,89.31159420289855,0.7246376811594203,7.246376811594203,881.0,0.005251541123081747,0.00031560669745354475,0.5652173913043478,0.1902615130416277,Underserved,0.0,0.00031560669745354475,0.07246376811594203,0.04354138220905592,Well-served
21,PUNO,2101,PUNO,210109,MAÑAZO,MAÑAZO,0001,1,INEI,3,0,155,58.70967741935484,94.83870967741936,0.0,0.0,0.0,0.0035126976282073906,0.0,0.5870967741935484,0.19686982394058528,Moderate-Low,0.0,0.0,0.0,0.0,Well-served
21,PUNO,2101,PUNO,210115,VILQUE,VILQUE,0001,1,INEI,2,0,84,69.04761904761905,100.0,0.0,0.0,0.0,0.004932072770918822,0.0,0.6904761904761905,0.23180275441570308,Moderate-Low,0.0,0.0,0.0,0.0,Well-served
04,AREQUIPA,0404,CASTILLA,040405,CHILCAYMARCA,CHILCAYMARCA,0001,1,INEI,2,0,23,78.26086956521739,100.0,0.0,0.0,0.0,0.005287366675180053,0.0,0.782608695652174,0.2626320207757846,Moderate-Low,0.0,0.0,0.0,0.0,Well-served
04,AREQUIPA,0405,CAYLLOMA,040504,CALLALLI,CALLALLI,0001,1,INEI,1,0,796,6.155778894472362,18.21608040201005,0.0,0.0,0.0,0.0003127870641569114,0.0,0.061557788944723614,0.020623525336293507,Underserved,0.0,0.0,0.0,0.0,Well-served
04,AREQUIPA,0405,CAYLLOMA,040516,TAPAY,TAPAY,0001,1,INEI,1,0,65,26.153846153846153,32.30769230769231,0.0,0.0,0.0,0.00116459016099099,0.0,0.26153846153846155,0.0875676838998175,Underserved,0.0,0.0,0.0,0.0,Well-served
21,PUNO,2106,HUANCANE,210607,TARACO,TARACO,0001,1,INEI,5,0,136,94.8529411764706,100.0,0.0,0.0,0.0,0.01217288637323843,0.0,0.948529411764706,0.32023409937931474,Moderate-High,0.0,0.0,0.0,0.0,Well-served
02,ANCASH,0204,ASUNCION,020402,ACOCHACA,ACOCHACA,0001,1,INEI,2,0,81,100.0,100.0,0.0,0.0,0.0,0.012598076978597812,0.0,1.0,0.33753269232619926,Well-served,0.0,0.0,0.0,0.0,Well-served
02,ANCASH,0219,SIHUAS,021901,SIHUAS,SIHUAS,0001,1,INEI,2,1,43,100.0,100.0,90.69767441860465,100.0,18959.0,0.020948433691734946,0.006791813140773842,1.0,0.3425800822775029,Well-served,0.023566987903201816,0.006791813140773842,1.0,0.6060717602087952,Well-served
02,ANCASH,0215,PALLASCA,021507,LLAPO,LLAPO,0001,1,INEI,1,0,13,100.0,100.0,0.0,0.0,0.0,0.01647923929568438,0.0,1.0,0.33882641309856143,Well-served,0.0,0.0,0.0,0.0,Well-served
02,ANCASH,0211,HUARMEY,021104,HUAYAN,HUAYAN,0001,1,INEI,1,0,45,95.55555555555556,100.0,0.0,0.0,0.0,0.004284553002875845,0.0,0.9555555555555556,0.31994670285281046,Moderate-High,0.0,0.0,0.0,0.0,Well-served
10,HUANUCO,1011,YAROWILCA,101102,CAHUAC,CAHUAC,0001,1,INEI,1,0,58,96.55172413793103,100.0,0.0,0.0,0.0,0.016278403528374858,0.0,0.9655172413793103,0.32726521496922834,Moderate-High,0.0,0.0,0.0,0.0,Well-served
02,ANCASH,0205,BOLOGNESI,020504,AQUIA,AQUIA,0001,1,INEI,3,0,154,53.896103896103895,90.25974025974025,0.0,0.0,0.0,0.0033123784897585024,0.0,0.538961038961039,0.1807578058169325,Underserved,0.0,0.0,0.0,0.0,Well-served
10,HUANUCO,1003,DOS DE MAYO,100301,LA UNION,LA UNION,0001,1,INEI,0,0,77,37.66233766233766,100.0,0.0,0.0,0.0,0.0,0.0,0.37662337662337664,0.12554112554112554,Underserved,0.0,0.0,0.0,0.0,Well-served
02,ANCASH,0202,AIJA,020205,SUCCHA,SUCCHA,0001,1,INEI,2,0,52,98.07692307692308,100.0,0.0,0.0,0.0,0.012452732517194602,0.0,0.9807692307692308,0.3310739877621418,Moderate-High,0.0,0.0,0.0,0.0,Well-served
10,HUANUCO,1011,YAROWILCA,101106,OBAS,OBAS,0001,1,INEI,5,0,167,93.41317365269461,100.0,0.0,0.0,0.0,0.01943179513334331,0.0,0.9341317365269461,0.31785451055342984,Moderate-High,0.0,0.0,0.0,0.0,Well-served
02,ANCASH,0202,AIJA,020203,HUACLLAN,HUACLLAN,0001,1,INEI,1,0,24,95.83333333333333,100.0,0.0,0.0,0.0,0.012073754965513564,0.0,0.9583333333333333,0.3234690294329489,Moderate-High,0.0,0.0,0.0,0.0,Well-served
02,ANCASH,0202,AIJA,020204,LA MERCED,LA MERCED,0001,1,INEI,2,0,101,92.07920792079207,100.0,0.0,0.0,0.0,0.006151912226679487,0.0,0.9207920792079207,0.30898133047820003,Moderate-High,0.0,0.0,0.0,0.0,Well-served
10,HUANUCO,1003,DOS DE MAYO,100307,CHUQUIS,CHUQUIS,0001,1,INEI,4,0,115,91.30434782608695,100.0,0.0,0.0,0.0,0.012727615487565885,0.0,0.9130434782608695,0.3085903645828118,Moderate-High,0.0,0.0,0.0,0.0,Well-served
10,HUANUCO,1003,DOS DE MAYO,100313,PACHAS,PACHAS,0001,1,INEI,7,0,259,84.16988416988417,100.0,0.0,0.0,0.0,0.012557660094916163,0.0,0.8416988416988417,0.2847521672645859,Moderate-High,0.0,0.0,0.0,0.0,Well-served
02,ANCASH,0201,HUARAZ,020111,PIRA,PIRA,0001,1,INEI,2,0,103,91.2621359223301,98.05825242718447,0.0,0.0,0.0,0.003689250683737019,0.0,0.912621359223301,0.30543686996901265,Moderate-High,0.0,0.0,0.0,0.0,Well-served
10,HUANUCO,1005,HUAMALIES,100508,PUNCHAO,PUNCHAO,0001,1,INEI,1,0,22,81.81818181818181,100.0,0.0,0.0,0.0,0.011915197409629435,0.0,0.8181818181818181,0.2766990051971492,Moderate-Low,0.0,0.0,0.0,0.0,Well-served
02,ANCASH,0210,HUARI,021015,SAN PEDRO DE CHANA,CHANA,0001,1,INEI,4,0,54,88.88888888888889,100.0,0.0,0.0,0.0,0.013393882780036353,0.0,0.8888888888888888,0.3007609238896417,Moderate-High,0.0,0.0,0.0,0.0,Well-served
02,ANCASH,0201,HUARAZ,020110,PARIACOTO,PARIACOTO,0001,1,INEI,3,0,51,88.23529411764706,100.0,0.0,0.0,0.0,0.008598023339189019,0.0,0.8823529411764706,0.29698365483855316,Moderate-High,0.0,0.0,0.0,0.0,Well-served
02,ANCASH,0201,HUARAZ,020105,INDEPENDENCIA,CENTENARIO,0001,1,INEI,20,1,178,99.43820224719101,100.0,52.247191011235955,98.87640449438203,34140.0,0.0279039043637275,0.012230207322433618,0.9943820224719101,0.34483871138602373,Well-served,0.003139189240919344,0.012230207322433618,0.9887640449438203,0.5963323062789627,Well-served
10,HUANUCO,1005,HUAMALIES,100506,MIRAFLORES,MIRAFLORES,0001,1,INEI,1,0,75,73.33333333333333,100.0,0.0,0.0,0.0,0.005046491213639224,0.0,0.7333333333333333,0.24612660818232415,Moderate-Low,0.0,0.0,0.0,0.0,Well-served
04,AREQUIPA,0404,CASTILLA,040409,ORCOPAMPA,ORCOPAMPA,0001,1,INEI,1,0,112,25.892857142857142,63.392857142857146,0.0,0.0,0.0,0.0006614247953242875,0.0,0.2589285714285714,0.08652999874129856,Underserved,0.0,0.0,0.0,0.0,Well-served
08,CUSCO,0808,ESPINAR,080807,SUYCKUTAMBO,SUYCKUTAMBO /5,0001,1,INEI,1,0,189,12.16931216931217,51.32275132275132,0.0,0.0,0.0,0.0007668740653071848,0.0,0.12169312169312169,0.04081999858614296,Underserved,0.0,0.0,0.0,0.0,Well-served
04,AREQUIPA,0404,CASTILLA,040404,CHACHAS,CHACHAS,0001,1,INEI,1,0,142,10.56338028169014,33.80281690140845,0.0,0.0,0.0,0.00040296249083076794,0.0,0.1056338028169014,0.03534558843591072,Underserved,0.0,0.0,0.0,0.0,Well-served
11,ICA,1103,NASCA,110305,VISTA ALEGRE,VISTA ALEGRE,0001,1,INEI,4,0,46,69.56521739130434,86.95652173913044,10.869565217391305,19.565217391304348,20301.0,0.0036142240050110533,0.007272567043137812,0.6956521739130435,0.2355129883203974,Moderate-Low,0.0,0.007272567043137812,0.1956521739130435,0.11884581775645366,Well-served
21,PUNO,2102,AZANGARO,210215,TIRAPATA,TIRAPATA,0001,1,INEI,1,0,59,23.728813559322035,94.91525423728814,0.0,0.0,0.0,0.00239321472127455,0.0,0.23728813559322035,0.07989378343816496,Underserved,0.0,0.0,0.0,0.0,Well-served
21,PUNO,2108,MELGAR,210803,CUPI,CUPI,0001,1,INEI,2,0,102,54.90196078431372,93.13725490196079,0.0,0.0,0.0,0.004437336163385886,0.0,0.5490196078431372,0.18448564800217435,Underserved,0.0,0.0,0.0,0.0,Well-served
04,AREQUIPA,0405,CAYLLOMA,040505,CAYLLOMA,CAYLLOMA,0001,1,INEI,2,0,399,12.030075187969924,42.857142857142854,0.0,0.0,0.0,0.0006399086402681326,0.0,0.12030075187969924,0.04031355350665579,Underserved,0.0,0.0,0.0,0.0,Well-served
21,PUNO,2106,HUANCANE,210602,COJATA,COJATA,0001,1,INEI,3,0,151,37.086092715231786,90.72847682119205,0.0,0.0,0.0,0.0016332252320131178,0.0,0.37086092715231783,0.12416471746144364,Underserved,0.0,0.0,0.0,0.0,Well-served
04,AREQUIPA,0408,LA UNION,040805,PAMPAMARCA,MUNGUI,0001,1,INEI,1,0,80,20.0,65.0,0.0,0.0,0.0,0.0006124632843076352,0.0,0.2,0.06687082109476922,Underserved,0.0,0.0,0.0,0.0,Well-served
11,ICA,1103,NASCA,110302,CHANGUILLO,CHANGUILLO,0001,1,INEI,4,0,34,61.76470588235294,70.58823529411765,0.0,0.0,0.0,0.002021913769213758,0.0,0.6176470588235294,0.20655632419758105,Moderate-Low,0.0,0.0,0.0,0.0,Well-served
21,PUNO,2108,MELGAR,210807,ORURILLO,ORURILLO,0001,1,INEI,4,0,166,75.3012048192771,100.0,0.0,0.0,0.0,0.0048348299681196,0.0,0.753012048192771,0.2526156260536302,Moderate-Low,0.0,0.0,0.0,0.0,Well-served
21,PUNO,2108,MELGAR,210805,MACARI,MACARI,0001,1,INEI,7,0,184,77.17391304347827,98.91304347826087,0.0,0.0,0.0,0.004866774089929359,0.0,0.7717391304347827,0.2588686348415707,Moderate-Low,0.0,0.0,0.0,0.0,Well-served
21,PUNO,2102,AZANGARO,210204,ASILLO,ASILLO,0001,1,INEI,3,0,198,58.08080808080808,99.4949494949495,0.0,0.0,0.0,0.0035701668900126244,0.0,0.5808080808080809,0.19479274923269782,Moderate-Low,0.0,0.0,0.0,0.0,Well-served
10,HUANUCO,1001,HUANUCO,100103,CHINCHAO,ACOMAYO,0001,1,INEI,4,0,105,83.80952380952381,99.04761904761905,0.0,0.0,0.0,0.002393279508427246,0.0,0.8380952380952381,0.2801628392012218,Moderate-Low,0.0,0.0,0.0,0.0,Well-served
10,HUANUCO,1008,PACHITEA,100802,CHAGLLA,CHAGLLA,0001,1,INEI,4,0,118,34.74576271186441,62.71186440677966,0.0,0.0,0.0,0.0017894154918394862,0.0,0.3474576271186441,0.11641568087016119,Underserved,0.0,0.0,0.0,0.0,Well-served
25,UCAYALI,2501,CORONEL PORTILLO,250103,IPARIA,IPARIA,0001,1,INEI,13,0,84,33.333333333333336,69.04761904761905,0.0,0.0,0.0,0.0008514181185158144,0.0,0.33333333333333337,0.11139491715061639,Underserved,0.0,0.0,0.0,0.0,Well-served
19,PASCO,1903,OXAPAMPA,190308,CONSTITUCION,CONSTITUCION,0001,1,INEI,12,0,93,69.89247311827957,91.39784946236558,0.0,0.0,1408.0,0.0018982660055812024,0.0005043975369064597,0.6989247311827956,0.2337757982417611,Moderate-Low,0.0,0.0005043975369064597,0.0,0.00010087950738129194,Well-served
10,HUANUCO,1009,PUERTO INCA,100905,YUYAPICHIS,YUYAPICHIS,0001,1,INEI,6,0,69,47.82608695652174,76.81159420289855,0.0,0.0,0.0,0.0014019298998574222,0.0,0.4782608695652174,0.1598875998216916,Underserved,0.0,0.0,0.0,0.0,Well-served
21,PUNO,2105,EL COLLAO,210501,ILAVE,ILAVE,0001,1,INEI,19,1,565,71.32743362831859,84.95575221238938,10.79646017699115,29.02654867256637,16027.0,0.010226388322030017,0.0057414625880680605,0.7132743362831859,0.24308072906442799,Moderate-Low,0.0012110196697140809,0.0057414625880680605,0.2902654867256637,0.17554978848695466,Well-served
22,SAN MARTIN,2207,PICOTA,220704,PILLUANA,PILLUANA,0001,1,INEI,1,0,13,100.0,100.0,0.0,0.0,0.0,0.0070607534508060794,0.0,1.0,0.3356869178169353,Well-served,0.0,0.0,0.0,0.0,Well-served
01,AMAZONAS,0101,CHACHAPOYAS,010103,BALSAS,BALSAS,0001,1,INEI,3,0,27,59.25925925925926,100.0,0.0,0.0,0.0,0.00454217487749518,0.0,0.5925925925925926,0.19904492249002925,Moderate-Low,0.0,0.0,0.0,0.0,Well-served
22,SAN MARTIN,2207,PICOTA,220710,TRES UNIDOS,TRES UNIDOS,0001,1,INEI,1,0,33,12.121212121212121,27.272727272727273,0.0,0.0,109.0,0.0013030005490292987,3.9047820683809736e-05,0.12121212121212122,0.04085138986061144,Underserved,0.0,3.9047820683809736e-05,0.0,7.809564136761947e-06,Well-served
14,LAMBAYEQUE,1401,CHICLAYO,140111,PICSI,PICSI,0001,1,INEI,2,0,20,100.0,100.0,10.0,100.0,0.0,0.018349943807904435,0.0,1.0,0.3394499812693015,Well-served,0.0,0.0,1.0,0.6,Well-served
14,LAMBAYEQUE,1401,CHICLAYO,140120,TUMAN,TUMAN,0001,1,INEI,2,1,35,88.57142857142857,100.0,62.857142857142854,100.0,0.0,0.0076338411534539255,0.0,0.8857142857142857,0.2977827089559132,Moderate-High,0.008588071297635667,0.0,1.0,0.6017176142595271,Well-served
22,SAN MARTIN,2207,PICOTA,220702,BUENOS AIRES,BUENOS AIRES,0001,1,INEI,5,0,61,78.68852459016394,100.0,0.0,0.0,0.0,0.007754218482195822,0.0,0.7868852459016393,0.26487982146127836,Moderate-Low,0.0,0.0,0.0,0.0,Well-served
06,CAJAMARCA,0603,CELENDIN,060304,HUASMIN,HUASMIN,0001,1,INEI,8,0,140,93.57142857142857,100.0,0.0,12.142857142857142,0.0,0.008645802938137255,0.0,0.9357142857142857,0.31478669621747435,Moderate-High,0.0,0.0,0.12142857142857143,0.07285714285714286,Well-served
14,LAMBAYEQUE,1401,CHICLAYO,140110,OYOTUN,OYOTUN,0001,1,INEI,4,0,47,85.1063829787234,100.0,0.0,0.0,0.0,0.003947599158421975,0.0,0.851063829787234,0.285003809648552,Moderate-High,0.0,0.0,0.0,0.0,Well-served
06,CAJAMARCA,0604,CHOTA,060415,QUEROCOTO,QUEROCOTO,0001,1,INEI,11,0,62,100.0,100.0,0.0,0.0,0.0,0.017705060582700986,0.0,1.0,0.3392350201942336,Well-served,0.0,0.0,0.0,0.0,Well-served
06,CAJAMARCA,0606,CUTERVO,060601,CUTERVO,CUTERVO,0001,1,INEI,59,1,195,100.0,100.0,25.641025641025642,66.66666666666667,31126.0,0.06600385290525722,0.011150481344993227,1.0,0.35905144475008344,Well-served,0.0025170960853699784,0.011150481344993227,0.6666666666666667,0.40273351548607267,Well-served
22,SAN MARTIN,2203,EL DORADO,220303,SAN MARTIN,SAN MARTIN,0001,1,INEI,5,0,45,75.55555555555556,100.0,0.0,0.0,1563.0,0.00463382344807409,0.0005599242543926112,0.7555555555555555,0.2535831010860074,Moderate-Low,0.0,0.0005599242543926112,0.0,0.00011198485087852224,Well-served
01,AMAZONAS,0105,LUYA,010515,PROVIDENCIA,PROVIDENCIA,0001,1,INEI,4,0,20,100.0,100.0,0.0,0.0,0.0,0.016543240204641835,0.0,1.0,0.3388477467348806,Well-served,0.0,0.0,0.0,0.0,Well-served
01,AMAZONAS,0105,LUYA,010504,COLCAMAR,COLCAMAR,0001,1,INEI,3,0,21,90.47619047619048,100.0,0.0,9.523809523809524,0.0,0.013428802770484893,0.0,0.9047619047619048,0.3060635691774632,Moderate-High,0.0,0.0,0.09523809523809523,0.057142857142857134,Well-served
01,AMAZONAS,0106,RODRIGUEZ DE MENDOZA,010603,COCHAMAL,COCHAMAL,0001,1,INEI,2,0,8,75.0,87.5,0.0,25.0,0.0,0.005333951739041388,0.0,0.75,0.2517779839130138,Moderate-Low,0.0,0.0,0.25,0.15,Well-served
02,ANCASH,0210,HUARI,021016,UCO,UCO,0001,1,INEI,1,0,32,100.0,100.0,0.0,0.0,0.0,0.009339435742551893,0.0,1.0,0.33644647858085064,Well-served,0.0,0.0,0.0,0.0,Well-served
10,HUANUCO,1005,HUAMALIES,100505,JIRCAN,JIRCAN,0001,1,INEI,1,0,80,83.75,92.5,0.0,0.0,0.0,0.0020301039597469925,0.0,0.8375,0.2798433679865823,Moderate-Low,0.0,0.0,0.0,0.0,Well-served
02,ANCASH,0220,YUNGAY,022003,MANCOS,MANCOS,0001,1,INEI,5,0,62,100.0,100.0,0.0,83.87096774193549,0.0,0.03830285440571946,0.0,1.0,0.3461009514685731,Well-served,0.0,0.0,0.8387096774193549,0.5032258064516129,Well-served
02,ANCASH,0220,YUNGAY,022006,RANRAHIRCA,RANRAHIRCA,0001,1,INEI,2,0,28,100.0,100.0,32.142857142857146,100.0,0.0,0.044447182425913834,0.0,1.0,0.34814906080863794,Well-served,0.0,0.0,1.0,0.6,Well-served
02,ANCASH,0210,HUARI,021006,HUACCHIS,HUACCHIS,0001,1,INEI,2,0,48,97.91666666666667,100.0,0.0,0.0,0.0,0.012567818908737247,0.0,0.9791666666666667,0.330578161858468,Moderate-High,0.0,0.0,0.0,0.0,Well-served
02,ANCASH,0203,ANTONIO RAYMONDI,020304,CHINGAS,CHINGAS,0001,1,INEI,1,0,53,100.0,100.0,0.0,0.0,0.0,0.00949733703281524,0.0,1.0,0.3364991123442717,Well-served,0.0,0.0,0.0,0.0,Well-served
19,PASCO,1901,PASCO,190113,YANACANCHA,YANACANCHA,0001,1,INEI,9,1,98,94.89795918367346,100.0,19.387755102040817,61.224489795918366,34128.0,0.027544739497552793,0.012225908479789528,0.9489795918367346,0.329583413271359,Moderate-High,0.006886184874388197,0.012225908479789528,0.6122448979591837,0.37116935744634577,Well-served
19,PASCO,1902,DANIEL ALCIDES CARRION,190208,VILCABAMBA,VILCABAMBA,0001,1,INEI,3,0,75,100.0,100.0,0.0,0.0,0.0,0.017559037261910042,0.0,1.0,0.33918634575397,Well-served,0.0,0.0,0.0,0.0,Well-served
15,LIMA,1503,CAJATAMBO,150304,HUANCAPON,HUANCAPON,0001,1,INEI,1,0,78,35.8974358974359,100.0,0.0,0.0,0.0,0.0032133447486160783,0.0,0.358974358974359,0.12072923457432501,Underserved,0.0,0.0,0.0,0.0,Well-served
19,PASCO,1902,DANIEL ALCIDES CARRION,190203,GOYLLARISQUIZGA,GOYLLARISQUIZGA,0001,1,INEI,1,0,10,100.0,100.0,0.0,0.0,0.0,0.024995334362170517,0.0,1.0,0.3416651114540568,Well-served,0.0,0.0,0.0,0.0,Well-served
06,CAJAMARCA,0608,JAEN,060812,SANTA ROSA,SANTA ROSA,0001,1,INEI,6,0,61,85.24590163934427,100.0,0.0,0.0,3988.0,0.01076424761063602,0.0014286487053856258,0.8524590163934427,0.28821730423648806,Moderate-High,0.0,0.0014286487053856258,0.0,0.00028572974107712515,Well-served
01,AMAZONAS,0105,LUYA,010514,PISUQUIA,YOMBLON,0001,1,INEI,3,0,82,76.82926829268293,100.0,0.0,0.0,0.0,0.004972306467732913,0.0,0.7682926829268293,0.25775499646485406,Moderate-Low,0.0,0.0,0.0,0.0,Well-served
22,SAN MARTIN,2205,LAMAS,220509,SHANAO,SHANAO,0001,1,INEI,1,0,20,100.0,100.0,15.0,100.0,0.0,0.019782811701938855,0.0,1.0,0.33992760390064625,Well-served,0.0,0.0,1.0,0.6,Well-served
14,LAMBAYEQUE,1403,LAMBAYEQUE,140306,MORROPE,MORROPE,0001,1,INEI,20,0,89,91.01123595505618,98.87640449438203,0.0,0.0,0.0,0.009092213321968723,0.0,0.9101123595505618,0.3064015242908435,Moderate-High,0.0,0.0,0.0,0.0,Well-served
14,LAMBAYEQUE,1402,FERREÑAFE,140205,PITIPO,PITIPO,0001,1,INEI,8,0,87,94.25287356321839,100.0,0.0,14.942528735632184,0.0,0.006981531810371084,0.0,0.9425287356321839,0.31650342248085167,Moderate-High,0.0,0.0,0.14942528735632185,0.0896551724137931,Well-served
06,CAJAMARCA,0604,CHOTA,060418,TOCMOCHE,TOCMOCHE,0001,1,INEI,1,0,42,61.904761904761905,97.61904761904762,0.0,0.0,0.0,0.002213289387025749,0.0,0.6190476190476191,0.20708696947821492,Moderate-Low,0.0,0.0,0.0,0.0,Well-served
22,SAN MARTIN,2209,SAN MARTIN,220909,LA BANDA DE SHILCAYO,LA BANDA,0001,1,INEI,7,2,34,94.11764705882354,100.0,50.0,88.23529411764706,68483.0,0.01263533683341179,0.024533136732929745,0.9411764705882354,0.32611498138485895,Moderate-High,0.008122716535764723,0.024533136732929745,0.8823529411764706,0.5359429353596212,Well-served
06,CAJAMARCA,0604,CHOTA,060416,SAN JUAN DE LICUPIS,LICUPIS,0001,1,INEI,3,0,38,94.73684210526316,100.0,0.0,0.0,0.0,0.007202072808186068,0.0,0.9473684210526316,0.31819016462027255,Moderate-High,0.0,0.0,0.0,0.0,Well-served
09,HUANCAVELICA,0905,CHURCAMPA,090507,PAUCARBAMBA,PAUCARBAMBA,0001,1,INEI,5,0,94,100.0,100.0,0.0,0.0,8436.0,0.024780242405042608,0.003022086378794669,1.0,0.34260077626127905,Well-served,0.0,0.003022086378794669,0.0,0.0006044172757589338,Well-served
09,HUANCAVELICA,0905,CHURCAMPA,090503,CHINCHIHUASI,CHINCHIHUASI,0001,1,INEI,3,0,51,84.31372549019608,100.0,0.0,0.0,2118.0,0.008959383904157077,0.0007587457266817341,0.8431372549019608,0.2842851281775999,Moderate-High,0.0,0.0007587457266817341,0.0,0.00015174914533634684,Well-served
09,HUANCAVELICA,0907,TAYACAJA,090705,COLCABAMBA,COLCABAMBA,0001,1,INEI,8,0,156,96.7948717948718,100.0,0.0,9.615384615384615,906.0,0.011905359191137558,0.00032456261962873046,0.967948717948718,0.32672621325316137,Moderate-High,0.0,0.00032456261962873046,0.09615384615384615,0.057757220216233425,Well-served
02,ANCASH,0210,HUARI,021008,HUANTAR,HUANTAR,0001,1,INEI,2,0,28,92.85714285714286,96.42857142857143,0.0,14.285714285714286,0.0,0.005962835482416408,0.0,0.9285714285714286,0.3115114213512817,Moderate-High,0.0,0.0,0.14285714285714288,0.08571428571428573,Well-served
25,UCAYALI,2502,ATALAYA,250204,YURUA,BREU,0001,1,INEI,3,0,25,32.0,56.0,0.0,0.0,0.0,0.0001602546959983514,0.0,0.32,0.1067200848986661,Underserved,0.0,0.0,0.0,0.0,Well-served
02,ANCASH,0201,HUARAZ,020102,COCHABAMBA,COCHABAMBA,0001,1,INEI,3,0,97,89.69072164948453,100.0,0.0,0.0,0.0,0.010453903330459502,0.0,0.8969072164948453,0.3024537066084349,Moderate-High,0.0,0.0,0.0,0.0,Well-served
02,ANCASH,0208,CASMA,020804,YAUTAN,YAUTAN,0001,1,INEI,3,0,90,76.66666666666667,100.0,0.0,0.0,0.0,0.003955266078947884,0.0,0.7666666666666667,0.25687397758187147,Moderate-Low,0.0,0.0,0.0,0.0,Well-served
02,ANCASH,0201,HUARAZ,020106,JANGAS,JANGAS,0001,1,INEI,1,0,45,84.44444444444444,100.0,0.0,8.88888888888889,0.0,0.007741584748307515,0.0,0.8444444444444444,0.2840620097309173,Moderate-High,0.0,0.0,0.08888888888888889,0.05333333333333334,Well-served
06,CAJAMARCA,0602,CAJABAMBA,060201,CAJABAMBA,CAJABAMBA,0001,1,INEI,5,1,78,89.74358974358974,100.0,56.41025641025641,100.0,19631.0,0.012668152417662856,0.007032548328842834,0.8974358974358974,0.3057121993941343,Moderate-High,0.0057006685879482846,0.007032548328842834,1.0,0.6025466433833582,Well-served
16,LORETO,1606,UCAYALI,160603,PADRE MARQUEZ,TIRUNTAN,0001,1,INEI,6,0,38,36.8421052631579,86.84210526315789,0.0,0.0,0.0,0.0011891709484561786,0.0,0.368421052631579,0.12320340786001172,Underserved,0.0,0.0,0.0,0.0,Well-served
15,LIMA,1510,YAUYOS,151011,COLONIA,COLONIA,0001,1,INEI,1,0,91,54.94505494505494,91.20879120879121,0.0,0.0,0.0,0.0013937316952735384,0.0,0.5494505494505494,0.18361476038194097,Underserved,0.0,0.0,0.0,0.0,Well-served
09,HUANCAVELICA,0901,HUANCAVELICA,090103,ACORIA,ACORIA,0001,1,INEI,27,0,253,99.2094861660079,100.0,0.0,0.3952569169960474,137.0,0.023989422131624104,4.907845352001774e-05,0.9920948616600791,0.33871112074840776,Well-served,0.0,4.907845352001774e-05,0.003952569169960474,0.0023813571926802877,Well-served
09,HUANCAVELICA,0905,CHURCAMPA,090510,PACHAMARCA,PACHAMARCA,0001,1,INEI,0,0,50,44.0,100.0,0.0,0.0,2192.0,0.0,0.0007852552563202838,0.44,0.14692841841877344,Underserved,0.0,0.0007852552563202838,0.0,0.00015705105126405676,Well-served
15,LIMA,1510,YAUYOS,151027,SAN PEDRO DE PILAS,SAN PEDRO DE PILAS,0001,1,INEI,0,0,15,0.0,0.0,0.0,0.0,0.0,0.0,0.0,0.0,0.0,Underserved,0.0,0.0,0.0,0.0,Well-served
09,HUANCAVELICA,0901,HUANCAVELICA,090106,HUACHOCOLPA,HUACHOCOLPA,0001,1,INEI,1,0,88,40.90909090909091,100.0,0.0,0.0,0.0,0.0014306909903464727,0.0,0.40909090909090906,0.13684053336041851,Underserved,0.0,0.0,0.0,0.0,Well-served
08,CUSCO,0804,CALCA,080404,LARES,LARES,0001,1,INEI,4,0,93,36.55913978494624,94.6236559139785,0.0,0.0,0.0,0.0026329308109754278,0.0,0.3655913978494624,0.1227414428868126,Underserved,0.0,0.0,0.0,0.0,Well-served
09,HUANCAVELICA,0904,CASTROVIRREYNA,090411,SANTA ANA,SANTA ANA,0001,1,INEI,2,0,222,24.774774774774773,57.65765765765766,0.0,0.0,16.0,0.0015010110207736998,5.73179019211886e-06,0.24774774774774774,0.08308483018623786,Underserved,0.0,5.73179019211886e-06,0.0,1.146358038423772e-06,Well-served
15,LIMA,1507,HUAROCHIRI,150705,CHICLA,CHICLA,0001,1,INEI,3,0,47,68.08510638297872,95.74468085106383,0.0,0.0,0.0,0.006159326058861051,0.0,0.6808510638297872,0.2290034632962161,Moderate-Low,0.0,0.0,0.0,0.0,Well-served
08,CUSCO,0807,CHUMBIVILCAS,080706,LLUSCO,LLUSCO,0001,1,INEI,3,0,150,63.333333333333336,90.0,0.6666666666666666,36.0,0.0,0.004589770111254367,0.0,0.6333333333333333,0.2126410344815292,Moderate-Low,0.0,0.0,0.36,0.216,Well-served
21,PUNO,2102,AZANGARO,210213,SAN JUAN DE SALINAS,SAN JUAN DE SALINAS,0001,1,INEI,1,0,75,74.66666666666667,100.0,0.0,20.0,0.0,0.00458805869362719,0.0,0.7466666666666667,0.25041824178676464,Moderate-Low,0.0,0.0,0.2,0.12,Well-served
21,PUNO,2110,SAN ANTONIO DE PUTINA,211003,PEDRO VILCA APAZA,AYRAMPUNI,0001,1,INEI,1,0,72,47.22222222222222,100.0,0.0,0.0,0.0,0.0033594863932985765,0.0,0.4722222222222222,0.1585272362051736,Underserved,0.0,0.0,0.0,0.0,Well-served
08,CUSCO,0808,ESPINAR,080804,OCORURO,OCORURO,0001,1,INEI,1,0,216,21.75925925925926,76.38888888888889,0.0,0.0,0.0,0.0013387084855319433,0.0,0.2175925925925926,0.07297710035937484,Underserved,0.0,0.0,0.0,0.0,Well-served
21,PUNO,2106,HUANCANE,210604,INCHUPALLA,INCHUPALLA,0001,1,INEI,2,0,162,46.2962962962963,93.20987654320987,0.0,0.0,0.0,0.0032307313438523755,0.0,0.46296296296296297,0.15539789810227178,Underserved,0.0,0.0,0.0,0.0,Well-served
21,PUNO,2107,LAMPA,210708,PUCARA,PUCARA,0001,1,INEI,5,0,97,61.855670103092784,96.90721649484536,0.0,0.0,0.0,0.004570177346661533,0.0,0.6185567010309279,0.20770895945919646,Moderate-Low,0.0,0.0,0.0,0.0,Well-served
08,CUSCO,0807,CHUMBIVILCAS,080704,COLQUEMARCA,COLQUEMARCA,0001,1,INEI,4,0,147,72.10884353741497,98.63945578231292,0.0,10.204081632653061,0.0,0.004261318843725462,0.0,0.7210884353741497,0.24178325140595838,Moderate-Low,0.0,0.0,0.10204081632653061,0.061224489795918366,Well-served
03,APURIMAC,0307,GRAU,030710,SANTA ROSA,SANTA ROSA,0001,1,INEI,2,0,10,100.0,100.0,0.0,0.0,0.0,0.031068275275490692,0.0,1.0,0.3436894250918302,Well-served,0.0,0.0,0.0,0.0,Well-served
08,CUSCO,0805,CANAS,080508,TUPAC AMARU,TUNGASUCA,0001,1,INEI,3,0,54,94.44444444444444,100.0,0.0,0.0,0.0,0.01253689157949939,0.0,0.9444444444444444,0.3189937786746479,Moderate-High,0.0,0.0,0.0,0.0,Well-served
21,PUNO,2108,MELGAR,210806,NUÑOA,NUÑOA,0001,1,INEI,9,0,510,28.431372549019606,71.56862745098039,0.0,0.0,0.0,0.001964452554294419,0.0,0.28431372549019607,0.09542605934816349,Underserved,0.0,0.0,0.0,0.0,Well-served
03,APURIMAC,0304,AYMARAES,030402,CAPAYA,CAPAYA,0001,1,INEI,2,0,24,66.66666666666667,100.0,0.0,0.0,0.0,0.01158859070166414,0.0,0.6666666666666667,0.2260850857894436,Moderate-Low,0.0,0.0,0.0,0.0,Well-served
03,APURIMAC,0307,GRAU,030712,VILCABAMBA,VILCABAMBA,0001,1,INEI,1,0,17,100.0,100.0,0.0,0.0,0.0,0.07329687015683692,0.0,1.0,0.3577656233856123,Well-served,0.0,0.0,0.0,0.0,Well-served
03,APURIMAC,0307,GRAU,030706,MICAELA BASTIDAS,AYRIHUANCA,0001,1,INEI,1,0,21,85.71428571428571,100.0,0.0,0.0,0.0,0.004601725946883545,0.0,0.8571428571428571,0.2872481943632469,Moderate-High,0.0,0.0,0.0,0.0,Well-served
21,PUNO,2103,CARABAYA,210302,AJOYANI,AJOYANI,0001,1,INEI,1,0,179,28.491620111731844,60.89385474860335,0.0,0.0,0.0,0.0011263375015600765,0.0,0.28491620111731847,0.09534751287295952,Underserved,0.0,0.0,0.0,0.0,Well-served
08,CUSCO,0806,CANCHIS,080606,SAN PABLO,SAN PABLO,0001,1,INEI,2,0,145,40.0,65.51724137931035,0.0,6.896551724137931,0.0,0.0018389333432246861,0.0,0.4,0.13394631111440822,Underserved,0.0,0.0,0.06896551724137931,0.041379310344827586,Well-served
03,APURIMAC,0305,COTABAMBAS,030506,CHALLHUAHUACHO,CHALLHUAHUACHO,0001,1,INEI,9,0,126,89.68253968253968,100.0,0.0,0.0,0.0,0.00956496305368813,0.0,0.8968253968253969,0.302130119959695,Moderate-High,0.0,0.0,0.0,0.0,Well-served
08,CUSCO,0802,ACOMAYO,080204,MOSOC LLACTA,MOSOC LLACTA,0001,1,INEI,1,0,21,100.0,100.0,0.0,0.0,0.0,0.010965587782472851,0.0,1.0,0.3369885292608243,Well-served,0.0,0.0,0.0,0.0,Well-served
03,APURIMAC,0302,ANDAHUAYLAS,030211,POMACOCHA,POMACOCHA,0001,1,INEI,1,0,46,50.0,95.65217391304348,0.0,0.0,0.0,0.003928526422429792,0.0,0.5,0.16797617547414326,Underserved,0.0,0.0,0.0,0.0,Well-served
09,HUANCAVELICA,0902,ACOBAMBA,090207,POMACOCHA,POMACOCHA,0001,1,INEI,3,0,30,100.0,100.0,16.666666666666668,100.0,212.0,0.026239824034350514,7.59462200455749e-05,1.0,0.34210525675146536,Well-served,0.0,7.59462200455749e-05,1.0,0.6000151892440091,Well-served
15,LIMA,1505,CAÑETE,150510,NUEVO IMPERIAL,NUEVO IMPERIAL,0001,1,INEI,6,0,42,88.0952380952381,95.23809523809524,0.0,71.42857142857143,169.0,0.009043913263554465,6.054203390425546e-05,0.880952380952381,0.2966856120832799,Moderate-High,0.0,6.054203390425546e-05,0.7142857142857143,0.4285835369782094,Well-served
15,LIMA,1505,CAÑETE,150511,PACARAN,PACARAN,0001,1,INEI,1,0,8,100.0,100.0,0.0,0.0,0.0,0.002024210627553495,0.0,1.0,0.3340080702091845,Moderate-High,0.0,0.0,0.0,0.0,Well-served
09,HUANCAVELICA,0902,ACOBAMBA,090204,CAJA,CAJA,0001,1,INEI,3,0,61,98.36065573770492,100.0,0.0,19.672131147540984,538.0,0.016664863844724483,0.00019273144520999669,0.9836065573770492,0.3334880508889945,Moderate-High,0.0,0.00019273144520999669,0.19672131147540983,0.11807133317428789,Well-served
09,HUANCAVELICA,0904,CASTROVIRREYNA,090405,CHUPAMARCA,CHUPAMARCA,0001,1,INEI,2,0,64,45.3125,70.3125,0.0,0.0,1.0,0.002638870307130623,3.5823688700742874e-07,0.453125,0.15192140951467253,Underserved,0.0,3.5823688700742874e-07,0.0,7.164737740148575e-08,Well-served
15,LIMA,1501,LIMA,150119,LURIN,LURIN,0001,1,INEI,8,0,25,96.0,100.0,8.0,48.0,0.0,0.020576122383289118,0.0,0.96,0.3268587074610963,Moderate-High,0.0,0.0,0.48,0.288,Well-served
09,HUANCAVELICA,0907,TAYACAJA,090711,PAZOS,PAZOS,0001,1,INEI,6,0,55,92.72727272727273,100.0,0.0,0.0,106.0,0.012812915659772639,3.797311002278745e-05,0.9272727272727274,0.31337453868084086,Moderate-High,0.0,3.797311002278745e-05,0.0,7.59462200455749e-06,Well-served
12,JUNIN,1201,HUANCAYO,120116,HUACRAPUQUIO,HUACRAPUQUIO,0001,1,INEI,2,0,12,100.0,100.0,0.0,0.0,0.0,0.0396732950675764,0.0,1.0,0.34655776502252544,Well-served,0.0,0.0,0.0,0.0,Well-served
11,ICA,1102,CHINCHA,110204,CHINCHA BAJA,CHINCHA BAJA,0001,1,INEI,4,0,63,100.0,100.0,6.349206349206349,60.317460317460316,0.0,0.026420601914239776,0.0,1.0,0.3421402006380799,Well-served,0.0,0.0,0.6031746031746031,0.3619047619047619,Well-served
09,HUANCAVELICA,0904,CASTROVIRREYNA,090404,CAPILLAS,CAPILLAS,0001,1,INEI,1,0,135,38.51851851851852,79.25925925925925,0.0,0.0,2.0,0.0012067211309049976,7.164737740148575e-07,0.3851851851851852,0.1287975409299547,Underserved,0.0,7.164737740148575e-07,0.0,1.432947548029715e-07,Well-served
11,ICA,1102,CHINCHA,110201,CHINCHA ALTA,CHINCHA ALTA,0001,1,INEI,4,1,14,100.0,100.0,100.0,100.0,603262.0,0.008572588713187439,0.2161107009298755,1.0,0.4082277632143543,Well-served,0.004822081151167935,0.2161107009298755,1.0,0.6441865564162087,Well-served
21,PUNO,2103,CARABAYA,210304,COASA,COASA,0001,1,INEI,6,0,147,53.06122448979592,79.59183673469387,0.0,0.0,0.0,0.0009221749198947227,0.0,0.5306122448979592,0.17717813993928463,Underserved,0.0,0.0,0.0,0.0,Well-served
09,HUANCAVELICA,0904,CASTROVIRREYNA,090406,COCAS,COCAS,0001,1,INEI,1,0,45,93.33333333333333,100.0,0.0,0.0,15.0,0.005965157199152359,5.3735533051114314e-06,0.9333333333333332,0.3131012880285969,Moderate-High,0.0,5.3735533051114314e-06,0.0,1.0747106610222864e-06,Well-served
08,CUSCO,0813,URUBAMBA,081301,URUBAMBA,URUBAMBA,0001,1,INEI,2,0,57,85.96491228070175,100.0,0.0,0.0,0.0,0.0059871334614717735,0.0,0.8596491228070176,0.2885454187561631,Moderate-High,0.0,0.0,0.0,0.0,Well-served
08,CUSCO,0804,CALCA,080401,CALCA,CALCA,0001,1,INEI,3,0,154,69.48051948051948,100.0,0.0,0.0,0.0,0.0046250527501908,0.0,0.6948051948051948,0.23314341585179518,Moderate-Low,0.0,0.0,0.0,0.0,Well-served
11,ICA,1102,CHINCHA,110206,GROCIO PRADO,SAN PEDRO,0001,1,INEI,3,0,46,58.69565217391305,95.65217391304348,17.391304347826086,43.47826086956522,0.0,0.008146663480308227,0.0,0.5869565217391305,0.19836772840647957,Moderate-Low,0.0,0.0,0.43478260869565216,0.2608695652173913,Well-served
09,HUANCAVELICA,0904,CASTROVIRREYNA,090410,SAN JUAN,SAN JUAN,0001,1,INEI,1,0,43,46.51162790697674,81.3953488372093,0.0,0.0,0.0,0.002473423292113306,0.0,0.46511627906976744,0.15586323412062691,Underserved,0.0,0.0,0.0,0.0,Well-served
09,HUANCAVELICA,0904,CASTROVIRREYNA,090409,MOLLEPAMPA,MOLLEPAMPA,0001,1,INEI,3,0,132,90.9090909090909,100.0,0.0,0.0,9.0,0.008491125680658433,3.2241319830668587e-06,0.9090909090909091,0.3058617529678502,Moderate-High,0.0,3.2241319830668587e-06,0.0,6.448263966133718e-07,Well-served
01,AMAZONAS,0105,LUYA,010501,LAMUD,LAMUD,0001,1,INEI,2,0,27,92.5925925925926,100.0,0.0,0.0,0.0,0.013181322757471695,0.0,0.9259259259259259,0.3130357495611325,Moderate-High,0.0,0.0,0.0,0.0,Well-served
06,CAJAMARCA,0606,CUTERVO,060607,QUEROCOTILLO,QUEROCOTILLO,0001,1,INEI,24,0,111,100.0,100.0,0.0,0.0,461.0,0.016800348361010818,0.00016514720491042466,1.0,0.3389884985219737,Well-served,0.0,0.00016514720491042466,0.0,3.302944098208493e-05,Well-served
06,CAJAMARCA,0604,CHOTA,060411,LLAMA,LLAMA,0001,1,INEI,9,0,112,94.64285714285714,100.0,0.0,0.0,0.0,0.008812875900016203,0.0,0.9464285714285714,0.3184138157761959,Moderate-High,0.0,0.0,0.0,0.0,Well-served
22,SAN MARTIN,2205,LAMAS,220507,RUMISAPA,RUMISAPA,0001,1,INEI,5,0,25,100.0,100.0,0.0,100.0,0.0,0.07258220391259691,0.0,1.0,0.35752740130419897,Well-served,0.0,0.0,1.0,0.6,Well-served
06,CAJAMARCA,0603,CELENDIN,060303,CORTEGANA,CHIMUCH (CORTEGANA),0001,1,INEI,4,0,70,72.85714285714286,100.0,0.0,0.0,0.0,0.007651626119365307,0.0,0.7285714285714286,0.24540768489693132,Moderate-Low,0.0,0.0,0.0,0.0,Well-served
06,CAJAMARCA,0604,CHOTA,060403,CHADIN,CHADIN,0001,1,INEI,4,0,24,95.83333333333333,100.0,0.0,0.0,0.0,0.029715987854375972,0.0,0.9583333333333333,0.3293497737292364,Moderate-High,0.0,0.0,0.0,0.0,Well-served
06,CAJAMARCA,0604,CHOTA,060404,CHIGUIRIP,CHIGUIRIP,0001,1,INEI,6,0,20,100.0,100.0,0.0,0.0,0.0,0.05995669857883794,0.0,1.0,0.3533188995262793,Well-served,0.0,0.0,0.0,0.0,Well-served
22,SAN MARTIN,2206,MARISCAL CACERES,220603,HUICUNGO,HUICUNGO,0001,1,INEI,9,0,64,35.9375,70.3125,0.0,0.0,1046.0,0.000445444859524554,0.00037471578380977047,0.359375,0.1200650535477781,Underserved,0.0,0.00037471578380977047,0.0,7.49431567619541e-05,Well-served
22,SAN MARTIN,2203,EL DORADO,220304,SANTA ROSA,SANTA ROSA,0001,1,INEI,6,0,51,96.07843137254902,100.0,0.0,0.0,0.0,0.011610815526081916,0.0,0.9607843137254902,0.324131709750524,Moderate-High,0.0,0.0,0.0,0.0,Well-served
14,LAMBAYEQUE,1403,LAMBAYEQUE,140301,LAMBAYEQUE,LAMBAYEQUE,0001,1,INEI,8,1,75,97.33333333333333,100.0,28.0,92.0,31664.0,0.011797126501380241,0.011343212790203224,0.9733333333333333,0.3321578908749723,Moderate-High,0.003317941828513193,0.011343212790203224,0.92,0.5549322309237433,Well-served
22,SAN MARTIN,2209,SAN MARTIN,220914,SHAPAJA,SHAPAJA,0001,1,INEI,2,0,21,85.71428571428571,100.0,0.0,0.0,0.0,0.00406758343328285,0.0,0.8571428571428571,0.2870701468587133,Moderate-High,0.0,0.0,0.0,0.0,Well-served
02,ANCASH,0206,CARHUAZ,020611,YUNGAR,YUNGAR,0001,1,INEI,4,0,83,100.0,100.0,0.0,0.0,0.0,0.04258590608902338,0.0,1.0,0.34752863536300777,Well-served,0.0,0.0,0.0,0.0,Well-served
10,HUANUCO,1001,HUANUCO,100110,YARUMAYO,YARUMAYO,0001,1,INEI,2,0,45,100.0,100.0,0.0,0.0,0.0,0.015647434098360037,0.0,1.0,0.33854914469945335,Well-served,0.0,0.0,0.0,0.0,Well-served
10,HUANUCO,1001,HUANUCO,100102,AMARILIS,PAUCARBAMBA,0001,1,INEI,6,2,86,94.18604651162791,100.0,40.69767441860465,97.67441860465117,372020.0,0.021722194529472653,0.13327128670450364,0.9418604651162791,0.3656179821167518,Well-served,0.01629164589710449,0.13327128670450364,0.9767441860465117,0.6159590981482286,Well-served
19,PASCO,1903,OXAPAMPA,190304,PALCAZU,ISCOZACIN,0001,1,INEI,28,0,129,89.92248062015504,100.0,0.0,0.0,203.0,0.004847361928222028,7.272208806250804e-05,0.8992248062015504,0.30138163007261165,Moderate-High,0.0,7.272208806250804e-05,0.0,1.4544417612501609e-05,Well-served
10,HUANUCO,1011,YAROWILCA,101108,CHORAS,CHORAS,0001,1,INEI,2,0,61,98.36065573770492,100.0,0.0,0.0,0.0,0.015813784121783026,0.0,0.9836065573770492,0.33314011383294406,Moderate-High,0.0,0.0,0.0,0.0,Well-served
10,HUANUCO,1011,YAROWILCA,101105,JACAS CHICO,SAN CRISTOBAL DE JACAS CHICO,0001,1,INEI,1,0,47,100.0,100.0,0.0,0.0,0.0,0.012717190141740093,0.0,1.0,0.33757239671391337,Well-served,0.0,0.0,0.0,0.0,Well-served
10,HUANUCO,1001,HUANUCO,100101,HUANUCO,HUANUCO,0001,1,INEI,10,1,77,80.51948051948052,100.0,25.974025974025974,74.02597402597402,37576.0,0.03776999450299024,0.013461109266191143,0.8051948051948052,0.28547530298799556,Moderate-High,0.008498248763172804,0.013461109266191143,0.7402597402597402,0.44854771576171687,Well-served
15,LIMA,1507,HUAROCHIRI,150727,SANTA CRUZ DE COCACHACRA,COCACHACRA,0001,1,INEI,2,0,9,100.0,100.0,0.0,0.0,0.0,0.028992155323724667,0.0,1.0,0.3429973851079082,Well-served,0.0,0.0,0.0,0.0,Well-served
12,JUNIN,1201,HUANCAYO,120130,SAN JERONIMO DE TUNAN,SAN JERONIMO DE TUNAN,0001,1,INEI,1,0,5,100.0,100.0,0.0,0.0,0.0,0.022962477776776617,0.0,1.0,0.34098749259225886,Well-served,0.0,0.0,0.0,0.0,Well-served
09,HUANCAVELICA,0903,ANGARAES,090306,CONGALLA,CONGALLA,0001,1,INEI,5,0,90,92.22222222222223,100.0,0.0,3.3333333333333335,30.0,0.011540603289043898,1.0747106610222863e-05,0.9222222222222223,0.31125785753929214,Moderate-High,0.0,1.0747106610222863e-05,0.03333333333333333,0.020002149421322044,Well-served
09,HUANCAVELICA,0903,ANGARAES,090307,HUANCA-HUANCA,HUANCA-HUANCA,0001,1,INEI,2,0,42,95.23809523809524,100.0,0.0,35.714285714285715,23.0,0.00900169954725931,8.239448401170861e-06,0.9523809523809524,0.32046363045887094,Moderate-High,0.0,8.239448401170861e-06,0.35714285714285715,0.2142873621753945,Well-served
15,LIMA,1505,CAÑETE,150508,LUNAHUANA,LUNAHUANA,0001,1,INEI,1,0,23,34.78260869565217,86.95652173913044,0.0,0.0,0.0,0.000978046496273434,0.0,0.34782608695652173,0.11626804448426505,Underserved,0.0,0.0,0.0,0.0,Well-served
09,HUANCAVELICA,0903,ANGARAES,090308,HUAYLLAY GRANDE,HUAYLLAY GRANDE,0001,1,INEI,1,0,28,100.0,100.0,0.0,64.28571428571429,2.0,0.015171271702803876,7.164737740148575e-07,1.0,0.3383906627255259,Well-served,0.0,7.164737740148575e-07,0.6428571428571429,0.3857144290090405,Well-served
15,LIMA,1510,YAUYOS,151015,HUANGASCAR,HUANGASCAR,0001,1,INEI,1,0,58,96.55172413793103,100.0,0.0,0.0,0.0,0.009645610690217953,0.0,0.9655172413793103,0.32505428402317604,Moderate-High,0.0,0.0,0.0,0.0,Well-served
09,HUANCAVELICA,0904,CASTROVIRREYNA,090401,CASTROVIRREYNA,CASTROVIRREYNA,0001,1,INEI,5,0,273,52.38095238095238,78.75457875457876,0.0,0.0,245.0,0.0026170489999269146,8.776803731682005e-05,0.5238095238095238,0.17550478028225583,Underserved,0.0,8.776803731682005e-05,0.0,1.755360746336401e-05,Well-served
15,LIMA,1505,CAÑETE,150504,CERRO AZUL,CERRO AZUL,0001,1,INEI,0,0,45,33.333333333333336,64.44444444444444,0.0,28.88888888888889,0.0,0.0,0.0,0.33333333333333337,0.11111111111111112,Underserved,0.0,0.0,0.2888888888888889,0.17333333333333334,Well-served
15,LIMA,1505,CAÑETE,150516,ZUÑIGA,ZUÑIGA,0001,1,INEI,1,0,18,83.33333333333333,100.0,0.0,0.0,0.0,0.003732768300761217,0.0,0.8333333333333333,0.2790220338780315,Moderate-Low,0.0,0.0,0.0,0.0,Well-served
09,HUANCAVELICA,0902,ACOBAMBA,090203,ANTA,ANTA,0001,1,INEI,12,0,69,100.0,100.0,1.4492753623188406,42.028985507246375,0.0,0.06309054634886357,0.0,1.0,0.3543635154496212,Well-served,0.0,0.0,0.42028985507246375,0.25217391304347825,Well-served
09,HUANCAVELICA,0902,ACOBAMBA,090201,ACOBAMBA,ACOBAMBA,0001,1,INEI,3,1,76,90.78947368421052,100.0,65.78947368421052,97.36842105263158,7133.0,0.011740214655982207,0.0025553037150239893,0.9078947368421052,0.30739675173770376,Moderate-High,0.008805160991986655,0.0025553037150239893,0.9736842105263157,0.5864826192571916,Well-served
08,CUSCO,0809,LA CONVENCION,080901,SANTA ANA,QUILLABAMBA,0001,1,INEI,6,1,107,89.7196261682243,100.0,33.64485981308411,94.39252336448598,168450.0,0.007390431852691354,0.060345003616401376,0.897196261682243,0.3216438990504452,Moderate-High,0.002771411944759258,0.060345003616401376,0.9439252336448598,0.5789784232991481,Well-served
15,LIMA,1505,CAÑETE,150512,QUILMANA,QUILMANA,0001,1,INEI,2,0,41,78.04878048780488,100.0,0.0,14.634146341463415,0.0,0.0021496177916137615,0.0,0.7804878048780488,0.2608791408898875,Moderate-Low,0.0,0.0,0.14634146341463417,0.0878048780487805,Well-served
15,LIMA,1510,YAUYOS,151019,LINCHA,LINCHA,0001,1,INEI,1,0,85,60.0,91.76470588235294,0.0,0.0,0.0,0.0022117081620926624,0.0,0.6,0.20073723605403088,Moderate-Low,0.0,0.0,0.0,0.0,Well-served
09,HUANCAVELICA,0901,HUANCAVELICA,090118,ASCENSION,ASCENSION,0001,1,INEI,2,1,89,22.471910112359552,37.07865168539326,12.359550561797754,31.46067415730337,81362.0,0.002362064347799586,0.029146869600698417,0.22471910112359553,0.08540934502403118,Underserved,0.002657322391274534,0.029146869600698417,0.3146067415730337,0.1951248833422148,Well-served
12,JUNIN,1204,JAUJA,120402,ACOLLA,ACOLLA,0001,1,INEI,7,0,25,100.0,100.0,12.0,28.0,0.0,0.028134591365223182,0.0,1.0,0.34271153045507435,Well-served,0.0,0.0,0.28,0.168,Well-served
15,LIMA,1501,LIMA,150102,ANCON,ANCON,0001,1,INEI,5,0,3,100.0,100.0,0.0,33.333333333333336,0.0,0.0077661388660098495,0.0,1.0,0.33592204628866995,Well-served,0.0,0.0,0.33333333333333337,0.2,Well-served
21,PUNO,2107,LAMPA,210703,CALAPUJA,CALAPUJA,0001,1,INEI,1,0,34,88.23529411764706,100.0,0.0,5.882352941176471,0.0,0.0034794372259164333,0.0,0.8823529411764706,0.2952774594674623,Moderate-High,0.0,0.0,0.05882352941176471,0.03529411764705882,Well-served
08,CUSCO,0810,PARURO,081001,PARURO,PARURO,0001,1,INEI,1,0,104,44.23076923076923,100.0,0.0,0.0,0.0,0.003154754557723316,0.0,0.44230769230769235,0.1484874822884719,Underserved,0.0,0.0,0.0,0.0,Well-served
09,HUANCAVELICA,0906,HUAYTARA,090602,AYAVI,AYAVI,0001,1,INEI,2,0,49,85.71428571428571,95.91836734693878,0.0,0.0,0.0,0.005370755648500862,0.0,0.8571428571428571,0.2875045375971193,Moderate-High,0.0,0.0,0.0,0.0,Well-served
21,PUNO,2103,CARABAYA,210307,ITUATA,ITUATA /16,0001,1,INEI,4,0,208,51.44230769230769,83.17307692307692,0.0,0.0,0.0,0.0015253979160862977,0.0,0.514423076923077,0.17198282494638775,Underserved,0.0,0.0,0.0,0.0,Well-served
11,ICA,1105,PISCO,110503,HUMAY,HUMAY,0001,1,INEI,4,0,60,65.0,83.33333333333333,0.0,0.0,0.0,0.0021221130855016254,0.0,0.65,0.21737403769516722,Moderate-Low,0.0,0.0,0.0,0.0,Well-served
08,CUSCO,0810,PARURO,081005,HUANOQUITE,HUANOQUITE,0001,1,INEI,1,0,148,43.24324324324324,92.56756756756756,0.0,1.3513513513513513,0.0,0.0013344541557903575,0.0,0.4324324324324324,0.14458896219607423,Underserved,0.0,0.0,0.013513513513513513,0.008108108108108107,Well-served
03,APURIMAC,0302,ANDAHUAYLAS,030201,ANDAHUAYLAS,ANDAHUAYLAS,0001,1,INEI,9,1,66,100.0,100.0,46.96969696969697,63.63636363636363,141899.0,0.02202998002321509,0.050833456029467136,1.0,0.35762114535089407,Well-served,0.0055074950058037735,0.050833456029467136,0.6363636363636364,0.39308637202523594,Well-served
03,APURIMAC,0302,ANDAHUAYLAS,030213,SAN JERONIMO,SAN JERONIMO,0001,1,INEI,8,0,66,84.84848484848484,87.87878787878788,27.272727272727273,57.57575757575758,0.0,0.015522121786956826,0.0,0.8484848484848484,0.28800232342393506,Moderate-High,0.0,0.0,0.5757575757575758,0.34545454545454546,Well-served
08,CUSCO,0812,QUISPICANCHI,081201,URCOS,URCOS,0001,1,INEI,1,0,77,61.03896103896104,100.0,0.0,0.0,0.0,0.003423759418940296,0.0,0.6103896103896104,0.20460445660285023,Moderate-Low,0.0,0.0,0.0,0.0,Well-served
03,APURIMAC,0302,ANDAHUAYLAS,030215,SANTA MARIA DE CHICMO,SANTA MARIA DE CHICMO,0001,1,INEI,8,0,69,94.20289855072464,100.0,0.0,1.4492753623188406,0.0,0.024738374255574718,0.0,0.9420289855072465,0.32225578658760706,Moderate-High,0.0,0.0,0.014492753623188406,0.008695652173913044,Well-served
08,CUSCO,0810,PARURO,081009,YAURISQUE,YAURISQUE,0001,1,INEI,1,0,63,90.47619047619048,100.0,0.0,0.0,0.0,0.004776355129504456,0.0,0.9047619047619048,0.30317941996380304,Moderate-High,0.0,0.0,0.0,0.0,Well-served
15,LIMA,1507,HUAROCHIRI,150729,SANTIAGO DE ANCHUCAYA,SANTIAGO DE ANCHUCAYA,0001,1,INEI,1,0,28,35.714285714285715,96.42857142857143,0.0,0.0,0.0,0.005091338849878538,0.0,0.35714285714285715,0.12074473199757856,Underserved,0.0,0.0,0.0,0.0,Well-served
12,JUNIN,1202,CONCEPCION,120208,MANZANARES,SAN MIGUEL,0001,1,INEI,1,0,5,100.0,100.0,0.0,0.0,0.0,0.027757293962598423,0.0,1.0,0.34258576465419943,Well-served,0.0,0.0,0.0,0.0,Well-served
15,LIMA,1507,HUAROCHIRI,150702,ANTIOQUIA,ANTIOQUIA,0001,1,INEI,2,0,44,84.0909090909091,100.0,0.0,0.0,0.0,0.002311735296900263,0.0,0.8409090909090909,0.2810736087353304,Moderate-Low,0.0,0.0,0.0,0.0,Well-served
12,JUNIN,1201,HUANCAYO,120129,SAN AGUSTIN,SAN AGUSTIN,0001,1,INEI,2,0,13,100.0,100.0,23.076923076923077,84.61538461538461,0.0,0.03683403610795396,0.0,1.0,0.345611345369318,Well-served,0.0,0.0,0.8461538461538461,0.5076923076923077,Well-served
12,JUNIN,1201,HUANCAYO,120117,HUALHUAS,HUALHUAS,0001,1,INEI,1,0,8,100.0,100.0,0.0,37.5,0.0,0.035446474979703095,0.0,1.0,0.34514882499323435,Well-served,0.0,0.0,0.375,0.22499999999999998,Well-served
12,JUNIN,1202,CONCEPCION,120213,ORCOTUNA,ORCOTUNA,0001,1,INEI,2,0,6,100.0,100.0,0.0,0.0,0.0,0.02142025865986395,0.0,1.0,0.34047341955328797,Well-served,0.0,0.0,0.0,0.0,Well-served
12,JUNIN,1202,CONCEPCION,120212,NUEVE DE JULIO,SANTO DOMINGO DEL PRADO,0001,1,INEI,1,0,8,100.0,100.0,0.0,0.0,0.0,0.07048319558547904,0.0,1.0,0.3568277318618263,Well-served,0.0,0.0,0.0,0.0,Well-served
21,PUNO,2112,SANDIA,211204,PATAMBUCO,PATAMBUCO,0001,1,INEI,4,0,54,70.37037037037037,83.33333333333333,0.0,0.0,0.0,0.004062304723177506,0.0,0.7037037037037037,0.2359220028089604,Moderate-Low,0.0,0.0,0.0,0.0,Well-served
03,APURIMAC,0307,GRAU,030707,PATAYPAMPA,PATAYPAMPA,0001,1,INEI,2,0,35,45.714285714285715,100.0,0.0,0.0,0.0,0.006587934099206144,0.0,0.45714285714285713,0.15457693041402107,Underserved,0.0,0.0,0.0,0.0,Well-served
03,APURIMAC,0304,AYMARAES,030410,POCOHUANCA,POCOHUANCA,0001,1,INEI,4,0,22,100.0,100.0,0.0,0.0,0.0,0.02203725366750671,0.0,1.0,0.34067908455583557,Well-served,0.0,0.0,0.0,0.0,Well-served
21,PUNO,2112,SANDIA,211201,SANDIA,SANDIA,0001,1,INEI,4,1,64,68.75,96.875,35.9375,76.5625,6838.0,0.0027321512598256505,0.002449623833356798,0.6875,0.23089392503106082,Moderate-Low,0.0015368350836519283,0.002449623833356798,0.765625,0.46017229178340174,Well-served
03,APURIMAC,0304,AYMARAES,030417,YANACA,YANACA,0001,1,INEI,2,0,47,97.87234042553192,100.0,0.0,0.0,0.0,0.009246355121462747,0.0,0.9787234042553191,0.32932325312559396,Moderate-High,0.0,0.0,0.0,0.0,Well-served
21,PUNO,2112,SANDIA,211207,SAN JUAN DEL ORO,SAN JUAN DEL ORO,0001,1,INEI,3,0,41,92.6829268292683,100.0,0.0,0.0,0.0,0.007111852322112222,0.0,0.926829268292683,0.3113137068715984,Moderate-High,0.0,0.0,0.0,0.0,Well-served
11,ICA,1101,ICA,110113,TATE,TATE DE LA CAPILLA,0001,1,INEI,3,0,7,100.0,100.0,0.0,71.42857142857143,0.0,0.22888487874712543,0.0,1.0,0.40962829291570846,Well-served,0.0,0.0,0.7142857142857143,0.42857142857142855,Well-served
11,ICA,1101,ICA,110111,SANTIAGO,SANTIAGO,0001,1,INEI,6,0,88,76.13636363636364,89.77272727272727,0.0,3.409090909090909,4841.0,0.0010461045076758056,0.0017342247700029626,0.7613636363636364,0.25471465521377173,Moderate-Low,0.0,0.0017342247700029626,0.03409090909090909,0.020801390408546044,Well-served
03,APURIMAC,0304,AYMARAES,030412,SAÑAYCA,SAÑAYCA,0001,1,INEI,4,0,59,57.6271186440678,84.7457627118644,0.0,0.0,0.0,0.005285243546612054,0.0,0.576271186440678,0.19385214332909667,Moderate-Low,0.0,0.0,0.0,0.0,Well-served
03,APURIMAC,0303,ANTABAMBA,030306,PACHACONAS,PACHACONAS,0001,1,INEI,3,0,57,59.64912280701754,100.0,0.0,0.0,0.0,0.006313360294998496,0.0,0.5964912280701754,0.2009348627883913,Moderate-Low,0.0,0.0,0.0,0.0,Well-served
03,APURIMAC,0304,AYMARAES,030413,SORAYA,SORAYA,0001,1,INEI,2,0,28,100.0,100.0,0.0,0.0,0.0,0.021744368237401432,0.0,1.0,0.3405814560791338,Well-served,0.0,0.0,0.0,0.0,Well-served
11,ICA,1101,ICA,110105,PACHACUTEC,PAMPA DE TATE,0001,1,INEI,1,0,26,100.0,100.0,0.0,23.076923076923077,0.0,0.011648412065911343,0.0,1.0,0.33721613735530376,Well-served,0.0,0.0,0.23076923076923075,0.13846153846153844,Well-served
08,CUSCO,0806,CANCHIS,080607,SAN PEDRO,SAN PEDRO,0001,1,INEI,1,0,33,87.87878787878788,100.0,0.0,0.0,0.0,0.008594303887904975,0.0,0.8787878787878788,0.29579406089192795,Moderate-High,0.0,0.0,0.0,0.0,Well-served
08,CUSCO,0807,CHUMBIVILCAS,080705,LIVITACA,LIVITACA,0001,1,INEI,4,0,233,61.802575107296136,98.28326180257511,0.0,0.0,0.0,0.002579101126253872,0.0,0.6180257510729613,0.20686828406640506,Moderate-Low,0.0,0.0,0.0,0.0,Well-served
03,APURIMAC,0305,COTABAMBAS,030504,HAQUIRA,HAQUIRA,0001,1,INEI,12,0,206,92.23300970873787,100.0,0.0,0.0,0.0,0.011946570659120111,0.0,0.9223300970873787,0.3114255559154996,Moderate-High,0.0,0.0,0.0,0.0,Well-served
03,APURIMAC,0302,ANDAHUAYLAS,030210,PAMPACHIRI,PAMPACHIRI,0001,1,INEI,3,0,174,48.85057471264368,93.67816091954023,0.0,0.0,0.0,0.0024514358561978367,0.0,0.4885057471264368,0.16365239432754486,Underserved,0.0,0.0,0.0,0.0,Well-served
03,APURIMAC,0303,ANTABAMBA,030302,EL ORO,AYAHUAY,0001,1,INEI,1,0,19,94.73684210526316,100.0,0.0,0.0,0.0,0.007243416366517735,0.0,0.9473684210526316,0.3182039458063831,Moderate-High,0.0,0.0,0.0,0.0,Well-served
08,CUSCO,0806,CANCHIS,080608,TINTA,TINTA,0001,1,INEI,1,0,42,97.61904761904762,100.0,0.0,0.0,0.0,0.005825620151240238,0.0,0.9761904761904762,0.3273386987805721,Moderate-High,0.0,0.0,0.0,0.0,Well-served
11,ICA,1101,ICA,110107,PUEBLO NUEVO,PUEBLO NUEVO,0001,1,INEI,5,0,28,100.0,100.0,25.0,100.0,0.0,0.07866233393571662,0.0,1.0,0.3595541113119055,Well-served,0.0,0.0,1.0,0.6,Well-served
12,JUNIN,1207,TARMA,120706,PALCA,PALCA,0001,1,INEI,7,0,70,90.0,97.14285714285714,0.0,0.0,0.0,0.012496257161636104,0.0,0.9,0.30416541905387867,Moderate-High,0.0,0.0,0.0,0.0,Well-served
15,LIMA,1506,HUARAL,150602,ATAVILLOS ALTO,PIRCA,0001,1,INEI,4,0,65,33.84615384615385,86.15384615384616,0.0,0.0,0.0,0.005592998693557019,0.0,0.3384615384615385,0.11468484571836517,Underserved,0.0,0.0,0.0,0.0,Well-served
17,MADRE DE DIOS,1703,TAHUAMANU,170302,IBERIA,IBERIA,0001,1,INEI,5,1,20,40.0,85.0,10.0,45.0,0.0,0.0009266381122888062,0.0,0.4,0.13364221270409626,Underserved,0.0004169871505299628,0.0,0.45,0.270083397430106,Well-served
08,CUSCO,0809,LA CONVENCION,080914,MEGANTONI,CAMISEA,0001,1,INEI,16,0,80,45.0,70.0,0.0,0.0,0.0,0.0007206971072747931,0.0,0.45,0.1502402323690916,Underserved,0.0,0.0,0.0,0.0,Well-served
12,JUNIN,1207,TARMA,120707,PALCAMAYO,PALCAMAYO,0001,1,INEI,7,0,72,97.22222222222223,100.0,0.0,0.0,0.0,0.020134817895924324,0.0,0.9722222222222223,0.3307856800393822,Moderate-High,0.0,0.0,0.0,0.0,Well-served
12,JUNIN,1203,CHANCHAMAYO,120306,VITOC,PUCARA,0001,1,INEI,3,0,36,100.0,100.0,0.0,0.0,0.0,0.0036835009674528823,0.0,1.0,0.33456116698915095,Well-served,0.0,0.0,0.0,0.0,Well-served
12,JUNIN,1206,SATIPO,120699,MAZAMARI - PANGOA,,0001,1,INEI,42,1,355,74.92957746478874,90.98591549295774,6.76056338028169,23.661971830985916,0.0,0.0035736820959271667,0.0,0.7492957746478873,0.2509564855812715,Moderate-Low,0.00019144725513895537,0.0,0.23661971830985917,0.1420101204369433,Well-served
15,LIMA,1506,HUARAL,150607,LAMPIAN,LAMPIAN,0001,1,INEI,2,0,39,84.61538461538461,100.0,0.0,0.0,0.0,0.006522405197702902,0.0,0.8461538461538461,0.284225417117183,Moderate-High,0.0,0.0,0.0,0.0,Well-served
15,LIMA,1508,HUAURA,150801,HUACHO,HUACHO,0001,1,INEI,4,2,27,14.814814814814815,22.22222222222222,11.11111111111111,14.814814814814815,440894.0,0.0027116833261231184,0.1579444940602533,0.14814814814814814,0.10293477517817484,Underserved,0.0030506437418885085,0.1579444940602533,0.14814814814814814,0.12108791644931724,Well-served
15,LIMA,1506,HUARAL,150606,IHUARI,IHUARI,0001,1,INEI,6,0,114,84.21052631578948,100.0,0.0,0.0,0.0,0.00610502440707077,0.0,0.8421052631578948,0.28273676252165514,Moderate-Low,0.0,0.0,0.0,0.0,Well-served
15,LIMA,1508,HUAURA,150803,CALETA DE CARQUIN,CALETA DE CARQUIN,0001,1,INEI,1,0,2,100.0,100.0,100.0,100.0,0.0,0.1463163313436454,0.0,1.0,0.38210544378121514,Well-served,0.0,0.0,1.0,0.6,Well-served
15,LIMA,1508,HUAURA,150805,HUALMAY,HUALMAY,0001,1,INEI,3,0,5,100.0,100.0,100.0,100.0,0.0,0.23886712285885048,0.0,1.0,0.4129557076196168,Well-served,0.0,0.0,1.0,0.6,Well-served
12,JUNIN,1208,YAULI,120807,SANTA BARBARA DE CARHUACAYAN,SANTA BARBARA DE CARHUACAYAN,0001,1,INEI,1,0,234,26.495726495726494,67.09401709401709,0.0,0.0,0.0,0.0007093532936004194,0.0,0.26495726495726496,0.08855553941695513,Underserved,0.0,0.0,0.0,0.0,Well-served
15,LIMA,1508,HUAURA,150810,SANTA MARIA,CRUZ BLANCA,0001,1,INEI,5,0,37,94.5945945945946,100.0,27.027027027027028,62.16216216216216,0.0,0.01779576046711627,0.0,0.9459459459459459,0.32124723547102074,Moderate-High,0.0,0.0,0.6216216216216216,0.37297297297297294,Well-served
15,LIMA,1506,HUARAL,150610,SANTA CRUZ DE ANDAMARCA,SANTA CRUZ DE ANDAMARCA,0001,1,INEI,4,0,47,53.191489361702125,93.61702127659575,0.0,0.0,0.0,0.008925576789576478,0.0,0.5319148936170213,0.18028015680219922,Underserved,0.0,0.0,0.0,0.0,Well-served
12,JUNIN,1203,CHANCHAMAYO,120305,SAN RAMON,SAN RAMON,0001,1,INEI,6,0,84,73.80952380952381,100.0,17.857142857142858,63.095238095238095,31769.0,0.004660359798333967,0.011380827663339005,0.7380952380952381,0.2513788085189704,Moderate-Low,0.0,0.011380827663339005,0.6309523809523809,0.38084759410409635,Well-served
15,LIMA,1506,HUARAL,150612,VEINTISIETE DE NOVIEMBRE,CARAC,0001,1,INEI,2,0,42,35.714285714285715,76.19047619047619,0.0,0.0,0.0,0.00466611950043875,0.0,0.35714285714285715,0.12060299221443196,Underserved,0.0,0.0,0.0,0.0,Well-served
17,MADRE DE DIOS,1701,TAMBOPATA,170101,TAMBOPATA,PUERTO MALDONADO,0001,1,INEI,16,2,70,35.714285714285715,52.857142857142854,14.285714285714286,32.857142857142854,211350.0,0.000370535405058171,0.07571336606902007,0.35714285714285715,0.14440891953897844,Underserved,0.00010421308267261059,0.07571336606902007,0.3285714285714285,0.21230637297319563,Well-served
05,AYACUCHO,0504,HUANTA,050404,IGUAIN,MACACHACRA,0001,1,INEI,3,0,34,97.05882352941177,100.0,0.0,97.05882352941177,0.0,0.023929498911423774,0.0,0.9705882352941176,0.3315059114018471,Moderate-High,0.0,0.0,0.9705882352941176,0.5823529411764705,Well-served
05,AYACUCHO,0504,HUANTA,050403,HUAMANGUILLA,HUAMANGUILLA,0001,1,INEI,3,0,44,95.45454545454545,100.0,0.0,6.818181818181818,0.0,0.015432393143739013,0.0,0.9545454545454546,0.3233259492297312,Moderate-High,0.0,0.0,0.06818181818181818,0.0409090909090909,Well-served
05,AYACUCHO,0505,LA MAR,050508,TAMBO,TAMBO,0001,1,INEI,6,0,81,83.95061728395062,100.0,0.0,28.395061728395063,0.0,0.009370369619059363,0.0,0.8395061728395062,0.2829588474861885,Moderate-High,0.0,0.0,0.28395061728395066,0.1703703703703704,Well-served
08,CUSCO,0809,LA CONVENCION,080907,KIMBIRI,KIMBIRI,0001,1,INEI,9,1,73,79.45205479452055,98.63013698630137,20.54794520547945,34.24657534246575,21646.0,0.005524121917098212,0.007754395656162803,0.7945205479452055,0.26926635517282216,Moderate-Low,0.0013810304792745533,0.007754395656162803,0.3424657534246575,0.20730653728188198,Well-served
08,CUSCO,0809,LA CONVENCION,080910,PICHARI,PICHARI,0001,1,INEI,9,0,91,75.82417582417582,98.9010989010989,12.087912087912088,39.56043956043956,3850.0,0.005343189227435964,0.0013792120149786007,0.7582417582417582,0.25498805316139095,Moderate-Low,0.0,0.0013792120149786007,0.39560439560439564,0.2376384797656331,Well-served
03,APURIMAC,0306,CHINCHEROS,030604,HUACCANA,HUACCANA,0001,1,INEI,7,0,103,90.29126213592232,100.0,0.0,6.796116504854369,0.0,0.01007489433196622,0.0,0.9029126213592232,0.30432917189706316,Moderate-High,0.0,0.0,0.06796116504854369,0.04077669902912621,Well-served
05,AYACUCHO,0505,LA MAR,050511,ORONCCOY,ORONCCOY,0001,1,INEI,1,0,36,19.444444444444443,69.44444444444444,0.0,0.0,0.0,0.0008715547321389365,0.0,0.19444444444444442,0.06510533305886111,Underserved,0.0,0.0,0.0,0.0,Well-served
05,AYACUCHO,0504,HUANTA,050407,SIVIA,SIVIA,0001,1,INEI,7,1,139,67.62589928057554,91.36690647482014,17.26618705035971,43.884892086330936,4091.0,0.003769046766264445,0.001465547104747391,0.6762589928057554,0.22716452889225572,Moderate-Low,0.0012114793177278574,0.001465547104747391,0.43884892086330934,0.2638447578024806,Well-served
05,AYACUCHO,0504,HUANTA,050406,SANTILLANA,SAN JOSE DE SECCE,0001,1,INEI,4,0,89,94.38202247191012,100.0,0.0,0.0,0.0,0.0067495069986669475,0.0,0.9438202247191012,0.31685657723925603,Moderate-High,0.0,0.0,0.0,0.0,Well-served
05,AYACUCHO,0504,HUANTA,050408,LLOCHEGUA,LLOCHEGUA,0001,1,INEI,10,0,45,86.66666666666667,95.55555555555556,0.0,15.555555555555555,0.0,0.009358293517056207,0.0,0.8666666666666667,0.29200832006124094,Moderate-High,0.0,0.0,0.15555555555555556,0.09333333333333334,Well-served
05,AYACUCHO,0505,LA MAR,050502,ANCO,CHIQUINTIRCA,0001,1,INEI,9,0,96,81.25,100.0,0.0,0.0,0.0,0.005515102142281867,0.0,0.8125,0.2726717007140939,Moderate-Low,0.0,0.0,0.0,0.0,Well-served
05,AYACUCHO,0505,LA MAR,050509,SAMUGARI,PALMAPAMPA,0001,1,INEI,4,0,30,43.333333333333336,86.66666666666667,0.0,0.0,136.0,0.005079273505281554,4.872021663301031e-05,0.43333333333333335,0.14615377568508262,Underserved,0.0,4.872021663301031e-05,0.0,9.744043326602063e-06,Well-served
05,AYACUCHO,0505,LA MAR,050504,CHILCAS,CHILCAS,0001,1,INEI,2,0,47,80.85106382978724,100.0,0.0,0.0,0.0,0.00625989917397529,0.0,0.8085106382978724,0.27159017915728256,Moderate-Low,0.0,0.0,0.0,0.0,Well-served
05,AYACUCHO,0505,LA MAR,050501,SAN MIGUEL,SAN MIGUEL,0001,1,INEI,5,1,112,83.92857142857143,100.0,36.607142857142854,70.53571428571429,150330.0,0.005351785561537342,0.05385375122382677,0.8392857142857143,0.2994970836903595,Moderate-High,0.002408303502691804,0.05385375122382677,0.7053571428571429,0.4344666966595894,Well-served
05,AYACUCHO,0505,LA MAR,050510,ANCHIHUAY,ANCHIHUAY,0001,1,INEI,2,0,36,36.111111111111114,91.66666666666667,0.0,0.0,0.0,0.003616688383299022,0.0,0.36111111111111116,0.12157593316480339,Underserved,0.0,0.0,0.0,0.0,Well-served
05,AYACUCHO,0504,HUANTA,050409,CANAYRE,CANAYRE,0001,1,INEI,2,0,18,66.66666666666667,83.33333333333333,0.0,0.0,0.0,0.0035876596717015173,0.0,0.6666666666666667,0.2234181087794561,Moderate-Low,0.0,0.0,0.0,0.0,Well-served
10,HUANUCO,1001,HUANUCO,100106,QUISQUI (KICHKI),HUANCAPALLAC,0001,1,INEI,3,0,85,83.52941176470588,100.0,0.0,0.0,0.0,0.008298610351829485,0.0,0.8352941176470589,0.28119757599962947,Moderate-Low,0.0,0.0,0.0,0.0,Well-served
19,PASCO,1903,OXAPAMPA,190303,HUANCABAMBA,HUANCABAMBA,0001,1,INEI,8,0,91,81.31868131868131,94.50549450549451,0.0,2.197802197802198,2576.0,0.003404398025302272,0.0009228182209311365,0.8131868131868132,0.2725046764776822,Moderate-Low,0.0,0.0009228182209311365,0.02197802197802198,0.013371376830999414,Well-served
19,PASCO,1903,OXAPAMPA,190305,POZUZO,POZUZO,0001,1,INEI,6,0,106,64.15094339622641,97.16981132075472,0.0,0.0,776.0,0.004043450529798219,0.0002779918243177647,0.6415094339622641,0.2152769587721267,Moderate-Low,0.0,0.0002779918243177647,0.0,5.5598364863552944e-05,Well-served
19,PASCO,1903,OXAPAMPA,190306,PUERTO BERMUDEZ,PUERTO BERMUDEZ,0001,1,INEI,23,0,180,52.77777777777778,77.77777777777777,0.0,0.0,664.0,0.0014466915537929305,0.0002378692929729327,0.5277777777777778,0.17648744620818121,Underserved,0.0,0.0002378692929729327,0.0,4.757385859458654e-05,Well-served
10,HUANUCO,1008,PACHITEA,100801,PANAO,PANAO,0001,1,INEI,9,0,176,53.97727272727273,93.75,0.0,0.0,0.0,0.00269921557996269,0.0,0.5397727272727273,0.18082398095089666,Underserved,0.0,0.0,0.0,0.0,Well-served
10,HUANUCO,1008,PACHITEA,100804,UMARI,UMARI (TAMBILLO),0001,1,INEI,4,0,77,97.40259740259741,100.0,0.0,0.0,0.0,0.0122881816030099,0.0,0.9740259740259741,0.3287713852096613,Moderate-High,0.0,0.0,0.0,0.0,Well-served
06,CAJAMARCA,0613,SANTA CRUZ,061311,YAUYUCAN,YAUYUCAN,0001,1,INEI,3,0,16,100.0,100.0,0.0,0.0,0.0,0.042763081650656926,0.0,1.0,0.34758769388355226,Well-served,0.0,0.0,0.0,0.0,Well-served
06,CAJAMARCA,0613,SANTA CRUZ,061302,ANDABAMBA,ANDABAMBA,0001,1,INEI,1,0,13,100.0,100.0,0.0,0.0,0.0,0.055760347758167156,0.0,1.0,0.35192011591938904,Well-served,0.0,0.0,0.0,0.0,Well-served
22,SAN MARTIN,2209,SAN MARTIN,220913,SAUCE,SAUCE,0001,1,INEI,2,0,50,80.0,100.0,0.0,0.0,3353.0,0.009575582457963529,0.0012011682821359087,0.8,0.27025891691336645,Moderate-Low,0.0,0.0012011682821359087,0.0,0.00024023365642718175,Well-served
06,CAJAMARCA,0613,SANTA CRUZ,061306,NINABAMBA,NINABAMBA,0001,1,INEI,4,0,18,100.0,100.0,0.0,0.0,0.0,0.03345688723890826,0.0,1.0,0.3444856290796361,Well-served,0.0,0.0,0.0,0.0,Well-served
22,SAN MARTIN,2209,SAN MARTIN,220902,ALBERTO LEVEAU,UTCURARCA,0001,1,INEI,2,0,27,100.0,100.0,0.0,0.0,0.0,0.018642697459300597,0.0,1.0,0.33954756581976686,Well-served,0.0,0.0,0.0,0.0,Well-served
01,AMAZONAS,0101,CHACHAPOYAS,010110,LEIMEBAMBA,LEIMEBAMBA,0001,1,INEI,0,0,58,50.0,86.20689655172414,0.0,0.0,0.0,0.0,0.0,0.5,0.16666666666666666,Underserved,0.0,0.0,0.0,0.0,Well-served
06,CAJAMARCA,0613,SANTA CRUZ,061307,PULAN,PULAN,0001,1,INEI,4,0,41,92.6829268292683,100.0,0.0,0.0,0.0,0.012099732972955716,0.0,0.926829268292683,0.3129763337552129,Moderate-High,0.0,0.0,0.0,0.0,Well-served
06,CAJAMARCA,0613,SANTA CRUZ,061308,SAUCEPAMPA,SAUCEPAMPA,0001,1,INEI,2,0,9,100.0,100.0,0.0,0.0,0.0,0.030773265662193225,0.0,1.0,0.3435910885540644,Well-served,0.0,0.0,0.0,0.0,Well-served
06,CAJAMARCA,0607,HUALGAYOC,060703,HUALGAYOC,HUALGAYOC,0001,1,INEI,15,0,75,100.0,100.0,0.0,25.333333333333332,0.0,0.03156621944778069,0.0,1.0,0.34385540648259355,Well-served,0.0,0.0,0.2533333333333333,0.15199999999999997,Well-served
13,LA LIBERTAD,1311,GRAN CHIMU,131102,LUCMA,LUCMA,0001,1,INEI,6,0,116,89.65517241379311,100.0,0.0,0.0,0.0,0.010043027334557563,0.0,0.896551724137931,0.3021982504908295,Moderate-High,0.0,0.0,0.0,0.0,Well-served
13,LA LIBERTAD,1311,GRAN CHIMU,131104,SAYAPULLO,SAYAPULLO,0001,1,INEI,3,0,70,88.57142857142857,100.0,0.0,0.0,0.0,0.006161693535018832,0.0,0.8857142857142857,0.29729199308310145,Moderate-High,0.0,0.0,0.0,0.0,Well-served
13,LA LIBERTAD,1309,SANCHEZ CARRION,130908,SARTIMBAMBA,SARTIMBAMBA,0001,1,INEI,4,0,136,88.23529411764706,100.0,0.0,0.0,0.0,0.004850110582841259,0.0,0.8823529411764706,0.2957343505864372,Moderate-High,0.0,0.0,0.0,0.0,Well-served
06,CAJAMARCA,0602,CAJABAMBA,060203,CONDEBAMBA,CAUDAY,0001,1,INEI,5,0,79,97.46835443037975,100.0,0.0,40.50632911392405,0.0,0.012225747072525002,0.0,0.9746835443037974,0.32896976379210746,Moderate-High,0.0,0.0,0.40506329113924056,0.24303797468354432,Well-served
13,LA LIBERTAD,1303,BOLIVAR,130303,CONDORMARCA,CONDORMARCA /12,0001,1,INEI,1,0,75,54.666666666666664,96.0,0.0,0.0,0.0,0.0014901325846539762,0.0,0.5466666666666666,0.18271893308377352,Underserved,0.0,0.0,0.0,0.0,Well-served
22,SAN MARTIN,2206,MARISCAL CACERES,220602,CAMPANILLA,CAMPANILLA,0001,1,INEI,6,0,81,59.25925925925926,95.06172839506173,0.0,0.0,216.0,0.0015998883929136806,7.737916759360461e-05,0.5925925925925926,0.1980899533843666,Moderate-Low,0.0,7.737916759360461e-05,0.0,1.5475833518720922e-05,Well-served
01,AMAZONAS,0105,LUYA,010520,SANTA CATALINA,SANTA CATALINA,0001,1,INEI,4,0,21,52.38095238095238,100.0,0.0,0.0,0.0,0.011699374707419401,0.0,0.5238095238095238,0.1785029661723144,Underserved,0.0,0.0,0.0,0.0,Well-served
01,AMAZONAS,0105,LUYA,010518,SAN JERONIMO,PACLAS,0001,1,INEI,2,0,34,79.41176470588235,100.0,0.0,0.0,0.0,0.004634236590160597,0.0,0.7941176470588235,0.26625062788299464,Moderate-Low,0.0,0.0,0.0,0.0,Well-served
01,AMAZONAS,0107,UTCUBAMBA,010705,JAMALCA,JAMALCA,0001,1,INEI,9,0,55,94.54545454545455,100.0,0.0,0.0,0.0,0.012367041612833305,0.0,0.9454545454545454,0.3192738623557929,Moderate-High,0.0,0.0,0.0,0.0,Well-served
06,CAJAMARCA,0608,JAEN,060802,BELLAVISTA,BELLAVISTA,0001,1,INEI,9,1,101,77.22772277227723,100.0,21.782178217821784,39.603960396039604,8522.0,0.004998715258960156,0.003052894751077308,0.7722772277227723,0.26010961257760323,Moderate-Low,0.001249678814740039,0.003052894751077308,0.39603960396039606,0.2384842770894011,Well-served
06,CAJAMARCA,0608,JAEN,060811,SAN JOSE DEL ALTO,SAN JOSE DEL ALTO,0001,1,INEI,14,0,55,90.9090909090909,100.0,0.0,0.0,1799.0,0.013346370576456951,0.0006444681597263643,0.9090909090909091,0.30769391594236406,Moderate-High,0.0,0.0006444681597263643,0.0,0.00012889363194527287,Well-served
06,CAJAMARCA,0609,SAN IGNACIO,060904,LA COIPA,LA COIPA,0001,1,INEI,19,0,91,100.0,100.0,0.0,0.0,348.0,0.022628545653450783,0.00012466643667858522,1.0,0.34091773736337644,Well-served,0.0,0.00012466643667858522,0.0,2.4933287335717045e-05,Well-served
21,PUNO,2107,LAMPA,210707,PARATIA,PARATIA,0001,1,INEI,2,0,125,38.4,69.6,0.0,0.0,0.0,0.0012857794198778629,0.0,0.384,0.1284285931399593,Underserved,0.0,0.0,0.0,0.0,Well-served
15,LIMA,1507,HUAROCHIRI,150720,SAN JUAN DE TANTARANCHE,SAN JUAN DE TANTARANCHE,0001,1,INEI,2,0,57,49.12280701754386,64.91228070175438,0.0,0.0,0.0,0.0069510608930977045,0.0,0.4912280701754386,0.16605971035617875,Underserved,0.0,0.0,0.0,0.0,Well-served
12,JUNIN,1202,CONCEPCION,120201,CONCEPCION,CONCEPCION,0001,1,INEI,1,0,17,100.0,100.0,0.0,0.0,29846.0,0.026471746948129652,0.01069193812962372,1.0,0.3457212283592511,Well-served,0.0,0.01069193812962372,0.0,0.002138387625924744,Well-served
15,LIMA,1507,HUAROCHIRI,150709,HUAROCHIRI,HUAROCHIRI,0001,1,INEI,2,0,70,70.0,88.57142857142857,0.0,0.0,0.0,0.0040149785218813955,0.0,0.7,0.23467165950729377,Moderate-Low,0.0,0.0,0.0,0.0,Well-served
09,HUANCAVELICA,0905,CHURCAMPA,090511,COSME,SANTA CLARA DE COSME,0001,1,INEI,3,0,44,95.45454545454545,100.0,0.0,0.0,8524.0,0.013614131053364639,0.003053611224851323,0.9545454545454546,0.3237377322745568,Moderate-High,0.0,0.003053611224851323,0.0,0.0006107222449702646,Well-served
09,HUANCAVELICA,0901,HUANCAVELICA,090104,CONAYCA,CONAYCA,0001,1,INEI,1,0,19,100.0,100.0,0.0,0.0,3.0,0.011656323756958546,1.0747106610222864e-06,1.0,0.33721913282253985,Well-served,0.0,1.0747106610222864e-06,0.0,2.1494213220445728e-07,Well-served
15,LIMA,1505,CAÑETE,150515,SANTA CRUZ DE FLORES,SANTA CRUZ DE FLORES,0001,1,INEI,1,0,25,80.0,100.0,0.0,0.0,0.0,0.0051118533933967505,0.0,0.8,0.2683706177977989,Moderate-Low,0.0,0.0,0.0,0.0,Well-served
09,HUANCAVELICA,0901,HUANCAVELICA,090108,IZCUCHACA,IZCUCHACA,0001,1,INEI,1,0,13,100.0,100.0,0.0,0.0,44.0,0.039108346804724824,1.5762423028326865e-05,1.0,0.3463747030759177,Well-served,0.0,1.5762423028326865e-05,0.0,3.152484605665373e-06,Well-served
09,HUANCAVELICA,0901,HUANCAVELICA,090113,NUEVO OCCORO,OCCORO,0001,1,INEI,2,0,157,50.955414012738856,95.54140127388536,0.0,0.0,15.0,0.0039261635051281935,5.3735533051114314e-06,0.5095541401273885,0.17116189239527393,Underserved,0.0,5.3735533051114314e-06,0.0,1.0747106610222864e-06,Well-served
09,HUANCAVELICA,0906,HUAYTARA,090604,HUAYACUNDO ARMA,HUAYACUNDO ARMA,0001,1,INEI,0,0,33,96.96969696969697,100.0,0.0,0.0,0.0,0.0,0.0,0.9696969696969697,0.3232323232323232,Moderate-High,0.0,0.0,0.0,0.0,Well-served
08,CUSCO,0801,CUSCO,080106,SANTIAGO,SANTIAGO,0001,1,INEI,8,1,43,100.0,100.0,34.883720930232556,100.0,68662.0,0.06518582216421297,0.02459726113570407,1.0,0.363261027766639,Well-served,0.018333512483684897,0.02459726113570407,1.0,0.6085861547238778,Well-served
03,APURIMAC,0302,ANDAHUAYLAS,030207,KISHUARA,KISHUARA,0001,1,INEI,7,0,67,100.0,100.0,0.0,0.0,0.0,0.010928870650470572,0.0,1.0,0.3369762902168235,Well-served,0.0,0.0,0.0,0.0,Well-served
09,HUANCAVELICA,0906,HUAYTARA,090615,SANTO DOMINGO DE CAPILLAS,SANTO DOMINGO DE CAPILLAS,0001,1,INEI,2,0,69,62.31884057971015,71.01449275362319,0.0,0.0,0.0,0.0037757287650432817,0.0,0.6231884057971014,0.20898804485404823,Moderate-Low,0.0,0.0,0.0,0.0,Well-served
08,CUSCO,0801,CUSCO,080108,WANCHAQ,WANCHAQ,0001,1,INEI,6,2,3,100.0,100.0,100.0,100.0,623289.0,0.5100193215625488,0.22328511106597326,1.0,0.5777681442095073,Well-served,0.38251449117191155,0.22328511106597326,1.0,0.7211599204475769,Well-served
09,HUANCAVELICA,0906,HUAYTARA,090601,HUAYTARA,HUAYTARA,0001,1,INEI,1,0,103,44.66019417475728,90.29126213592232,0.0,0.0,875.0,0.0012265375793005249,0.00031345727613150016,0.4466019417475728,0.14938064553433492,Underserved,0.0,0.00031345727613150016,0.0,6.269145522630003e-05,Well-served
08,CUSCO,0812,QUISPICANCHI,081210,OCONGATE,OCONGATE,0001,1,INEI,2,0,412,24.514563106796118,68.44660194174757,0.0,0.0,0.0,0.0010150323867829795,0.0,0.24514563106796117,0.08205355448491472,Underserved,0.0,0.0,0.0,0.0,Well-served
12,JUNIN,1209,CHUPACA,120909,YANACANCHA,YANACANCHA,0001,1,INEI,2,0,132,36.36363636363637,71.96969696969697,0.0,0.0,0.0,0.0012750418183892342,0.0,0.36363636363636365,0.1216371351515843,Underserved,0.0,0.0,0.0,0.0,Well-served
12,JUNIN,1209,CHUPACA,120908,TRES DE DICIEMBRE,TRES DE DICIEMBRE,0001,1,INEI,1,0,3,100.0,100.0,33.333333333333336,100.0,0.0,0.041032955295093834,0.0,1.0,0.3470109850983646,Well-served,0.0,0.0,1.0,0.6,Well-served
12,JUNIN,1201,HUANCAYO,120119,HUANCAN,HUANCAN,0001,1,INEI,4,0,11,100.0,100.0,45.45454545454545,100.0,0.0,0.15744339734582433,0.0,1.0,0.38581446578194145,Well-served,0.0,0.0,1.0,0.6,Well-served
15,LIMA,1501,LIMA,150131,SAN ISIDRO,SAN ISIDRO,0001,1,INEI,5,1,1,100.0,100.0,100.0,100.0,776740.0,0.24875112217018883,0.2782569196141502,1.0,0.5090026805947796,Well-served,0.11193800497658499,0.2782569196141502,1.0,0.6780389849181471,Well-served
15,LIMA,1501,LIMA,150120,MAGDALENA DEL MAR,MAGDALENA DEL MAR,0001,1,INEI,3,1,1,100.0,100.0,100.0,100.0,19773.0,0.44331829579704796,0.007083417966797889,1.0,0.48346723792128193,Well-served,0.33248872184778594,0.007083417966797889,1.0,0.6679144279629168,Well-served
12,JUNIN,1209,CHUPACA,120906,SAN JUAN DE ISCOS,ISCOS,0001,1,INEI,3,0,9,100.0,100.0,0.0,88.88888888888889,0.0,0.05507765762701766,0.0,1.0,0.3516925525423392,Well-served,0.0,0.0,0.8888888888888888,0.5333333333333333,Well-served
15,LIMA,1501,LIMA,150130,SAN BORJA,SAN FRANCISCO DE BORJA,0001,1,INEI,7,2,3,100.0,100.0,100.0,100.0,616800.0,0.32610119573978685,0.22096051190618204,1.0,0.5156872358819896,Well-served,0.20963648297557727,0.22096051190618204,1.0,0.6861193989763519,Well-served
15,LIMA,1501,LIMA,150116,LINCE,LINCE,0001,1,INEI,3,1,1,100.0,100.0,100.0,100.0,50886.0,0.5265603020063641,0.01822924223226002,1.0,0.5149298480795413,Well-served,0.39492022650477304,0.01822924223226002,1.0,0.6826298937474066,Well-served
15,LIMA,1501,LIMA,150140,SANTIAGO DE SURCO,SANTIAGO DE SURCO,0001,1,INEI,13,2,4,100.0,100.0,100.0,100.0,376647.0,0.18072836859861416,0.13492884878068703,1.0,0.4385524057931004,Well-served,0.06255981989952028,0.13492884878068703,1.0,0.6394977337360415,Well-served
09,HUANCAVELICA,0907,TAYACAJA,090714,SALCABAMBA,SALCABAMBA,0001,1,INEI,4,0,70,94.28571428571429,100.0,0.0,0.0,65.0,0.0101578911707992,2.328539765548287e-05,0.942857142857143,0.3176794398085325,Moderate-High,0.0,2.328539765548287e-05,0.0,4.657079531096575e-06,Well-served
15,LIMA,1510,YAUYOS,151033,VITIS,VITIS,0001,1,INEI,1,0,21,28.571428571428573,66.66666666666667,0.0,0.0,0.0,0.004619335294768239,0.0,0.28571428571428575,0.09677787366968466,Underserved,0.0,0.0,0.0,0.0,Well-served
15,LIMA,1501,LIMA,150121,PUEBLO LIBRE,PUEBLO LIBRE,0001,1,INEI,2,2,1,100.0,100.0,100.0,100.0,523501.0,0.20778097921856994,0.18753736858527595,1.0,0.46510611593461526,Well-served,0.4675072032417824,0.18753736858527595,1.0,0.7310089143654117,Well-served
07,CALLAO,0701,CALLAO,070105,LA PUNTA,LA PUNTA,0001,1,INEI,0,0,1,100.0,100.0,100.0,100.0,0.0,0.0,0.0,1.0,0.3333333333333333,Moderate-High,0.0,0.0,1.0,0.6,Well-served
22,SAN MARTIN,2201,MOYOBAMBA,220104,JEPELACIO,JEPELACIO,0001,1,INEI,11,0,59,91.52542372881356,100.0,0.0,27.11864406779661,11127.0,0.013745638832771063,0.00398610184173166,0.9152542372881356,0.3109953259875461,Moderate-High,0.0,0.00398610184173166,0.2711864406779661,0.163509084775126,Well-served
01,AMAZONAS,0106,RODRIGUEZ DE MENDOZA,010604,HUAMBO,HUAMBO,0001,1,INEI,3,0,41,100.0,100.0,21.951219512195124,85.36585365853658,0.0,0.018632255145627167,0.0,1.0,0.3395440850485424,Well-served,0.0,0.0,0.8536585365853658,0.5121951219512195,Well-served
14,LAMBAYEQUE,1403,LAMBAYEQUE,140309,PACORA,PACORA,0001,1,INEI,3,0,35,100.0,100.0,0.0,0.0,0.0,0.016212269650070926,0.0,1.0,0.3387374232166903,Well-served,0.0,0.0,0.0,0.0,Well-served
01,AMAZONAS,0101,CHACHAPOYAS,010109,LA JALCA,LA JALCA,0001,1,INEI,6,0,171,88.30409356725146,100.0,0.0,0.0,0.0,0.023311026354848125,0.0,0.8830409356725145,0.3021173206757875,Moderate-High,0.0,0.0,0.0,0.0,Well-served
01,AMAZONAS,0106,RODRIGUEZ DE MENDOZA,010605,LIMABAMBA,LIMABAMBA,0001,1,INEI,1,0,45,17.77777777777778,60.0,0.0,0.0,0.0,0.0007843905339751607,0.0,0.17777777777777778,0.05952072277058432,Underserved,0.0,0.0,0.0,0.0,Well-served
16,LORETO,1601,MAYNAS,160113,SAN JUAN BAUTISTA,SAN JUAN,0001,1,INEI,16,0,101,64.35643564356435,88.11881188118812,6.930693069306931,13.861386138613861,22801.0,0.0024130180225383456,0.008168159260656383,0.6435643564356436,0.21804851123961275,Moderate-Low,0.0,0.008168159260656383,0.13861386138613863,0.08480194868381445,Well-served
16,LORETO,1601,MAYNAS,160101,IQUITOS,IQUITOS,0001,1,INEI,13,1,19,94.73684210526316,100.0,21.05263157894737,42.10526315789474,552161.0,0.01711736694455254,0.19780443776690887,0.9473684210526316,0.38743007525469764,Well-served,0.0029626212019417857,0.19780443776690887,0.4210526315789474,0.29278499074113856,Well-served
24,TUMBES,2401,TUMBES,240104,PAMPAS DE HOSPITAL,PAMPAS DE HOSPITAL,0001,1,INEI,4,0,28,71.42857142857143,82.14285714285714,0.0,0.0,14.0,0.002638799374918276,5.015316418104002e-06,0.7142857142857143,0.23897650965901687,Moderate-Low,0.0,5.015316418104002e-06,0.0,1.0030632836208005e-06,Well-served
24,TUMBES,2402,CONTRALMIRANTE VILLAR,240201,ZORRITOS,ZORRITOS,0001,1,INEI,5,0,43,62.7906976744186,90.69767441860465,0.0,0.0,15095.0,0.003693341867443543,0.005407585809377137,0.627906976744186,0.21233596814033556,Moderate-Low,0.0,0.005407585809377137,0.0,0.0010815171618754275,Well-served
24,TUMBES,2401,TUMBES,240105,SAN JACINTO,SAN JACINTO,0001,1,INEI,6,0,31,80.64516129032258,96.7741935483871,0.0,9.67741935483871,0.0,0.004901027847074514,0.0,0.8064516129032258,0.2704508802501001,Moderate-Low,0.0,0.0,0.0967741935483871,0.058064516129032254,Well-served
01,AMAZONAS,0102,BAGUA,010206,LA PECA,LA PECA,0001,1,INEI,7,0,32,96.875,100.0,0.0,37.5,0.0,0.02440112561846372,0.0,0.96875,0.33105037520615455,Moderate-High,0.0,0.0,0.375,0.22499999999999998,Well-served
24,TUMBES,2403,ZARUMILLA,240303,MATAPALO,MATAPALO,0001,1,INEI,1,0,36,33.333333333333336,41.666666666666664,0.0,0.0,0.0,0.001227943535629325,0.0,0.33333333333333337,0.11152042562298756,Underserved,0.0,0.0,0.0,0.0,Well-served
24,TUMBES,2401,TUMBES,240103,LA CRUZ,CALETA CRUZ,0001,1,INEI,1,0,6,100.0,100.0,0.0,0.0,2228.0,0.0074219634408576405,0.0007981517842525512,1.0,0.3360733717417034,Well-served,0.0,0.0007981517842525512,0.0,0.00015963035685051026,Well-served
01,AMAZONAS,0101,CHACHAPOYAS,010118,SAN FRANCISCO DE DAGUAS,DAGUAS,0001,1,INEI,2,0,17,100.0,100.0,0.0,5.882352941176471,0.0,0.023866195242268146,0.0,1.0,0.3412887317474227,Well-served,0.0,0.0,0.05882352941176471,0.03529411764705882,Well-served
06,CAJAMARCA,0606,CUTERVO,060612,SANTO DOMINGO DE LA CAPILLA,SANTO DOMINGO DE LA CAPILLA,0001,1,INEI,12,0,38,100.0,100.0,0.0,2.6315789473684212,0.0,0.0551807961333567,0.0,1.0,0.3517269320444522,Well-served,0.0,0.0,0.026315789473684213,0.015789473684210527,Well-served
01,AMAZONAS,0106,RODRIGUEZ DE MENDOZA,010607,MARISCAL BENAVIDES,MARISCAL BENAVIDES,0001,1,INEI,1,0,22,81.81818181818181,100.0,27.272727272727273,90.9090909090909,0.0,0.0023809296982912885,0.0,0.8181818181818181,0.27352091596003647,Moderate-Low,0.0,0.0,0.9090909090909091,0.5454545454545454,Well-served
01,AMAZONAS,0101,CHACHAPOYAS,010101,CHACHAPOYAS,CHACHAPOYAS,0001,1,INEI,28,3,49,100.0,100.0,61.224489795918366,100.0,119215.0,0.08808438618687484,0.04270721048459062,1.0,0.3769305322238218,Well-served,0.021234628812907327,0.04270721048459062,1.0,0.6127883678594995,Well-served
06,CAJAMARCA,0606,CUTERVO,060605,LA RAMADA,LA RAMADA,0001,1,INEI,8,0,19,100.0,100.0,0.0,0.0,58.0,0.11140200594168032,2.077773944643087e-05,1.0,0.37047426122704225,Well-served,0.0,2.077773944643087e-05,0.0,4.155547889286174e-06,Well-served
01,AMAZONAS,0105,LUYA,010508,LONYA CHICO,LONYA CHICO,0001,1,INEI,3,0,13,92.3076923076923,100.0,0.0,15.384615384615385,0.0,0.020800805956816586,0.0,0.923076923076923,0.3146259096779132,Moderate-High,0.0,0.0,0.15384615384615385,0.09230769230769231,Well-served
22,SAN MARTIN,2205,LAMAS,220510,TABALOSOS,TABALOSOS,0001,1,INEI,4,0,65,55.38461538461539,93.84615384615384,0.0,13.846153846153847,4792.0,0.005332563895812316,0.0017166711625395987,0.5538461538461539,0.18696512963483528,Underserved,0.0,0.0017166711625395987,0.13846153846153847,0.08342025730943099,Well-served
12,JUNIN,1202,CONCEPCION,120215,SANTA ROSA DE OCOPA,SANTA ROSA,0001,1,INEI,2,0,11,100.0,100.0,0.0,0.0,0.0,0.05986720101873104,0.0,1.0,0.3532890670062437,Well-served,0.0,0.0,0.0,0.0,Well-served
15,LIMA,1501,LIMA,150139,SANTA ROSA,SANTA ROSA,0001,1,INEI,1,0,1,100.0,100.0,0.0,100.0,0.0,0.02767597505207895,0.0,1.0,0.342558658350693,Well-served,0.0,0.0,1.0,0.6,Well-served
12,JUNIN,1204,JAUJA,120404,ATAURA,ATAURA,0001,1,INEI,1,0,2,100.0,100.0,50.0,100.0,0.0,0.08668034192046147,0.0,1.0,0.3622267806401538,Well-served,0.0,0.0,1.0,0.6,Well-served
15,LIMA,1507,HUAROCHIRI,150703,CALLAHUANCA,CALLAHUANCA,0001,1,INEI,1,0,11,100.0,100.0,0.0,0.0,0.0,0.009550371094917545,0.0,1.0,0.3365167903649725,Well-served,0.0,0.0,0.0,0.0,Well-served
12,JUNIN,1204,JAUJA,120434,YAUYOS,YAUYOS,0001,1,INEI,2,0,7,100.0,100.0,100.0,100.0,0.0,0.049266757897109215,0.0,1.0,0.34975558596570305,Well-served,0.0,0.0,1.0,0.6,Well-served
12,JUNIN,1204,JAUJA,120414,LLOCLLAPAMPA,LLOCLLAPAMPA,0001,1,INEI,2,0,20,90.0,100.0,0.0,15.0,0.0,0.008840077093907257,0.0,0.9,0.30294669236463573,Moderate-High,0.0,0.0,0.15,0.09,Well-served
02,ANCASH,0203,ANTONIO RAYMONDI,020306,SAN JUAN DE RONTOY,SAN JUAN DE RONTOY,0001,1,INEI,2,0,36,94.44444444444444,100.0,0.0,0.0,0.0,0.009463693976961915,0.0,0.9444444444444444,0.31796937947380205,Moderate-High,0.0,0.0,0.0,0.0,Well-served
02,ANCASH,0210,HUARI,021003,CAJAY,CAJAY,0001,1,INEI,2,0,82,97.5609756097561,100.0,67.07317073170732,80.48780487804878,0.0,0.005830454007242767,0.0,0.975609756097561,0.3271467367016012,Moderate-High,0.0,0.0,0.8048780487804877,0.4829268292682926,Well-served
02,ANCASH,0203,ANTONIO RAYMONDI,020302,ACZO,ACZO,0001,1,INEI,3,0,41,97.5609756097561,100.0,0.0,0.0,0.0,0.021891261560630138,0.0,0.975609756097561,0.33250033921939703,Moderate-High,0.0,0.0,0.0,0.0,Well-served
10,HUANUCO,1005,HUAMALIES,100507,MONZON,MONZON,0001,1,INEI,8,0,116,67.24137931034483,88.79310344827586,0.0,0.8620689655172413,0.0,0.002751458357957153,0.0,0.6724137931034483,0.2250550838204685,Moderate-Low,0.0,0.0,0.008620689655172414,0.005172413793103448,Well-served
01,AMAZONAS,0101,CHACHAPOYAS,010112,MAGDALENA,MAGDALENA,0001,1,INEI,2,0,46,50.0,100.0,0.0,0.0,0.0,0.00712040826574874,0.0,0.5,0.1690401360885829,Underserved,0.0,0.0,0.0,0.0,Well-served
01,AMAZONAS,0105,LUYA,010507,LONGUITA,LONGUITA,0001,1,INEI,2,0,17,82.3529411764706,100.0,0.0,0.0,0.0,0.01642489439009416,0.0,0.823529411764706,0.2799847687182667,Moderate-Low,0.0,0.0,0.0,0.0,Well-served
22,SAN MARTIN,2209,SAN MARTIN,220912,SAN ANTONIO,SAN ANTONIO,0001,1,INEI,2,0,22,100.0,100.0,0.0,59.09090909090909,319.0,0.012327765586270932,0.00011427756695536977,1.0,0.3374806810510754,Well-served,0.0,0.00011427756695536977,0.5909090909090909,0.35456831005884565,Well-served
06,CAJAMARCA,0604,CHOTA,060405,CHIMBAN,CHIMBAN,0001,1,INEI,4,0,36,83.33333333333333,100.0,0.0,0.0,0.0,0.013244812555841307,0.0,0.8333333333333333,0.2821927152963915,Moderate-Low,0.0,0.0,0.0,0.0,Well-served
06,CAJAMARCA,0604,CHOTA,060412,MIRACOSTA,MIRACOSTA,0001,1,INEI,6,0,75,81.33333333333333,100.0,0.0,0.0,0.0,0.006841608685159105,0.0,0.8133333333333332,0.27339164733949745,Moderate-Low,0.0,0.0,0.0,0.0,Well-served
06,CAJAMARCA,0606,CUTERVO,060610,SAN LUIS DE LUCMA,SAN LUIS DE LUCMA,0001,1,INEI,5,0,27,100.0,100.0,0.0,0.0,0.0,0.023465133636962066,0.0,1.0,0.341155044545654,Well-served,0.0,0.0,0.0,0.0,Well-served
06,CAJAMARCA,0606,CUTERVO,060614,SOCOTA,SOCOTA,0001,1,INEI,16,0,54,100.0,100.0,0.0,0.0,0.0,0.049816862004795084,0.0,1.0,0.34993895400159836,Well-served,0.0,0.0,0.0,0.0,Well-served
01,AMAZONAS,0105,LUYA,010506,INGUILPATA,INGUILPATA,0001,1,INEI,2,0,28,100.0,100.0,0.0,28.571428571428573,0.0,0.00813129085094367,0.0,1.0,0.3360437636169812,Well-served,0.0,0.0,0.28571428571428575,0.17142857142857146,Well-served
01,AMAZONAS,0101,CHACHAPOYAS,010108,HUANCAS,HUANCAS,0001,1,INEI,2,0,8,100.0,100.0,0.0,100.0,0.0,0.020859388782379085,0.0,1.0,0.3402864629274597,Well-served,0.0,0.0,1.0,0.6,Well-served
22,SAN MARTIN,2209,SAN MARTIN,220911,PAPAPLAYA,PAPAPLAYA,0001,1,INEI,5,0,24,95.83333333333333,100.0,0.0,0.0,2279.0,0.002437950758738904,0.0008164218654899302,0.9583333333333333,0.32052923531918737,Moderate-High,0.0,0.0008164218654899302,0.0,0.00016328437309798605,Well-served
01,AMAZONAS,0106,RODRIGUEZ DE MENDOZA,010612,VISTA ALEGRE,VISTA ALEGRE,0001,1,INEI,1,0,17,11.764705882352942,41.1764705882353,0.0,0.0,0.0,0.0005598473319460915,0.0,0.11764705882352942,0.03940230205182517,Underserved,0.0,0.0,0.0,0.0,Well-served
22,SAN MARTIN,2205,LAMAS,220506,PINTO RECODO,PINTO RECODO,0001,1,INEI,8,0,48,83.33333333333333,95.83333333333333,0.0,8.333333333333334,0.0,0.0069062632993811155,0.0,0.8333333333333333,0.2800798655442381,Moderate-Low,0.0,0.0,0.08333333333333334,0.05,Well-served
14,LAMBAYEQUE,1403,LAMBAYEQUE,140307,MOTUPE,MOTUPE,0001,1,INEI,5,0,90,76.66666666666667,100.0,0.0,0.0,0.0,0.004315343167025629,0.0,0.7666666666666667,0.2569940032778974,Moderate-Low,0.0,0.0,0.0,0.0,Well-served
06,CAJAMARCA,0606,CUTERVO,060613,SANTO TOMAS,SANTO TOMAS,0001,1,INEI,11,0,53,100.0,100.0,0.0,0.0,0.0,0.023261255682336515,0.0,1.0,0.34108708522744546,Well-served,0.0,0.0,0.0,0.0,Well-served
01,AMAZONAS,0101,CHACHAPOYAS,010105,CHILIQUIN,CHILIQUIN,0001,1,INEI,3,0,48,75.0,100.0,0.0,0.0,0.0,0.010209780044705392,0.0,0.75,0.2534032600149018,Moderate-Low,0.0,0.0,0.0,0.0,Well-served
01,AMAZONAS,0103,BONGARA,010303,CHURUJA,CHURUJA,0001,1,INEI,1,0,17,94.11764705882354,100.0,0.0,0.0,0.0,0.015146640103864102,0.0,0.9411764705882354,0.31877437023069977,Moderate-High,0.0,0.0,0.0,0.0,Well-served
22,SAN MARTIN,2208,RIOJA,220801,RIOJA,RIOJA,0001,1,INEI,7,1,30,100.0,100.0,23.333333333333332,90.0,117436.0,0.01615685381746669,0.042069907062604404,1.0,0.3527422536266903,Well-served,0.00519327444132858,0.042069907062604404,0.9,0.5494526363007867,Well-served
14,LAMBAYEQUE,1402,FERREÑAFE,140202,CAÑARIS,CAÑARIS,0001,1,INEI,7,0,136,97.05882352941177,100.0,0.0,0.0,0.0,0.011632657178400342,0.0,0.9705882352941176,0.327406964157506,Moderate-High,0.0,0.0,0.0,0.0,Well-served
06,CAJAMARCA,0606,CUTERVO,060606,PIMPINGOS,PIMPINGOS,0001,1,INEI,9,0,53,100.0,100.0,0.0,0.0,0.0,0.025592372326896335,0.0,1.0,0.34186412410896544,Well-served,0.0,0.0,0.0,0.0,Well-served
22,SAN MARTIN,2201,MOYOBAMBA,220102,CALZADA,CALZADA,0001,1,INEI,2,0,8,75.0,100.0,12.5,37.5,8618.0,0.008325145947817079,0.003087285492230021,0.75,0.25380414381334904,Moderate-Low,0.0,0.003087285492230021,0.375,0.225617457098446,Well-served
22,SAN MARTIN,2208,RIOJA,220803,ELIAS SOPLIN VARGAS,SEGUNDA JERUSALEN-AZUNGUILLO,0001,1,INEI,6,0,14,100.0,100.0,0.0,7.142857142857143,15077.0,0.017086394176919116,0.005401137545411003,1.0,0.34082917724077666,Well-served,0.0,0.005401137545411003,0.07142857142857144,0.04393737036622507,Well-served
22,SAN MARTIN,2205,LAMAS,220504,CAYNARACHI,PONGO DE CAYNARACHI,0001,1,INEI,8,0,35,85.71428571428571,100.0,0.0,0.0,3696.0,0.003036678123293072,0.0013240435343794567,0.8571428571428571,0.28716785960017654,Moderate-High,0.0,0.0013240435343794567,0.0,0.0002648087068758914,Well-served
01,AMAZONAS,0107,UTCUBAMBA,010706,LONYA GRANDE,LONYA GRANDE,0001,1,INEI,9,0,90,95.55555555555556,100.0,0.0,0.0,0.0,0.011892633006643128,0.0,0.9555555555555556,0.3224827295207329,Moderate-High,0.0,0.0,0.0,0.0,Well-served
01,AMAZONAS,0103,BONGARA,010309,SAN CARLOS,SAN CARLOS,0001,1,INEI,0,0,32,75.0,100.0,0.0,0.0,0.0,0.0,0.0,0.75,0.25,Moderate-Low,0.0,0.0,0.0,0.0,Well-served
16,LORETO,1605,REQUENA,160502,ALTO TAPICHE,SANTA ELENA,0001,1,INEI,3,0,30,20.0,33.333333333333336,0.0,0.0,0.0,0.0001597603226984911,0.0,0.2,0.06671992010756617,Underserved,0.0,0.0,0.0,0.0,Well-served
01,AMAZONAS,0101,CHACHAPOYAS,010102,ASUNCION,ASUNCION,0001,1,INEI,1,0,18,94.44444444444444,100.0,0.0,0.0,0.0,0.013825169082961228,0.0,0.9444444444444444,0.3194232045091352,Moderate-High,0.0,0.0,0.0,0.0,Well-served
01,AMAZONAS,0101,CHACHAPOYAS,010116,OLLEROS,OLLEROS,0001,1,INEI,1,0,15,73.33333333333333,100.0,0.0,0.0,0.0,0.004515194494275851,0.0,0.7333333333333333,0.2459495092758697,Moderate-Low,0.0,0.0,0.0,0.0,Well-served
22,SAN MARTIN,2208,RIOJA,220806,POSIC,POSIC,0001,1,INEI,1,0,7,100.0,100.0,42.857142857142854,85.71428571428571,4.0,0.009175615373860363,1.432947548029715e-06,1.0,0.3363923494404694,Well-served,0.0,1.432947548029715e-06,0.8571428571428571,0.5142860008752238,Well-served
01,AMAZONAS,0107,UTCUBAMBA,010707,YAMON,YAMON,0001,1,INEI,6,0,45,93.33333333333333,100.0,0.0,0.0,0.0,0.02122443964912115,0.0,0.9333333333333332,0.31818592432748477,Moderate-High,0.0,0.0,0.0,0.0,Well-served
01,AMAZONAS,0104,CONDORCANQUI,010401,NIEVA,SANTA MARIA DE NIEVA,0001,1,INEI,21,1,184,53.80434782608695,89.67391304347827,9.782608695652174,19.565217391304348,8307.0,0.0024186545611375866,0.0029758738203707106,0.5380434782608695,0.1811460022141259,Underserved,0.00025914156012188426,0.0029758738203707106,0.1956521739130435,0.11803830742392461,Well-served
16,LORETO,1607,DATEM DEL MARAÑON,160703,MANSERICHE,SARAMIRIZA,0001,1,INEI,9,0,57,45.6140350877193,84.21052631578948,0.0,0.0,0.0,0.001216596691463851,0.0,0.456140350877193,0.15245231585621893,Underserved,0.0,0.0,0.0,0.0,Well-served
16,LORETO,1604,MARISCAL RAMON CASTILLA,160403,YAVARI,AMELIA /14,0001,1,INEI,6,0,107,26.16822429906542,51.401869158878505,0.0,0.0,0.0,0.00020150409346809115,0.0,0.26168224299065423,0.0872945823613741,Underserved,0.0,0.0,0.0,0.0,Well-served
16,LORETO,1603,LORETO,160302,PARINARI,PARINARI,0001,1,INEI,3,0,51,37.254901960784316,86.27450980392157,0.0,0.0,0.0,0.00010957605398361694,0.0,0.37254901960784315,0.1242195318872756,Underserved,0.0,0.0,0.0,0.0,Well-served
01,AMAZONAS,0105,LUYA,010517,SAN FRANCISCO DEL YESO,SAN FRANCISCO DEL YESO,0001,1,INEI,3,0,65,70.76923076923077,100.0,0.0,0.0,0.0,0.007952882519830274,0.0,0.7076923076923077,0.23854839673737932,Moderate-Low,0.0,0.0,0.0,0.0,Well-served
22,SAN MARTIN,2201,MOYOBAMBA,220101,MOYOBAMBA,MOYOBAMBA,0001,1,INEI,21,1,131,89.31297709923665,97.70992366412214,7.633587786259542,19.083969465648856,316522.0,0.0037556514342113943,0.11338985594936536,0.8931297709923665,0.33675842612531437,Well-served,0.000402391225094078,0.11338985594936536,0.19083969465648856,0.137262266228785,Well-served
16,LORETO,1607,DATEM DEL MARAÑON,160701,BARRANCA,SAN LORENZO,0001,1,INEI,9,0,88,42.04545454545455,79.54545454545455,0.0,0.0,0.0,0.0005876575515365086,0.0,0.42045454545454547,0.1403474010020273,Underserved,0.0,0.0,0.0,0.0,Well-served
01,AMAZONAS,0107,UTCUBAMBA,010703,CUMBA,CUMBA,0001,1,INEI,9,0,67,97.01492537313433,100.0,0.0,0.0,0.0,0.014366742663168923,0.0,0.9701492537313433,0.3281719987981707,Moderate-High,0.0,0.0,0.0,0.0,Well-served
20,PIURA,2008,SECHURA,200804,CRISTO NOS VALGA,SAN CRISTO,0001,1,INEI,2,0,14,57.142857142857146,100.0,0.0,0.0,0.0,0.003635745029303126,0.0,0.5714285714285715,0.19168810548595822,Moderate-Low,0.0,0.0,0.0,0.0,Well-served
20,PIURA,2008,SECHURA,200806,RINCONADA LLICUAR,DOS PUEBLOS,0001,1,INEI,1,0,13,100.0,100.0,0.0,0.0,0.0,0.024072845098801022,0.0,1.0,0.34135761503293366,Well-served,0.0,0.0,0.0,0.0,Well-served
20,PIURA,2003,HUANCABAMBA,200304,HUARMACA,HUARMACA,0001,1,INEI,21,0,425,78.3529411764706,98.82352941176471,0.0,0.0,0.0,0.005192334576419396,0.0,0.7835294117647059,0.2629072487803751,Moderate-Low,0.0,0.0,0.0,0.0,Well-served
20,PIURA,2008,SECHURA,200803,BERNAL,BERNAL,0001,1,INEI,1,0,18,83.33333333333333,100.0,0.0,0.0,0.0,0.006720106643403255,0.0,0.8333333333333333,0.28001781332557885,Moderate-Low,0.0,0.0,0.0,0.0,Well-served
20,PIURA,2008,SECHURA,200802,BELLAVISTA DE LA UNION,BELLAVISTA,0001,1,INEI,2,0,10,100.0,100.0,0.0,0.0,0.0,0.06945246757651852,0.0,1.0,0.35648415585883947,Well-served,0.0,0.0,0.0,0.0,Well-served
20,PIURA,2001,PIURA,200108,EL TALLAN,SINCHAO,0001,1,INEI,2,0,20,100.0,100.0,0.0,0.0,0.0,0.009552230743240986,0.0,1.0,0.33651741024774695,Well-served,0.0,0.0,0.0,0.0,Well-served
20,PIURA,2008,SECHURA,200805,VICE,VICE,0001,1,INEI,5,0,16,81.25,87.5,0.0,0.0,0.0,0.009229985711495114,0.0,0.8125,0.273909995237165,Moderate-Low,0.0,0.0,0.0,0.0,Well-served
20,PIURA,2003,HUANCABAMBA,200306,SAN MIGUEL DE EL FAIQUE,SAN MIGUEL DE EL FAIQUE,0001,1,INEI,9,0,52,100.0,100.0,0.0,0.0,0.0,0.020800426945951026,0.0,1.0,0.34026680898198364,Well-served,0.0,0.0,0.0,0.0,Well-served
20,PIURA,2001,PIURA,200107,CURA MORI,CUCUNGARA,0001,1,INEI,4,0,23,95.65217391304348,100.0,0.0,0.0,0.0,0.008874112043216736,0.0,0.9565217391304348,0.3217986170578838,Moderate-High,0.0,0.0,0.0,0.0,Well-served
20,PIURA,2003,HUANCABAMBA,200308,SONDORILLO,SONDORILLO,0001,1,INEI,7,0,54,96.29629629629629,100.0,0.0,0.0,0.0,0.014653234128154967,0.0,0.9629629629629629,0.3258720656970393,Moderate-High,0.0,0.0,0.0,0.0,Well-served
20,PIURA,2004,MORROPON,200406,SALITRAL,SALITRAL,0001,1,INEI,4,0,26,84.61538461538461,100.0,0.0,0.0,0.0,0.0031518388177818883,0.0,0.8461538461538461,0.28310189499054267,Moderate-High,0.0,0.0,0.0,0.0,Well-served
20,PIURA,2003,HUANCABAMBA,200307,SONDOR,SONDOR,0001,1,INEI,4,0,49,93.87755102040816,100.0,0.0,0.0,0.0,0.005638506848958225,0.0,0.9387755102040817,0.3148046723510133,Moderate-High,0.0,0.0,0.0,0.0,Well-served
20,PIURA,2001,PIURA,200110,LA UNION,LA UNION,0001,1,INEI,6,0,29,100.0,100.0,0.0,0.0,8739.0,0.009008856615909269,0.00313063215555792,1.0,0.33737982959048907,Well-served,0.0,0.00313063215555792,0.0,0.000626126431111584,Well-served
20,PIURA,2001,PIURA,200109,LA ARENA,LA ARENA,0001,1,INEI,8,0,46,100.0,100.0,0.0,0.0,0.0,0.022518750575329975,0.0,1.0,0.34083958352510996,Well-served,0.0,0.0,0.0,0.0,Well-served
02,ANCASH,0201,HUARAZ,020112,TARICA,TARICA,0001,1,INEI,2,0,46,84.78260869565217,100.0,0.0,15.217391304347826,0.0,0.008230235244109702,0.0,0.8478260869565217,0.28535210740021044,Moderate-High,0.0,0.0,0.15217391304347827,0.09130434782608696,Well-served
14,LAMBAYEQUE,1401,CHICLAYO,140112,PIMENTEL,PIMENTEL,0001,1,INEI,4,1,49,100.0,100.0,85.71428571428571,100.0,376123.0,0.028796546251659956,0.13474113265189513,1.0,0.38784589296785166,Well-served,0.016198057266558725,0.13474113265189513,1.0,0.6301878379836907,Well-served
22,SAN MARTIN,2202,BELLAVISTA,220205,SAN PABLO,SAN PABLO,0001,1,INEI,6,0,84,91.66666666666667,100.0,0.0,0.0,458.0,0.00832186310900101,0.00016407249424940236,0.9166666666666667,0.308384200756639,Moderate-High,0.0,0.00016407249424940236,0.0,3.281449884988047e-05,Well-served
16,LORETO,1606,UCAYALI,160606,VARGAS GUERRA,ORELLANA,0001,1,INEI,1,0,32,18.75,50.0,0.0,0.0,0.0,0.000254428915297236,0.0,0.1875,0.06258480963843241,Underserved,0.0,0.0,0.0,0.0,Well-served
14,LAMBAYEQUE,1401,CHICLAYO,140105,JOSE LEONARDO ORTIZ,SAN CARLOS,0001,1,INEI,7,0,8,100.0,100.0,87.5,100.0,1108.0,0.11464628078167582,0.0003969264708042311,1.0,0.37168106908416,Well-served,0.0,0.0003969264708042311,1.0,0.6000793852941608,Well-served
02,ANCASH,0208,CASMA,020803,COMANDANTE NOEL,PUERTO CASMA,0001,1,INEI,2,0,22,95.45454545454545,95.45454545454545,13.636363636363637,81.81818181818181,0.0,0.004429585454828291,0.0,0.9545454545454546,0.31965834666676096,Moderate-High,0.0,0.0,0.8181818181818181,0.49090909090909085,Well-served
02,ANCASH,0206,CARHUAZ,020607,PARIAHUANCA,PARIAHUANCA,0001,1,INEI,0,0,25,100.0,100.0,0.0,0.0,0.0,0.0,0.0,1.0,0.3333333333333333,Moderate-High,0.0,0.0,0.0,0.0,Well-served
02,ANCASH,0210,HUARI,021007,HUACHIS,HUACHIS,0001,1,INEI,2,0,78,94.87179487179488,100.0,0.0,15.384615384615385,0.0,0.0063438108999012656,0.0,0.9487179487179488,0.31835391987261663,Moderate-High,0.0,0.0,0.15384615384615385,0.09230769230769231,Well-served
02,ANCASH,0210,HUARI,021012,RAHUAPAMPA,RAHUAPAMPA,0001,1,INEI,1,0,13,100.0,100.0,0.0,15.384615384615385,0.0,0.05052541159013086,0.0,1.0,0.3501751371967103,Well-served,0.0,0.0,0.15384615384615385,0.09230769230769231,Well-served
02,ANCASH,0206,CARHUAZ,020604,ANTA,ANTA,0001,1,INEI,0,0,90,100.0,100.0,0.0,58.888888888888886,0.0,0.0,0.0,1.0,0.3333333333333333,Moderate-High,0.0,0.0,0.5888888888888889,0.35333333333333333,Well-served
02,ANCASH,0206,CARHUAZ,020608,SAN MIGUEL DE ACO,ACO,0001,1,INEI,0,0,31,48.38709677419355,96.7741935483871,0.0,0.0,0.0,0.0,0.0,0.4838709677419355,0.16129032258064516,Underserved,0.0,0.0,0.0,0.0,Well-served
02,ANCASH,0210,HUARI,021009,MASIN,MASIN,0001,1,INEI,2,0,61,100.0,100.0,4.918032786885246,77.04918032786885,0.0,0.012824625068301683,0.0,1.0,0.33760820835610056,Well-served,0.0,0.0,0.7704918032786885,0.4622950819672131,Well-served
02,ANCASH,0210,HUARI,021011,PONTO,PONTO,0001,1,INEI,4,0,57,94.73684210526316,100.0,0.0,0.0,0.0,0.01621620663614111,0.0,0.9473684210526316,0.32119487589625756,Moderate-High,0.0,0.0,0.0,0.0,Well-served
10,HUANUCO,1005,HUAMALIES,100511,TANTAMAYO,TANTAMAYO,0001,1,INEI,2,0,100,71.0,90.0,0.0,0.0,0.0,0.003442623037705985,0.0,0.71,0.2378142076792353,Moderate-Low,0.0,0.0,0.0,0.0,Well-served
02,ANCASH,0206,CARHUAZ,020602,ACOPAMPA,ACOPAMPA,0001,1,INEI,1,0,35,100.0,100.0,80.0,100.0,0.0,0.03307736890222663,0.0,1.0,0.34435912296740884,Well-served,0.0,0.0,1.0,0.6,Well-served
10,HUANUCO,1005,HUAMALIES,100510,SINGA,SINGA,0001,1,INEI,4,0,59,94.91525423728814,100.0,0.0,0.0,0.0,0.011963241676395954,0.0,0.9491525423728814,0.3203719280164257,Moderate-High,0.0,0.0,0.0,0.0,Well-served
02,ANCASH,0208,CASMA,020802,BUENA VISTA ALTA,BUENA VISTA ALTA,0001,1,INEI,3,0,48,87.5,100.0,0.0,16.666666666666668,0.0,0.003006951543511246,0.0,0.875,0.29266898384783707,Moderate-High,0.0,0.0,0.16666666666666669,0.1,Well-served
02,ANCASH,0210,HUARI,021005,HUACACHI,HUACACHI,0001,1,INEI,1,0,48,93.75,100.0,0.0,0.0,0.0,0.005429566729252439,0.0,0.9375,0.3143098555764175,Moderate-High,0.0,0.0,0.0,0.0,Well-served
02,ANCASH,0206,CARHUAZ,020610,TINCO,TINCO,0001,1,INEI,1,0,29,100.0,100.0,100.0,100.0,0.0,0.030597754758547365,0.0,1.0,0.34353258491951577,Well-served,0.0,0.0,1.0,0.6,Well-served
02,ANCASH,0206,CARHUAZ,020606,MARCARA,MARCARA,0001,1,INEI,1,0,100,65.0,98.0,1.0,59.0,392.0,0.002724009597162903,0.00014042885970691208,0.65,0.21762147948562327,Moderate-Low,0.0,0.00014042885970691208,0.59,0.35402808577194134,Well-served
02,ANCASH,0206,CARHUAZ,020605,ATAQUERO,CARHUAC,0001,1,INEI,1,0,54,85.18518518518519,100.0,20.37037037037037,85.18518518518519,0.0,0.01039447348915535,0.0,0.8518518518518519,0.28741544178033573,Moderate-High,0.0,0.0,0.8518518518518519,0.5111111111111111,Well-served
10,HUANUCO,1004,HUACAYBAMBA,100404,PINRA,PINRA,0001,1,INEI,3,0,63,82.53968253968254,96.82539682539682,0.0,0.0,0.0,0.005066692789917093,0.0,0.8253968253968255,0.27682117272891416,Moderate-Low,0.0,0.0,0.0,0.0,Well-served
10,HUANUCO,1004,HUACAYBAMBA,100401,HUACAYBAMBA,HUACAYBAMBA,0001,1,INEI,2,0,129,81.3953488372093,98.44961240310077,0.0,0.0,0.0,0.0017475111301345134,0.0,0.813953488372093,0.27190033316740914,Moderate-Low,0.0,0.0,0.0,0.0,Well-served
02,ANCASH,0212,HUAYLAS,021208,SANTA CRUZ,HUARIPAMPA,0001,1,INEI,3,0,78,88.46153846153847,98.71794871794872,0.0,25.641025641025642,0.0,0.004022457512014967,0.0,0.8846153846153847,0.2962126140424665,Moderate-High,0.0,0.0,0.25641025641025644,0.15384615384615385,Well-served
02,ANCASH,0213,MARISCAL LUZURIAGA,021301,PISCOBAMBA,PISCOBAMBA,0001,1,INEI,2,0,64,100.0,100.0,0.0,0.0,2003.0,0.021059779199275312,0.0007175484846758798,1.0,0.34059244256131704,Well-served,0.0,0.0007175484846758798,0.0,0.00014350969693517596,Well-served
22,SAN MARTIN,2204,HUALLAGA,220401,SAPOSOA,SAPOSOA,0001,1,INEI,9,0,60,90.0,100.0,0.0,0.0,18647.0,0.008264819835017163,0.006680043232027524,0.9,0.3049816210223482,Moderate-High,0.0,0.006680043232027524,0.0,0.001336008646405505,Well-served
19,PASCO,1903,OXAPAMPA,190302,CHONTABAMBA,CHONTABAMBA,0001,1,INEI,6,0,42,78.57142857142857,90.47619047619048,16.666666666666668,40.476190476190474,58.0,0.006617795733666009,2.077773944643087e-05,0.7857142857142857,0.26411761972913267,Moderate-Low,0.0,2.077773944643087e-05,0.40476190476190477,0.24286129840503215,Well-served
19,PASCO,1903,OXAPAMPA,190301,OXAPAMPA,OXAPAMPA,0001,1,INEI,10,2,67,92.53731343283582,100.0,31.34328358208955,80.59701492537313,68201.0,0.012008009528188271,0.02443211393079365,0.9253731343283582,0.3206044192624467,Moderate-High,0.005403604287684722,0.02443211393079365,0.8059701492537313,0.48954923319593446,Well-served
19,PASCO,1903,OXAPAMPA,190307,VILLA RICA,VILLA RICA,0001,1,INEI,16,1,131,88.54961832061069,99.23664122137404,19.083969465648856,48.85496183206107,21062.0,0.009394427661407443,0.007545185314150465,0.8854961832061069,0.3008119320605549,Moderate-High,0.0013210913898854216,0.007545185314150465,0.4885496183206107,0.2949030263331736,Well-served
19,PASCO,1901,PASCO,190102,HUACHON,HUACHON,0001,1,INEI,3,0,112,41.07142857142857,81.25,0.0,0.0,0.0,0.0017480579318658411,0.0,0.4107142857142857,0.1374874478820505,Underserved,0.0,0.0,0.0,0.0,Well-served
19,PASCO,1901,PASCO,190110,TICLACAYAN,TICLACAYAN,0001,1,INEI,4,0,208,76.4423076923077,97.59615384615384,0.0,0.0,0.0,0.002704176126451126,0.0,0.764423076923077,0.2557090843498427,Moderate-Low,0.0,0.0,0.0,0.0,Well-served
10,HUANUCO,1002,AMBO,100203,COLPAS,COLPAS,0001,1,INEI,3,0,97,70.10309278350516,100.0,0.0,0.0,0.0,0.00818419124349933,0.0,0.7010309278350516,0.2364050396928503,Moderate-Low,0.0,0.0,0.0,0.0,Well-served
25,UCAYALI,2502,ATALAYA,250201,RAIMONDI,ATALAYA,0001,1,INEI,16,0,214,40.18691588785047,77.10280373831776,0.0,0.0,2471.0,0.0005310763738527842,0.0008852033477953564,0.40186915887850466,0.13442847953338427,Underserved,0.0,0.0008852033477953564,0.0,0.0001770406695590713,Well-served
10,HUANUCO,1002,AMBO,100202,CAYNA,CAYNA,0001,1,INEI,3,0,136,88.97058823529412,100.0,0.0,0.0,0.0,0.00922065574813099,0.0,0.8897058823529411,0.299642179367024,Moderate-High,0.0,0.0,0.0,0.0,Well-served
10,HUANUCO,1002,AMBO,100205,HUACAR,HUACAR,0001,1,INEI,4,0,204,84.80392156862744,100.0,0.0,0.0,0.0,0.008115601167760566,0.0,0.8480392156862745,0.28538493895134504,Moderate-High,0.0,0.0,0.0,0.0,Well-served
10,HUANUCO,1002,AMBO,100204,CONCHAMARCA,CONCHAMARCA,0001,1,INEI,1,0,83,56.626506024096386,100.0,0.0,10.843373493975903,0.0,0.004303747883315146,0.0,0.5662650602409639,0.19018960270809301,Underserved,0.0,0.0,0.10843373493975904,0.06506024096385542,Well-served
10,HUANUCO,1001,HUANUCO,100105,MARGOS,MARGOS,0001,1,INEI,5,0,143,73.42657342657343,100.0,0.0,0.0,98.0,0.011539318543198038,3.510721492672802e-05,0.7342657342657343,0.24861338667461966,Moderate-Low,0.0,3.510721492672802e-05,0.0,7.0214429853456045e-06,Well-served
10,HUANUCO,1001,HUANUCO,100108,SAN PEDRO DE CHAULAN,CHAULAN,0001,1,INEI,3,0,199,66.33165829145729,100.0,0.0,0.0,0.0,0.005371698934303802,0.0,0.6633165829145728,0.22289609394962553,Moderate-Low,0.0,0.0,0.0,0.0,Well-served
10,HUANUCO,1001,HUANUCO,100111,PILLCO MARCA,CAYHUAYNA,0001,1,INEI,1,0,31,70.96774193548387,100.0,16.129032258064516,41.935483870967744,0.0,0.006239195567727554,0.0,0.7096774193548387,0.23863887164085543,Moderate-Low,0.0,0.0,0.41935483870967744,0.25161290322580643,Well-served
16,LORETO,1607,DATEM DEL MARAÑON,160706,ANDOAS,ALIANZA CRISTIANA,0001,1,INEI,9,0,115,26.08695652173913,39.130434782608695,0.0,0.0,0.0,0.0003684377139381675,0.0,0.2608695652173913,0.08707933431044315,Underserved,0.0,0.0,0.0,0.0,Well-served
16,LORETO,1601,MAYNAS,160102,ALTO NANAY,SANTA MARIA DE NANAY,0001,1,INEI,4,0,60,21.666666666666668,36.666666666666664,0.0,0.0,0.0,0.00013263149095565222,0.0,0.21666666666666667,0.07226643271920744,Underserved,0.0,0.0,0.0,0.0,Well-served
16,LORETO,1601,MAYNAS,160106,MAZAN,MAZAN,0001,1,INEI,7,0,82,47.5609756097561,90.2439024390244,0.0,0.0,0.0,0.00033608347528563153,0.0,0.475609756097561,0.15864861319094886,Underserved,0.0,0.0,0.0,0.0,Well-served
16,LORETO,1603,LORETO,160304,TROMPETEROS,VILLA TROMPETEROS,0001,1,INEI,3,0,68,16.176470588235293,26.470588235294116,0.0,0.0,0.0,0.0001152171840961581,0.0,0.16176470588235292,0.05395997435548302,Underserved,0.0,0.0,0.0,0.0,Well-served
16,LORETO,1603,LORETO,160303,TIGRE,INTUTU,0001,1,INEI,5,0,89,19.10112359550562,38.20224719101124,0.0,0.0,0.0,0.0001199648204285943,0.0,0.1910112359550562,0.06371040025849493,Underserved,0.0,0.0,0.0,0.0,Well-served
16,LORETO,1601,MAYNAS,160107,NAPO,SANTA CLOTILDE,0001,1,INEI,9,0,106,16.9811320754717,33.9622641509434,0.0,0.0,7036.0,0.00017978159306866252,0.0025205547369842687,0.169811320754717,0.057503885694923304,Underserved,0.0,0.0025205547369842687,0.0,0.0005041109473968538,Well-served
16,LORETO,1608,PUTUMAYO,160801,PUTUMAYO,SAN ANTONIO DEL ESTRECHO,0001,1,INEI,3,0,50,14.0,38.0,0.0,0.0,0.0,0.0001306985574229078,0.0,0.14,0.046710232852474304,Underserved,0.0,0.0,0.0,0.0,Well-served
16,LORETO,1601,MAYNAS,160110,TORRES CAUSANA,PANTOJA,0001,1,INEI,5,0,43,25.58139534883721,53.48837209302326,0.0,0.0,0.0,0.0003489557160943567,0.0,0.2558139534883721,0.08538763640148882,Underserved,0.0,0.0,0.0,0.0,Well-served
16,LORETO,1608,PUTUMAYO,160803,TENIENTE MANUEL CLAVERO,SOPLIN VARGAS,0001,1,INEI,6,0,111,14.414414414414415,31.53153153153153,0.0,0.0,0.0,0.00030095683464018684,0.0,0.14414414414414414,0.04814836699292811,Underserved,0.0,0.0,0.0,0.0,Well-served
01,AMAZONAS,0101,CHACHAPOYAS,010104,CHETO,CHETO,0001,1,INEI,1,0,20,35.0,100.0,0.0,0.0,0.0,0.006856083656518134,0.0,0.35,0.11895202788550603,Underserved,0.0,0.0,0.0,0.0,Well-served
01,AMAZONAS,0105,LUYA,010510,LUYA VIEJO,LUYA VIEJO,0001,1,INEI,0,0,1,100.0,100.0,0.0,0.0,0.0,0.0,0.0,1.0,0.3333333333333333,Moderate-High,0.0,0.0,0.0,0.0,Well-served
01,AMAZONAS,0105,LUYA,010505,CONILA,COHECHAN,0001,1,INEI,1,0,22,13.636363636363637,86.36363636363636,0.0,0.0,0.0,0.0019370769437832354,0.0,0.13636363636363635,0.04610023776913986,Underserved,0.0,0.0,0.0,0.0,Well-served
12,JUNIN,1206,SATIPO,120601,SATIPO,SATIPO,0001,1,INEI,11,1,159,88.67924528301887,100.0,16.9811320754717,41.509433962264154,75907.0,0.006512792573697845,0.027192687382072894,0.8867924528301887,0.3068326442619865,Moderate-High,0.0013321621173472864,0.027192687382072894,0.41509433962264153,0.25476157367346897,Well-served
09,HUANCAVELICA,0905,CHURCAMPA,090501,CHURCAMPA,CHURCAMPA,0001,1,INEI,1,0,97,83.50515463917526,100.0,0.0,0.0,12710.0,0.0035756126173541554,0.00455319083386442,0.8350515463917526,0.28106011661432373,Moderate-Low,0.0,0.00455319083386442,0.0,0.000910638166772884,Well-served
09,HUANCAVELICA,0905,CHURCAMPA,090506,LOCROJA,LOCROJA,0001,1,INEI,4,0,44,100.0,100.0,0.0,0.0,5954.0,0.020935737144405844,0.002132942425242231,1.0,0.34102289318988266,Well-served,0.0,0.002132942425242231,0.0,0.00042658848504844617,Well-served
09,HUANCAVELICA,0905,CHURCAMPA,090502,ANCO,LA ESMERALDA,0001,1,INEI,4,0,111,96.3963963963964,100.0,0.0,0.0,9778.0,0.012941347787619044,0.0035028402811586386,0.963963963963964,0.3268027173442472,Moderate-High,0.0,0.0035028402811586386,0.0,0.0007005680562317278,Well-served
09,HUANCAVELICA,0905,CHURCAMPA,090509,SAN PEDRO DE CORIS,SAN PEDRO DE CORIS,0001,1,INEI,0,0,48,50.0,100.0,0.0,0.0,7142.0,0.0,0.002558527847007056,0.5,0.16751950928233567,Underserved,0.0,0.002558527847007056,0.0,0.0005117055694014112,Well-served
15,LIMA,1507,HUAROCHIRI,150704,CARAMPOMA,CARAMPOMA,0001,1,INEI,1,0,59,3.389830508474576,27.11864406779661,0.0,0.0,0.0,0.002081605954551086,0.0,0.03389830508474576,0.011993303679765616,Underserved,0.0,0.0,0.0,0.0,Well-served
15,LIMA,1504,CANTA,150407,SANTA ROSA DE QUIVES,YANGAS,0001,1,INEI,4,0,83,56.626506024096386,100.0,0.0,0.0,0.0,0.0047139555426885665,0.0,0.5662650602409639,0.19032633859455084,Underserved,0.0,0.0,0.0,0.0,Well-served
12,JUNIN,1202,CONCEPCION,120205,COCHAS,COCHAS,0001,1,INEI,4,0,27,92.5925925925926,100.0,0.0,0.0,0.0,0.01781522912261472,0.0,0.9259259259259259,0.3145803850161802,Moderate-High,0.0,0.0,0.0,0.0,Well-served
12,JUNIN,1202,CONCEPCION,120203,ANDAMARCA,ANDAMARCA,0001,1,INEI,5,0,68,77.94117647058823,97.05882352941177,0.0,0.0,0.0,0.004773323511218916,0.0,0.7794117647058824,0.26139502940570036,Moderate-Low,0.0,0.0,0.0,0.0,Well-served
12,JUNIN,1202,CONCEPCION,120209,MARISCAL CASTILLA,MUCLLO,0001,1,INEI,1,0,33,78.78787878787878,100.0,0.0,0.0,0.0,0.00858297698149525,0.0,0.7878787878787878,0.2654872549534277,Moderate-Low,0.0,0.0,0.0,0.0,Well-served
12,JUNIN,1204,JAUJA,120426,POMACANCHA,POMACANCHA,0001,1,INEI,3,0,44,50.0,84.0909090909091,0.0,0.0,0.0,0.005146197026310903,0.0,0.5,0.16838206567543695,Underserved,0.0,0.0,0.0,0.0,Well-served
15,LIMA,1504,CANTA,150405,LACHAQUI,LACHAQUI,0001,1,INEI,1,0,57,89.47368421052632,100.0,0.0,0.0,0.0,0.0037589943357134218,0.0,0.8947368421052632,0.2994986121469922,Moderate-High,0.0,0.0,0.0,0.0,Well-served
12,JUNIN,1208,YAULI,120808,SANTA ROSA DE SACCO,SANTA ROSA DE SACCO,0001,1,INEI,2,0,34,91.17647058823529,100.0,0.0,0.0,24725.0,0.009623963660459872,0.008857407031258676,0.9117647058823529,0.3100820255246905,Moderate-High,0.0,0.008857407031258676,0.0,0.0017714814062517353,Well-served
15,LIMA,1501,LIMA,150106,CARABAYLLO,CARABAYLLO,0001,1,INEI,14,0,86,100.0,100.0,46.51162790697674,72.09302325581395,575.0,0.021638338448543428,0.00020598621002927152,1.0,0.3406147748861909,Well-served,0.0,0.00020598621002927152,0.7209302325581395,0.43259933677688955,Well-served
15,LIMA,1509,OYON,150904,COCHAMARCA,COCHAMARCA,0001,1,INEI,3,0,36,75.0,100.0,0.0,0.0,0.0,0.005598492136287038,0.0,0.75,0.251866164045429,Moderate-Low,0.0,0.0,0.0,0.0,Well-served
15,LIMA,1509,OYON,150906,PACHANGARA,CHURIN,0001,1,INEI,3,0,45,48.888888888888886,100.0,0.0,0.0,0.0,0.005673790935525659,0.0,0.4888888888888889,0.16485422660813817,Underserved,0.0,0.0,0.0,0.0,Well-served
15,LIMA,1509,OYON,150905,NAVAN,NAVAN,0001,1,INEI,1,0,24,41.666666666666664,100.0,0.0,0.0,0.0,0.0020915196697432973,0.0,0.41666666666666663,0.13958606211213664,Underserved,0.0,0.0,0.0,0.0,Well-served
19,PASCO,1901,PASCO,190104,HUAYLLAY,HUAYLLAY,0001,1,INEI,8,0,396,59.343434343434346,95.95959595959596,0.0,0.0,4447.0,0.0037937647578510764,0.0015930794365220356,0.5934343434343434,0.1996070625429055,Moderate-Low,0.0,0.0015930794365220356,0.0,0.00031861588730440715,Well-served
19,PASCO,1901,PASCO,190111,TINYAHUARCO,TINYAHUARCO (SMELTER),0001,1,INEI,4,0,41,82.92682926829268,100.0,4.878048780487805,65.85365853658537,2.0,0.020084656518123176,7.164737740148575e-07,0.8292682926829268,0.28311788855827463,Moderate-High,0.0,7.164737740148575e-07,0.6585365853658537,0.395122094514267,Well-served
25,UCAYALI,2502,ATALAYA,250202,SEPAHUA,SEPAHUA,0001,1,INEI,4,0,49,26.53061224489796,55.10204081632653,0.0,0.0,0.0,0.0002494966346423602,0.0,0.2653061224489796,0.08851853969454065,Underserved,0.0,0.0,0.0,0.0,Well-served
12,JUNIN,1203,CHANCHAMAYO,120304,SAN LUIS DE SHUARO,SAN LUIS DE SHUARO,0001,1,INEI,4,0,59,88.13559322033899,100.0,0.0,15.254237288135593,0.0,0.010036286623602508,0.0,0.8813559322033899,0.29713073960899744,Moderate-High,0.0,0.0,0.15254237288135594,0.09152542372881356,Well-served
17,MADRE DE DIOS,1701,TAMBOPATA,170104,LABERINTO,PUERTO ROSARIO DE LABERINTO,0001,1,INEI,4,0,34,29.41176470588235,64.70588235294117,0.0,0.0,0.0,0.0007160076738728459,0.0,0.29411764705882354,0.0982778849108988,Underserved,0.0,0.0,0.0,0.0,Well-served
12,JUNIN,1205,JUNIN,120504,ULCUMAYO,ULCUMAYO,0001,1,INEI,14,0,175,82.28571428571429,98.28571428571429,0.0,0.0,0.0,0.005967858184955392,0.0,0.822857142857143,0.2762750003473661,Moderate-Low,0.0,0.0,0.0,0.0,Well-served
15,LIMA,1509,OYON,150903,CAUJUL,CAUJUL,0001,1,INEI,1,0,32,53.125,100.0,0.0,0.0,0.0,0.0046201488502646436,0.0,0.53125,0.1786233829500882,Underserved,0.0,0.0,0.0,0.0,Well-served
19,PASCO,1901,PASCO,190101,CHAUPIMARCA,CERRO DE PASCO,0001,1,INEI,5,1,11,100.0,100.0,100.0,100.0,20.0,0.1552638308970563,7.164737740148575e-06,1.0,0.38509033187826547,Well-served,0.06986872390367534,7.164737740148575e-06,1.0,0.613975177728283,Well-served
15,LIMA,1509,OYON,150902,ANDAJES,ANDAJES,0001,1,INEI,1,0,28,60.714285714285715,100.0,0.0,0.0,0.0,0.0031538419313695614,0.0,0.6071428571428572,0.20343223302474223,Moderate-Low,0.0,0.0,0.0,0.0,Well-served
12,JUNIN,1203,CHANCHAMAYO,120303,PICHANAQUI,BAJO PICHANAQUI,0001,1,INEI,19,1,179,81.56424581005587,99.44134078212291,7.262569832402234,31.843575418994412,47445.0,0.0073804236807738085,0.016996549104067456,0.8156424581005587,0.2800064769618,Moderate-Low,0.0008739975411442667,0.016996549104067456,0.31843575418994413,0.19463556184300881,Well-served
19,PASCO,1901,PASCO,190105,NINACACA,NINACACA,0001,1,INEI,5,0,139,51.798561151079134,97.12230215827338,0.0,0.0,0.0,0.00448407326497528,0.0,0.5179856115107914,0.1741565615919222,Underserved,0.0,0.0,0.0,0.0,Well-served
12,JUNIN,1203,CHANCHAMAYO,120302,PERENE,PERENE,0001,1,INEI,28,0,240,90.0,99.58333333333333,3.75,9.166666666666666,7943.0,0.00906551435760797,0.0028454755935000066,0.9,0.30397032998370266,Moderate-High,0.0,0.0028454755935000066,0.09166666666666666,0.05556909511869999,Well-served
15,LIMA,1508,HUAURA,150812,VEGUETA,VEGUETA,0001,1,INEI,1,0,117,47.00854700854701,97.43589743589743,0.0,9.401709401709402,0.0,0.0018707368036225693,0.0,0.47008547008547014,0.15731873562969756,Underserved,0.0,0.0,0.09401709401709402,0.056410256410256404,Well-served
15,LIMA,1508,HUAURA,150809,SANTA LEONOR,JUCUL,0001,1,INEI,2,0,157,57.961783439490446,98.08917197452229,0.0,0.0,0.0,0.002576461464980356,0.0,0.5796178343949044,0.19406476528662825,Moderate-Low,0.0,0.0,0.0,0.0,Well-served
15,LIMA,1508,HUAURA,150804,CHECRAS,MARAY,0001,1,INEI,2,0,28,75.0,100.0,0.0,0.0,0.0,0.005781246768639439,0.0,0.75,0.25192708225621313,Moderate-Low,0.0,0.0,0.0,0.0,Well-served
12,JUNIN,1205,JUNIN,120502,CARHUAMAYO,CARHUAMAYO,0001,1,INEI,1,0,90,53.333333333333336,100.0,0.0,0.0,0.0,0.002359187679875828,0.0,0.5333333333333333,0.1785641736710697,Underserved,0.0,0.0,0.0,0.0,Well-served
19,PASCO,1901,PASCO,190112,VICCO,VICCO,0001,1,INEI,4,0,73,72.6027397260274,100.0,0.0,0.0,0.0,0.011264654241895015,0.0,0.726027397260274,0.24576401716738966,Moderate-Low,0.0,0.0,0.0,0.0,Well-served
12,JUNIN,1203,CHANCHAMAYO,120301,CHANCHAMAYO,LA MERCED,0001,1,INEI,5,1,82,63.41463414634146,98.78048780487805,15.853658536585366,41.46341463414634,145079.0,0.0032667488839237735,0.05197264933015076,0.6341463414634146,0.22979524655916303,Moderate-Low,0.001470036997765698,0.05197264933015076,0.4146341463414634,0.2594690250704613,Well-served
02,ANCASH,0215,PALLASCA,021506,LACABAMBA,LACABAMBA,0001,1,INEI,1,0,28,100.0,100.0,0.0,0.0,0.0,0.007583712574701867,0.0,1.0,0.3358612375249006,Well-served,0.0,0.0,0.0,0.0,Well-served
13,LA LIBERTAD,1308,PATAZ,130812,TAURIJA,TAURIJA,0001,1,INEI,1,0,50,74.0,100.0,0.0,4.0,0.0,0.003696899217533482,0.0,0.74,0.24789896640584447,Moderate-Low,0.0,0.0,0.04,0.024,Well-served
13,LA LIBERTAD,1308,PATAZ,130801,TAYABAMBA,TAYABAMBA,0001,1,INEI,3,1,150,82.0,97.33333333333333,42.0,82.0,3909.0,0.004281196693639822,0.001400347991312039,0.82,0.2752271815616506,Moderate-Low,0.003210897520229866,0.001400347991312039,0.82,0.4929222491023083,Well-served
13,LA LIBERTAD,1301,TRUJILLO,130109,SALAVERRY,SALAVERRY,0001,1,INEI,5,1,9,66.66666666666667,88.88888888888889,55.55555555555556,66.66666666666667,1536.0,0.008336775214648116,0.0005502518584434106,0.6666666666666667,0.22518456457991942,Moderate-Low,0.0037515488465916526,0.0005502518584434106,0.6666666666666667,0.400860360141007,Well-served
15,LIMA,1509,OYON,150901,OYON,OYON,0001,1,INEI,6,0,297,38.72053872053872,76.0942760942761,0.0,0.0,0.0,0.003302377836395921,0.0,0.3872053872053872,0.1301692550139277,Underserved,0.0,0.0,0.0,0.0,Well-served
19,PASCO,1902,DANIEL ALCIDES CARRION,190201,YANAHUANCA,YANAHUANCA,0001,1,INEI,24,0,567,88.35978835978835,99.64726631393297,0.0,0.0,5785.0,0.01562896721404159,0.0020724003913379753,0.8835978835978835,0.30043308373442096,Moderate-High,0.0,0.0020724003913379753,0.0,0.0004144800782675951,Well-served
10,HUANUCO,1010,LAURICOCHA,101007,SAN MIGUEL DE CAURI,CAURI,0001,1,INEI,4,0,828,34.54106280193237,85.8695652173913,0.0,0.0,0.0,0.002351113523626266,0.0,0.3454106280193237,0.11592058051431665,Underserved,0.0,0.0,0.0,0.0,Well-served
15,LIMA,1502,BARRANCA,150205,SUPE PUERTO,SUPE PUERTO,0001,1,INEI,3,0,10,100.0,100.0,100.0,100.0,0.0,0.09361292526825815,0.0,1.0,0.36453764175608605,Well-served,0.0,0.0,1.0,0.6,Well-served
15,LIMA,1502,BARRANCA,150204,SUPE,SUPE,0001,1,INEI,8,1,65,80.0,98.46153846153847,23.076923076923077,44.61538461538461,35142.0,0.0074284618965771015,0.012589160683215061,0.8,0.2733392075265974,Moderate-Low,0.00208925490841231,0.012589160683215061,0.4461538461538461,0.27062799081063316,Well-served
15,LIMA,1502,BARRANCA,150201,BARRANCA,BARRANCA,0001,1,INEI,4,1,64,81.25,100.0,56.25,68.75,116758.0,0.011994652345117358,0.04182702245321337,0.8125,0.28877389159944356,Moderate-High,0.006746991944128514,0.04182702245321337,0.6875,0.42221480287946833,Well-served
15,LIMA,1508,HUAURA,150802,AMBAR,AMBAR,0001,1,INEI,3,0,186,51.075268817204304,96.7741935483871,0.0,0.0,0.0,0.001536787021693599,0.0,0.510752688172043,0.1707631583979122,Underserved,0.0,0.0,0.0,0.0,Well-served
02,ANCASH,0214,OCROS,021409,SAN PEDRO,COPA,0001,1,INEI,2,0,62,58.064516129032256,95.16129032258064,0.0,0.0,0.0,0.0018043232324727561,0.0,0.5806451612903225,0.19414982817426507,Moderate-Low,0.0,0.0,0.0,0.0,Well-served
02,ANCASH,0214,OCROS,021405,COCHAS,HUANCHAY,0001,1,INEI,1,0,35,22.857142857142858,54.285714285714285,0.0,0.0,0.0,0.00117268571717985,0.0,0.22857142857142856,0.07658137142953614,Underserved,0.0,0.0,0.0,0.0,Well-served
15,LIMA,1502,BARRANCA,150203,PATIVILCA,PATIVILCA,0001,1,INEI,5,0,58,93.10344827586206,100.0,6.896551724137931,37.93103448275862,0.0,0.00854968341111704,0.0,0.9310344827586207,0.3131947220565792,Moderate-High,0.0,0.0,0.3793103448275862,0.2275862068965517,Well-served
02,ANCASH,0205,BOLOGNESI,020507,COLQUIOC,CHASQUITAMBO,0001,1,INEI,1,0,51,54.90196078431372,100.0,0.0,0.0,3.0,0.001580243261014076,1.0747106610222864e-06,0.5490196078431372,0.18353364193827074,Underserved,0.0,1.0747106610222864e-06,0.0,2.1494213220445728e-07,Well-served
15,LIMA,1502,BARRANCA,150202,PARAMONGA,PARAMONGA,0001,1,INEI,5,0,64,67.1875,93.75,0.0,7.8125,2270.0,0.0058279459128317045,0.0008131977335068633,0.671875,0.22617204788211284,Moderate-Low,0.0,0.0008131977335068633,0.078125,0.04703763954670137,Well-served
02,ANCASH,0211,HUARMEY,021101,HUARMEY,HUARMEY,0001,1,INEI,4,1,68,52.94117647058823,70.58823529411765,33.8235294117647,44.11764705882353,66007.0,0.000662315935784589,0.02364614220069935,0.5294117647058824,0.18457340761412208,Underserved,0.0003725527138788313,0.02364614220069935,0.4411764705882353,0.2695096213358568,Well-served
16,LORETO,1602,ALTO AMAZONAS,160206,LAGUNAS,LAGUNAS,0001,1,INEI,11,0,65,35.38461538461539,66.15384615384616,0.0,0.0,0.0,0.0008764998198537576,0.0,0.35384615384615387,0.11824088455533587,Underserved,0.0,0.0,0.0,0.0,Well-served
16,LORETO,1603,LORETO,160305,URARINAS,CONCORDIA,0001,1,INEI,6,0,158,14.556962025316455,36.075949367088604,0.0,0.0,0.0,0.00018365885652040049,0.0,0.14556962025316456,0.04858442636989498,Underserved,0.0,0.0,0.0,0.0,Well-served
16,LORETO,1602,ALTO AMAZONAS,160205,JEBEROS,JEBEROS,0001,1,INEI,3,0,28,25.0,71.42857142857143,0.0,0.0,0.0,0.00033320310149912704,0.0,0.25,0.08344440103383303,Underserved,0.0,0.0,0.0,0.0,Well-served
16,LORETO,1607,DATEM DEL MARAÑON,160702,CAHUAPANAS,SANTA MARIA DE CAHUAPANAS,0001,1,INEI,6,0,55,41.81818181818182,72.72727272727273,0.0,0.0,0.0,0.0006050388039069971,0.0,0.4181818181818182,0.13959561899524173,Underserved,0.0,0.0,0.0,0.0,Well-served
16,LORETO,1602,ALTO AMAZONAS,160202,BALSAPUERTO,BALSAPUERTO,0001,1,INEI,16,0,99,72.72727272727273,94.94949494949495,0.0,0.0,0.0,0.002569679352152632,0.0,0.7272727272727273,0.24328080220829332,Moderate-Low,0.0,0.0,0.0,0.0,Well-served
12,JUNIN,1206,SATIPO,120608,RIO TAMBO,PUERTO OCOPA,0001,1,INEI,28,0,206,55.8252427184466,85.92233009708738,0.0,0.0,0.0,0.001323409009106792,0.0,0.558252427184466,0.18652527873119093,Underserved,0.0,0.0,0.0,0.0,Well-served
08,CUSCO,0809,LA CONVENCION,080909,VILCABAMBA,LUCMA,0001,1,INEI,8,0,273,54.57875457875458,94.13919413919415,0.0,0.0,0.0,0.001658204338386846,0.0,0.5457875457875457,0.18248191670864417,Underserved,0.0,0.0,0.0,0.0,Well-served
19,PASCO,1901,PASCO,190109,SIMON BOLIVAR,SAN ANTONIO DE RANCAS,0001,1,INEI,10,1,281,77.22419928825623,100.0,10.676156583629894,34.163701067615655,93938.0,0.0069846403352540375,0.03365205669170384,0.7722419928825623,0.2709595633031734,Moderate-Low,0.0015715440754321584,0.03365205669170384,0.34163701067615654,0.21202692655912111,Well-served
15,LIMA,1503,CAJATAMBO,150303,GORGOR,GORGOR,0001,1,INEI,1,0,232,35.3448275862069,77.58620689655173,0.0,0.0,0.0,0.0014352200046229746,0.0,0.35344827586206895,0.11829449862223064,Underserved,0.0,0.0,0.0,0.0,Well-served
15,LIMA,1503,CAJATAMBO,150305,MANAS,MANAS,0001,1,INEI,1,0,99,15.151515151515152,82.82828282828282,0.0,0.0,0.0,0.0017059922678652666,0.0,0.15151515151515152,0.051073714594338925,Underserved,0.0,0.0,0.0,0.0,Well-served
19,PASCO,1901,PASCO,190107,PAUCARTAMBO,PAUCARTAMBO,0001,1,INEI,9,0,193,77.20207253886011,100.0,0.0,0.0,994.0,0.005476029254691078,0.0003560874656853842,0.7720207253886011,0.25928428070299253,Moderate-Low,0.0,0.0003560874656853842,0.0,7.121749313707683e-05,Well-served
13,LA LIBERTAD,1306,OTUZCO,130608,MACHE,MACHE,0001,1,INEI,3,0,52,100.0,100.0,30.76923076923077,100.0,0.0,0.03871132253357828,0.0,1.0,0.34623710751119274,Well-served,0.0,0.0,1.0,0.6,Well-served
13,LA LIBERTAD,1305,JULCAN,130501,JULCAN,JULCAN,0001,1,INEI,6,1,83,97.59036144578313,100.0,33.734939759036145,81.92771084337349,4964.0,0.012681636533441013,0.0017782879071048764,0.9759036144578314,0.3301211796327924,Moderate-High,0.00475561370004038,0.0017782879071048764,0.8192771084337349,0.49287304538167,Well-served
13,LA LIBERTAD,1301,TRUJILLO,130106,LAREDO,LAREDO,0001,1,INEI,3,1,57,82.45614035087719,100.0,45.6140350877193,61.40350877192982,39940.0,0.002931221963841865,0.014307981267076705,0.8245614035087719,0.28060020224656346,Moderate-Low,0.0021984164728813993,0.014307981267076705,0.6140350877192983,0.37172233217957057,Well-served
13,LA LIBERTAD,1306,OTUZCO,130611,SALPO,SALPO,0001,1,INEI,4,0,84,95.23809523809524,100.0,0.0,29.761904761904763,0.0,0.009847449129056014,0.0,0.9523809523809524,0.3207428005033361,Moderate-High,0.0,0.0,0.2976190476190476,0.17857142857142858,Well-served
13,LA LIBERTAD,1310,SANTIAGO DE CHUCO,131008,SITABAMBA,SITABAMBA,0001,1,INEI,4,0,70,95.71428571428571,100.0,0.0,0.0,0.0,0.00612418757323623,0.0,0.9571428571428571,0.32108901490536446,Moderate-High,0.0,0.0,0.0,0.0,Well-served
13,LA LIBERTAD,1308,PATAZ,130806,HUAYO,HUAYO,0001,1,INEI,3,0,67,98.50746268656717,100.0,0.0,0.0,0.0,0.011559274321883549,0.0,0.9850746268656717,0.3322113003958517,Moderate-High,0.0,0.0,0.0,0.0,Well-served
02,ANCASH,0219,SIHUAS,021902,ACOBAMBA,ACOBAMBA,0001,1,INEI,1,0,26,53.84615384615385,100.0,0.0,0.0,16390.0,0.003205997130223561,0.005871502578051757,0.5384615384615384,0.18251301272327122,Underserved,0.0,0.005871502578051757,0.0,0.0011743005156103516,Well-served
02,ANCASH,0215,PALLASCA,021508,PALLASCA,PALLASCA,0001,1,INEI,1,0,103,94.1747572815534,100.0,0.0,0.0,158.0,0.004364959312071485,5.660142814717374e-05,0.941747572815534,0.3153897111852509,Moderate-High,0.0,5.660142814717374e-05,0.0,1.132028562943475e-05,Well-served
02,ANCASH,0209,CORONGO,020907,YUPAN,YUPAN,0001,1,INEI,1,0,10,90.0,100.0,0.0,0.0,0.0,0.0056733640434075356,0.0,0.9,0.3018911213478025,Moderate-High,0.0,0.0,0.0,0.0,Well-served
02,ANCASH,0219,SIHUAS,021910,SICSIBAMBA,UMBE,0001,1,INEI,2,0,42,95.23809523809524,100.0,0.0,7.142857142857143,0.0,0.011692863134363029,0.0,0.9523809523809524,0.32135793850510513,Moderate-High,0.0,0.0,0.07142857142857144,0.042857142857142864,Well-served
10,HUANUCO,1009,PUERTO INCA,100903,HONORIA,HONORIA,0001,1,INEI,6,0,48,72.91666666666667,100.0,0.0,0.0,0.0,0.0030526137758630466,0.0,0.7291666666666667,0.24407309348084327,Moderate-Low,0.0,0.0,0.0,0.0,Well-served
02,ANCASH,0219,SIHUAS,021904,CASHAPAMPA,CASHAPAMPA,0001,1,INEI,3,0,70,100.0,100.0,61.42857142857143,100.0,0.0,0.020778082072136543,0.0,1.0,0.34025936069071216,Well-served,0.0,0.0,1.0,0.6,Well-served
13,LA LIBERTAD,1308,PATAZ,130804,HUANCASPATA,HUANCASPATA,0001,1,INEI,4,0,107,86.91588785046729,99.06542056074767,0.0,0.9345794392523364,0.0,0.007972226424089022,0.0,0.8691588785046729,0.29237703497625395,Moderate-High,0.0,0.0,0.009345794392523364,0.005607476635514018,Well-served
25,UCAYALI,2501,CORONEL PORTILLO,250104,MASISEA,MASISEA,0001,1,INEI,18,0,129,51.93798449612403,72.86821705426357,0.0,0.0,0.0,0.0005907664088508897,0.0,0.5193798449612403,0.17332353712336374,Underserved,0.0,0.0,0.0,0.0,Well-served
13,LA LIBERTAD,1312,VIRU,131202,CHAO,CHAO,0001,1,INEI,7,0,66,74.24242424242425,95.45454545454545,0.0,0.0,284.0,0.002014336211212774,0.00010173927591010976,0.7424242424242425,0.24818010597045514,Moderate-Low,0.0,0.00010173927591010976,0.0,2.0347855182021955e-05,Well-served
02,ANCASH,0219,SIHUAS,021907,QUICHES,QUICHES,0001,1,INEI,2,0,30,90.0,100.0,0.0,0.0,72935.0,0.00650224846173849,0.026128007353886817,0.9,0.31087675193854175,Moderate-High,0.0,0.026128007353886817,0.0,0.005225601470777364,Well-served
02,ANCASH,0219,SIHUAS,021905,CHINGALPO,CHINGALPO,0001,1,INEI,2,0,17,82.3529411764706,100.0,0.0,0.0,63582.0,0.005557474494086164,0.022777417749706336,0.823529411764706,0.2839547680028328,Moderate-High,0.0,0.022777417749706336,0.0,0.004555483549941268,Well-served
22,SAN MARTIN,2210,TOCACHE,221002,NUEVO PROGRESO,NUEVO PROGRESO,0001,1,INEI,6,0,68,57.35294117647059,91.17647058823529,0.0,0.0,0.0,0.003506677442615545,0.0,0.5735294117647058,0.19234536306910713,Moderate-Low,0.0,0.0,0.0,0.0,Well-served
02,ANCASH,0215,PALLASCA,021502,BOLOGNESI,BOLOGNESI,0001,1,INEI,2,0,31,90.3225806451613,100.0,0.0,0.0,0.0,0.011771952619616445,0.0,0.903225806451613,0.30499925302374314,Moderate-High,0.0,0.0,0.0,0.0,Well-served
02,ANCASH,0215,PALLASCA,021504,HUACASCHUQUE,HUACASCHUQUE,0001,1,INEI,1,0,15,100.0,100.0,0.0,0.0,0.0,0.035521054492531894,0.0,1.0,0.34517368483084393,Well-served,0.0,0.0,0.0,0.0,Well-served
02,ANCASH,0215,PALLASCA,021505,HUANDOVAL,HUANDOVAL,0001,1,INEI,1,0,57,94.73684210526316,100.0,0.0,0.0,0.0,0.004170176165619862,0.0,0.9473684210526316,0.3171795324060838,Moderate-High,0.0,0.0,0.0,0.0,Well-served
13,LA LIBERTAD,1308,PATAZ,130813,URPAY,URPAY,0001,1,INEI,1,0,40,87.5,100.0,0.0,15.0,0.0,0.004707639328231312,0.0,0.875,0.29323587977607707,Moderate-High,0.0,0.0,0.15,0.09,Well-served
22,SAN MARTIN,2210,TOCACHE,221004,SHUNTE,TAMBO DE PAJA /18,0001,1,INEI,1,0,24,29.166666666666668,50.0,0.0,0.0,0.0,0.00045509610717191863,0.0,0.2916666666666667,0.09737392092461286,Underserved,0.0,0.0,0.0,0.0,Well-served
13,LA LIBERTAD,1310,SANTIAGO DE CHUCO,131007,SANTA CRUZ DE CHUCA,SANTA CRUZ DE CHUCA,0001,1,INEI,3,0,35,62.857142857142854,97.14285714285714,17.142857142857142,71.42857142857143,0.0,0.008849929946667168,0.0,0.6285714285714286,0.21247378617269855,Moderate-Low,0.0,0.0,0.7142857142857143,0.42857142857142855,Well-served
04,AREQUIPA,0408,LA UNION,040809,TAURIA,TAURIA,0001,1,INEI,0,0,27,0.0,11.11111111111111,0.0,0.0,0.0,0.0,0.0,0.0,0.0,Underserved,0.0,0.0,0.0,0.0,Well-served
04,AREQUIPA,0403,CARAVELI,040310,JAQUI,JAQUI,0001,1,INEI,2,1,40,35.0,75.0,35.0,52.5,0.0,0.002283046396493048,0.0,0.35,0.11742768213216434,Underserved,0.002568427196054679,0.0,0.525,0.31551368543921093,Well-served
04,AREQUIPA,0408,LA UNION,040808,SAYLA,SAYLA,0001,1,INEI,0,0,23,0.0,86.95652173913044,0.0,0.0,0.0,0.0,0.0,0.0,0.0,Underserved,0.0,0.0,0.0,0.0,Well-served
21,PUNO,2101,PUNO,210103,AMANTANI,AMANTANI,0001,1,INEI,2,0,0,0.0,0.0,0.0,0.0,0.0,0.06922518723393312,0.0,0.0,0.023075062411311038,Underserved,0.0,0.0,0.0,0.0,Well-served
12,JUNIN,1204,JAUJA,120431,SINCOS,SINCOS,0001,1,INEI,5,0,44,95.45454545454545,100.0,0.0,0.0,0.0,0.010445565466524013,0.0,0.9545454545454546,0.3216636733373262,Moderate-High,0.0,0.0,0.0,0.0,Well-served
12,JUNIN,1201,HUANCAYO,120114,EL TAMBO,EL TAMBO,0001,1,INEI,21,3,27,96.29629629629629,100.0,62.96296296296296,96.29629629629629,432760.0,0.06092592245656087,0.15503059522133486,0.9629629629629629,0.39297316021361955,Well-served,0.01958333221818028,0.15503059522133486,0.9629629629629629,0.6127005632656808,Well-served
15,LIMA,1507,HUAROCHIRI,150717,SAN BARTOLOME,SAN BARTOLOME,0001,1,INEI,3,0,52,100.0,100.0,0.0,0.0,0.0,0.03392431941278261,0.0,1.0,0.3446414398042609,Well-served,0.0,0.0,0.0,0.0,Well-served
12,JUNIN,1202,CONCEPCION,120210,MATAHUASI,MATAHUASI,0001,1,INEI,3,0,17,100.0,100.0,0.0,0.0,0.0,0.06133797392797806,0.0,1.0,0.3537793246426593,Well-served,0.0,0.0,0.0,0.0,Well-served
19,PASCO,1901,PASCO,190108,SAN FRANCISCO DE ASIS DE YARUSYACAN,YARUSYACAN,0001,1,INEI,10,0,118,100.0,100.0,4.237288135593221,27.11864406779661,0.0,0.0401591444651863,0.0,1.0,0.34671971482172875,Well-served,0.0,0.0,0.2711864406779661,0.16271186440677965,Well-served
10,HUANUCO,1005,HUAMALIES,100501,LLATA,LLATA,0001,1,INEI,4,0,211,78.19905213270142,91.94312796208531,0.0,0.0,6695.0,0.00466241021726982,0.0023983959585147357,0.7819905213270143,0.2630171091675996,Moderate-Low,0.0,0.0023983959585147357,0.0,0.00047967919170294714,Well-served
04,AREQUIPA,0408,LA UNION,040807,QUECHUALLA,VELINGA,0001,1,INEI,0,0,45,0.0,4.444444444444445,0.0,0.0,0.0,0.0,0.0,0.0,0.0,Underserved,0.0,0.0,0.0,0.0,Well-served
04,AREQUIPA,0408,LA UNION,040811,TORO,TORO,0001,1,INEI,0,0,75,2.6666666666666665,21.333333333333332,0.0,0.0,0.0,0.0,0.0,0.026666666666666665,0.008888888888888887,Underserved,0.0,0.0,0.0,0.0,Well-served
21,PUNO,2109,MOHO,210901,MOHO,MOHO,0001,1,INEI,8,0,271,82.28782287822878,100.0,0.0,0.0,0.0,0.007590000697029115,0.0,0.8228782287822878,0.2768227431597723,Moderate-Low,0.0,0.0,0.0,0.0,Well-served
21,PUNO,2102,AZANGARO,210205,CAMINACA,CAMINACA,0001,1,INEI,2,0,39,94.87179487179488,100.0,0.0,0.0,0.0,0.008143243041766944,0.0,0.9487179487179488,0.3189537305865719,Moderate-High,0.0,0.0,0.0,0.0,Well-served
04,AREQUIPA,0406,CONDESUYOS,040607,SALAMANCA,SALAMANCA,0001,1,INEI,0,0,75,0.0,0.0,0.0,0.0,0.0,0.0,0.0,0.0,0.0,Underserved,0.0,0.0,0.0,0.0,Well-served
21,PUNO,2107,LAMPA,210706,PALCA,PALCA,0001,1,INEI,1,0,65,33.84615384615385,87.6923076923077,0.0,0.0,0.0,0.0009707392443746818,0.0,0.3384615384615385,0.11314409256863772,Underserved,0.0,0.0,0.0,0.0,Well-served
21,PUNO,2102,AZANGARO,210210,SAMAN,SAMAN,0001,1,INEI,7,0,63,100.0,100.0,0.0,0.0,0.0,0.016495498441072454,0.0,1.0,0.3388318328136908,Well-served,0.0,0.0,0.0,0.0,Well-served
04,AREQUIPA,0408,LA UNION,040801,COTAHUASI,COTAHUASI,0001,1,INEI,1,0,36,72.22222222222223,94.44444444444444,0.0,0.0,3222.0,0.002893464519394336,0.0011542392499379354,0.7222222222222223,0.24208997533051818,Moderate-Low,0.0,0.0011542392499379354,0.0,0.0002308478499875871,Well-served
04,AREQUIPA,0405,CAYLLOMA,040515,SIBAYO,SIBAYO,0001,1,INEI,1,0,129,29.45736434108527,59.689922480620154,0.0,0.0,0.0,0.0016967709772316428,0.0,0.2945736434108527,0.09875680479602811,Underserved,0.0,0.0,0.0,0.0,Well-served
21,PUNO,2107,LAMPA,210701,LAMPA,LAMPA,0001,1,INEI,6,2,111,57.65765765765766,98.1981981981982,21.62162162162162,49.549549549549546,11054.0,0.004361575127857762,0.003959950548980118,0.5765765765765766,0.1949660340844715,Moderate-Low,0.0032711813458933215,0.003959950548980118,0.4954954954954955,0.29874352367627194,Well-served
21,PUNO,2107,LAMPA,210704,NICASIO,NICASIO,0001,1,INEI,2,0,29,79.3103448275862,100.0,0.0,0.0,0.0,0.007206551500803093,0.0,0.7931034482758621,0.26676999992555506,Moderate-Low,0.0,0.0,0.0,0.0,Well-served
21,PUNO,2109,MOHO,210903,HUAYRAPATA,HUAYRAPATA,0001,1,INEI,2,0,62,35.483870967741936,80.64516129032258,0.0,0.0,0.0,0.0023742332371112676,0.0,0.3548387096774194,0.11907098097151021,Underserved,0.0,0.0,0.0,0.0,Well-served
21,PUNO,2102,AZANGARO,210202,ACHAYA,ACHAYA,0001,1,INEI,1,0,54,61.111111111111114,100.0,0.0,0.0,0.0,0.003795434254360919,0.0,0.6111111111111112,0.20496884845515737,Moderate-Low,0.0,0.0,0.0,0.0,Well-served
04,AREQUIPA,0403,CARAVELI,040311,LOMAS,LOMAS,0001,1,INEI,1,0,7,14.285714285714286,57.142857142857146,0.0,0.0,0.0,0.0010812048900398351,0.0,0.14285714285714288,0.047979449249060904,Underserved,0.0,0.0,0.0,0.0,Well-served
04,AREQUIPA,0408,LA UNION,040810,TOMEPAMPA,TOMEPAMPA,0001,1,INEI,0,0,15,86.66666666666667,100.0,0.0,0.0,0.0,0.0,0.0,0.8666666666666667,0.28888888888888886,Moderate-High,0.0,0.0,0.0,0.0,Well-served
04,AREQUIPA,0404,CASTILLA,040406,CHOCO,CHOCO,0001,1,INEI,1,0,119,6.722689075630252,21.84873949579832,0.0,0.0,0.0,0.0005335193407327465,0.0,0.06722689075630252,0.02258680336567842,Underserved,0.0,0.0,0.0,0.0,Well-served
04,AREQUIPA,0408,LA UNION,040803,CHARCANA,CHARCANA,0001,1,INEI,0,0,43,0.0,2.3255813953488373,0.0,0.0,0.0,0.0,0.0,0.0,0.0,Underserved,0.0,0.0,0.0,0.0,Well-served
21,PUNO,2106,HUANCANE,210606,ROSASPATA,ROSASPATA,0001,1,INEI,5,0,162,84.5679012345679,100.0,0.0,0.0,0.0,0.007844175053334582,0.0,0.845679012345679,0.28450772913300454,Moderate-High,0.0,0.0,0.0,0.0,Well-served
08,CUSCO,0808,ESPINAR,080802,CONDOROMA,CONDOROMA,0001,1,INEI,1,0,219,15.525114155251142,41.55251141552512,0.0,0.0,0.0,0.0009333067401443549,0.0,0.1552511415525114,0.05206148276421859,Underserved,0.0,0.0,0.0,0.0,Well-served
21,PUNO,2107,LAMPA,210710,VILAVILA,VILAVILA,0001,1,INEI,1,0,45,73.33333333333333,100.0,0.0,0.0,0.0,0.0029825976475707657,0.0,0.7333333333333333,0.24543864366030133,Moderate-Low,0.0,0.0,0.0,0.0,Well-served
04,AREQUIPA,0408,LA UNION,040802,ALCA,ALCA,0001,1,INEI,1,0,19,68.42105263157895,100.0,0.0,0.0,0.0,0.002518771257978212,0.0,0.6842105263157895,0.22890976585792255,Moderate-Low,0.0,0.0,0.0,0.0,Well-served
21,PUNO,2106,HUANCANE,210601,HUANCANE,HUANCANE,0001,1,INEI,9,1,210,96.19047619047619,100.0,22.857142857142858,64.28571428571429,6913.0,0.011141063605078327,0.002476491599882355,0.9619047619047619,0.32517410570324085,Moderate-High,0.002785265901269582,0.002476491599882355,0.6428571428571429,0.3867666372145161,Well-served
21,PUNO,2106,HUANCANE,210608,VILQUE CHICO,VILQUE CHICO,0001,1,INEI,10,0,306,86.27450980392157,100.0,2.287581699346405,23.856209150326798,0.0,0.009426451214380984,0.0,0.8627450980392157,0.29072384975119886,Moderate-High,0.0,0.0,0.238562091503268,0.14313725490196078,Well-served
21,PUNO,2102,AZANGARO,210206,CHUPA,CHUPA,0001,1,INEI,5,0,89,94.38202247191012,100.0,0.0,0.0,0.0,0.01577918190772916,0.0,0.9438202247191012,0.3198664688756101,Moderate-High,0.0,0.0,0.0,0.0,Well-served
21,PUNO,2107,LAMPA,210705,OCUVIRI,OCUVIRI,0001,1,INEI,4,0,623,32.42375601926164,92.61637239165329,0.0,0.0,0.0,0.0021851089546646735,0.0,0.3242375601926164,0.10880755638242702,Underserved,0.0,0.0,0.0,0.0,Well-served
22,SAN MARTIN,2201,MOYOBAMBA,220106,YANTALO,YANTALO,0001,1,INEI,1,0,8,87.5,100.0,0.0,0.0,4337.0,0.0069286669499737845,0.0015536733789512185,0.875,0.29449411344297494,Moderate-High,0.0,0.0015536733789512185,0.0,0.0003107346757902437,Well-served
06,CAJAMARCA,0608,JAEN,060808,PUCARA,PUCARA,0001,1,INEI,3,0,53,90.56603773584905,100.0,0.0,0.0,5344.0,0.006515349878140469,0.0019144179241676993,0.9056603773584905,0.3046967150535995,Moderate-High,0.0,0.0019144179241676993,0.0,0.00038288358483353987,Well-served
14,LAMBAYEQUE,1403,LAMBAYEQUE,140310,SALAS,SALAS,0001,1,INEI,12,0,148,83.10810810810811,100.0,0.0,0.0,0.0,0.0057412282455253025,0.0,0.8310810810810811,0.27894076977553545,Moderate-Low,0.0,0.0,0.0,0.0,Well-served
16,LORETO,1605,REQUENA,160511,YAQUERANA,ANGAMOS,0001,1,INEI,2,0,23,21.73913043478261,30.434782608695652,0.0,0.0,0.0,8.735244421084683e-05,0.0,0.21739130434782608,0.07249288559734564,Underserved,0.0,0.0,0.0,0.0,Well-served
16,LORETO,1605,REQUENA,160501,REQUENA,REQUENA,0001,1,INEI,6,0,62,22.580645161290324,56.45161290322581,0.0,0.0,0.0,0.0009422560460292228,0.0,0.22580645161290325,0.07558290255297749,Underserved,0.0,0.0,0.0,0.0,Well-served
16,LORETO,1605,REQUENA,160507,SAQUENA,BAGAZAN,0001,1,INEI,2,0,23,52.17391304347826,78.26086956521739,0.0,0.0,0.0,0.00037186823044384025,0.0,0.5217391304347826,0.17403699955507548,Underserved,0.0,0.0,0.0,0.0,Well-served
15,LIMA,1507,HUAROCHIRI,150723,SAN MATEO DE OTAO,SAN JUAN DE LANCA,0001,1,INEI,4,0,41,97.5609756097561,100.0,0.0,0.0,0.0,0.014350492232148893,0.0,0.975609756097561,0.32998674944323664,Moderate-High,0.0,0.0,0.0,0.0,Well-served
15,LIMA,1507,HUAROCHIRI,150728,SANTA EULALIA,SANTA EULALIA,0001,1,INEI,3,0,28,100.0,100.0,14.285714285714286,64.28571428571429,0.0,0.012407351156391267,0.0,1.0,0.3374691170521304,Well-served,0.0,0.0,0.6428571428571429,0.38571428571428573,Well-served
12,JUNIN,1204,JAUJA,120401,JAUJA,JAUJA,0001,1,INEI,1,1,3,100.0,100.0,100.0,100.0,63469.0,0.0509337524194298,0.022736936981474495,1.0,0.3578902298003014,Well-served,0.11460094294371706,0.022736936981474495,1.0,0.6274675759850383,Well-served
02,ANCASH,0207,CARLOS FERMIN FITZCARRALD,020702,SAN NICOLAS,SAN NICOLAS,0001,1,INEI,3,0,65,98.46153846153847,100.0,0.0,0.0,0.0,0.007060800091939487,0.0,0.9846153846153847,0.3305587282357747,Moderate-High,0.0,0.0,0.0,0.0,Well-served
02,ANCASH,0213,MARISCAL LUZURIAGA,021305,LLAMA,LLAMA,0001,1,INEI,1,0,38,100.0,100.0,0.0,0.0,350.0,0.009823221830698486,0.00012538291045260006,1.0,0.336649534913717,Well-served,0.0,0.00012538291045260006,0.0,2.5076582090520013e-05,Well-served
02,ANCASH,0216,POMABAMBA,021602,HUAYLLAN,HUAYLLAN,0001,1,INEI,3,0,49,81.63265306122449,100.0,0.0,61.224489795918366,0.0,0.016293523538063216,0.0,0.8163265306122449,0.2775400180501027,Moderate-Low,0.0,0.0,0.6122448979591837,0.3673469387755102,Well-served
02,ANCASH,0213,MARISCAL LUZURIAGA,021303,ELEAZAR GUZMAN BARRON,PAMPACHACRA,0001,1,INEI,2,0,12,100.0,100.0,0.0,0.0,209.0,0.009796234262563312,7.487150938455261e-05,1.0,0.3366237019239826,Well-served,0.0,7.487150938455261e-05,0.0,1.4974301876910523e-05,Well-served
02,ANCASH,0218,SANTA,021802,CACERES DEL PERU,JIMBE,0001,1,INEI,4,0,183,71.5846994535519,100.0,0.0,0.0,0.0,0.003647398403895156,0.0,0.715846994535519,0.23983146431313804,Moderate-Low,0.0,0.0,0.0,0.0,Well-served
02,ANCASH,0212,HUAYLAS,021204,HUAYLAS,HUAYLAS,0001,1,INEI,1,0,22,100.0,100.0,0.0,0.0,0.0,0.008921170769637552,0.0,1.0,0.3363070569232125,Well-served,0.0,0.0,0.0,0.0,Well-served
02,ANCASH,0213,MARISCAL LUZURIAGA,021308,MUSGA,MUSGA,0001,1,INEI,1,0,37,100.0,100.0,0.0,0.0,412.0,0.012405022339795117,0.00014759359744706064,1.0,0.33751753864574735,Well-served,0.0,0.00014759359744706064,0.0,2.9518719489412128e-05,Well-served
10,HUANUCO,1011,YAROWILCA,101101,CHAVINILLO,CHAVINILLO,0001,1,INEI,5,0,125,93.6,97.6,0.0,0.0,0.0,0.011703814568723216,0.0,0.9359999999999999,0.3159012715229077,Moderate-High,0.0,0.0,0.0,0.0,Well-served
10,HUANUCO,1001,HUANUCO,100109,SANTA MARIA DEL VALLE,SANTA MARIA DEL VALLE,0001,1,INEI,10,0,219,74.42922374429224,95.4337899543379,0.0,19.634703196347033,0.0,0.010674343962410373,0.0,0.7442922374429224,0.2516555271351109,Moderate-Low,0.0,0.0,0.19634703196347034,0.1178082191780822,Well-served
25,UCAYALI,2502,ATALAYA,250203,TAHUANIA,BOLOGNESI,0001,1,INEI,5,0,94,24.46808510638298,58.51063829787234,0.0,0.0,0.0,0.0003145131801413439,0.0,0.24468085106382978,0.08166512141465704,Underserved,0.0,0.0,0.0,0.0,Well-served
10,HUANUCO,1001,HUANUCO,100104,CHURUBAMBA,CHURUBAMBA,0001,1,INEI,7,0,162,70.98765432098766,85.80246913580247,0.0,0.0,0.0,0.006578311148094969,0.0,0.7098765432098766,0.23881828478599051,Moderate-Low,0.0,0.0,0.0,0.0,Well-served
10,HUANUCO,1003,DOS DE MAYO,100311,MARIAS,MARIAS,0001,1,INEI,4,0,182,64.83516483516483,100.0,0.0,0.0,0.0,0.0030040530550618527,0.0,0.6483516483516483,0.21711856713557,Moderate-Low,0.0,0.0,0.0,0.0,Well-served
10,HUANUCO,1001,HUANUCO,100112,YACUS,YACUS,0001,1,INEI,3,0,41,97.5609756097561,100.0,0.0,0.0,4.0,0.020460555957543324,1.432947548029715e-06,0.975609756097561,0.33202391500088413,Moderate-High,0.0,1.432947548029715e-06,0.0,2.86589509605943e-07,Well-served
06,CAJAMARCA,0611,SAN MIGUEL,061112,TONGOD,TONGOD,0001,1,INEI,4,0,25,96.0,100.0,0.0,0.0,0.0,0.011936047609389194,0.0,0.96,0.323978682536463,Moderate-High,0.0,0.0,0.0,0.0,Well-served
02,ANCASH,0217,RECUAY,021707,PAMPAS CHICO,PAMPAS CHICO,0001,1,INEI,2,0,36,86.11111111111111,100.0,0.0,0.0,0.0,0.00920819884749965,0.0,0.8611111111111112,0.2901064366528702,Moderate-High,0.0,0.0,0.0,0.0,Well-served
02,ANCASH,0217,RECUAY,021708,PARARIN,PARARIN,0001,1,INEI,1,0,44,40.90909090909091,93.18181818181819,0.0,0.0,0.0,0.0018610533618217172,0.0,0.40909090909090906,0.1369839874842436,Underserved,0.0,0.0,0.0,0.0,Well-served
10,HUANUCO,1010,LAURICOCHA,101003,JIVIA,JIVIA,0001,1,INEI,0,0,117,71.7948717948718,100.0,0.0,0.0,0.0,0.0,0.0,0.717948717948718,0.2393162393162393,Moderate-Low,0.0,0.0,0.0,0.0,Well-served
02,ANCASH,0205,BOLOGNESI,020509,HUASTA,HUASTA,0001,1,INEI,2,0,127,55.118110236220474,86.61417322834646,0.0,0.0,0.0,0.002474792800092942,0.0,0.5511811023622047,0.1845519650540992,Underserved,0.0,0.0,0.0,0.0,Well-served
02,ANCASH,0217,RECUAY,021706,MARCA,MARCA,0001,1,INEI,1,0,73,89.04109589041096,100.0,0.0,0.0,0.0,0.002641079757741789,0.0,0.8904109589041096,0.2976840128872838,Moderate-High,0.0,0.0,0.0,0.0,Well-served
01,AMAZONAS,0105,LUYA,010516,SAN CRISTOBAL,OLTO,0001,1,INEI,1,0,4,100.0,100.0,0.0,0.0,0.0,0.013566640859184473,0.0,1.0,0.33785554695306147,Well-served,0.0,0.0,0.0,0.0,Well-served
01,AMAZONAS,0101,CHACHAPOYAS,010107,GRANADA,GRANADA,0001,1,INEI,2,0,13,84.61538461538461,100.0,0.0,0.0,0.0,0.0056329628420097,0.0,0.8461538461538461,0.28392893633195193,Moderate-High,0.0,0.0,0.0,0.0,Well-served
01,AMAZONAS,0101,CHACHAPOYAS,010117,QUINJALCA,QUINJALCA,0001,1,INEI,2,0,28,100.0,100.0,0.0,0.0,0.0,0.011699118269444458,0.0,1.0,0.33723303942314814,Well-served,0.0,0.0,0.0,0.0,Well-served
01,AMAZONAS,0103,BONGARA,010311,VALERA,VALERA (SAN PABLO),0001,1,INEI,3,0,28,96.42857142857143,100.0,0.0,0.0,0.0,0.018528941897015334,0.0,0.9642857142857143,0.32760488539424315,Moderate-High,0.0,0.0,0.0,0.0,Well-served
06,CAJAMARCA,0606,CUTERVO,060611,SANTA CRUZ,SANTA CRUZ,0001,1,INEI,7,0,63,100.0,100.0,0.0,0.0,0.0,0.02599740168019005,0.0,1.0,0.34199913389339665,Well-served,0.0,0.0,0.0,0.0,Well-served
06,CAJAMARCA,0606,CUTERVO,060602,CALLAYUC,CALLAYUC,0001,1,INEI,18,0,120,99.16666666666667,100.0,0.0,0.0,373.0,0.02809732007663001,0.00013362235885377093,0.9916666666666667,0.3399658697007168,Well-served,0.0,0.00013362235885377093,0.0,2.6724471770754187e-05,Well-served
22,SAN MARTIN,2205,LAMAS,220508,SAN ROQUE DE CUMBAZA,SAN ROQUE DE CUMBAZA,0001,1,INEI,3,0,10,100.0,100.0,0.0,80.0,0.0,0.002219772111016428,0.0,1.0,0.33407325737033877,Moderate-High,0.0,0.0,0.8,0.48,Well-served
01,AMAZONAS,0103,BONGARA,010304,COROSHA,COROSHA,0001,1,INEI,1,0,34,97.05882352941177,100.0,0.0,0.0,0.0,0.0075085814897002025,0.0,0.9705882352941176,0.32603227226127257,Moderate-High,0.0,0.0,0.0,0.0,Well-served
01,AMAZONAS,0107,UTCUBAMBA,010704,EL MILAGRO,EL MILAGRO,0001,1,INEI,4,0,35,94.28571428571429,100.0,20.0,71.42857142857143,0.0,0.006258095860910113,0.0,0.942857142857143,0.316371746239351,Moderate-High,0.0,0.0,0.7142857142857143,0.42857142857142855,Well-served
16,LORETO,1605,REQUENA,160505,MAQUIA,SANTA ISABEL,0001,1,INEI,12,0,73,63.013698630136986,80.82191780821918,0.0,0.0,0.0,0.0011838864450633758,0.0,0.6301369863013698,0.21044029091547772,Moderate-Low,0.0,0.0,0.0,0.0,Well-served
06,CAJAMARCA,0608,JAEN,060803,CHONTALI,CHONTALI,0001,1,INEI,3,0,67,73.13432835820896,100.0,0.0,0.0,1308.0,0.0031256948254575444,0.00046857384820571683,0.7313432835820897,0.24497918408525096,Moderate-Low,0.0,0.00046857384820571683,0.0,9.371476964114337e-05,Well-served
06,CAJAMARCA,0608,JAEN,060809,SALLIQUE,SALLIQUE,0001,1,INEI,6,0,118,90.67796610169492,100.0,0.0,0.0,738.0,0.007887080867841654,0.0002643788226114824,0.9067796610169492,0.30497704023580074,Moderate-High,0.0,0.0002643788226114824,0.0,5.287576452229649e-05,Well-served
01,AMAZONAS,0102,BAGUA,010201,BAGUA,BAGUA,0001,1,INEI,13,2,26,100.0,100.0,46.15384615384615,69.23076923076923,79019.0,0.04704156996179298,0.028307520574440012,1.0,0.35844969684541095,Well-served,0.016283620371389876,0.028307520574440012,0.6923076923076923,0.42430284357378134,Well-served
06,CAJAMARCA,0604,CHOTA,060407,COCHABAMBA,COCHABAMBA,0001,1,INEI,9,0,47,100.0,100.0,0.0,23.404255319148938,0.0,0.03673788586098471,0.0,1.0,0.3455792952869949,Well-served,0.0,0.0,0.23404255319148937,0.14042553191489363,Well-served
01,AMAZONAS,0105,LUYA,010511,MARIA,MARIA,0001,1,INEI,1,0,23,95.65217391304348,100.0,0.0,0.0,0.0,0.005493780024534222,0.0,0.9565217391304348,0.32067183971832297,Moderate-High,0.0,0.0,0.0,0.0,Well-served
01,AMAZONAS,0105,LUYA,010519,SAN JUAN DE LOPECANCHA,SAN JUAN DE LOPECANCHA,0001,1,INEI,5,0,49,100.0,100.0,0.0,0.0,0.0,0.027913811416877293,0.0,1.0,0.34263793713895907,Well-served,0.0,0.0,0.0,0.0,Well-served
22,SAN MARTIN,2209,SAN MARTIN,220901,TARAPOTO,TARAPOTO,0001,1,INEI,9,0,13,100.0,100.0,61.53846153846154,100.0,571005.0,0.07439763724959328,0.20455505366567686,1.0,0.4263175636384233,Well-served,0.0,0.20455505366567686,1.0,0.6409110107331354,Well-served
22,SAN MARTIN,2209,SAN MARTIN,220903,CACATACHI,CACATACHI,0001,1,INEI,2,0,42,100.0,100.0,0.0,83.33333333333333,0.0,0.018405420853244942,0.0,1.0,0.3394684736177483,Well-served,0.0,0.0,0.8333333333333333,0.49999999999999994,Well-served
11,ICA,1103,NASCA,110304,MARCONA,SAN JUAN,0001,1,INEI,3,0,18,27.77777777777778,27.77777777777778,0.0,0.0,77906.0,0.0007447672030145226,0.027908802919200743,0.2777777777777778,0.10214378263333102,Underserved,0.0,0.027908802919200743,0.0,0.005581760583840149,Well-served
21,PUNO,2102,AZANGARO,210214,SANTIAGO DE PUPUJA,SANTIAGO DE PUPUJA,0001,1,INEI,4,0,65,78.46153846153847,98.46153846153847,0.0,1.5384615384615385,0.0,0.006023487609907797,0.0,0.7846153846153847,0.26354629074176417,Moderate-Low,0.0,0.0,0.015384615384615385,0.009230769230769232,Well-served
04,AREQUIPA,0405,CAYLLOMA,040517,TISCO,TISCO,0001,1,INEI,3,0,447,17.002237136465325,56.59955257270693,0.0,0.0,0.0,0.001001914405711206,0.0,0.17002237136465326,0.05700809525678815,Underserved,0.0,0.0,0.0,0.0,Well-served
21,PUNO,2102,AZANGARO,210207,JOSE DOMINGO CHOQUEHUANCA,ESTACION DE PUCARA,0001,1,INEI,1,0,18,83.33333333333333,100.0,0.0,0.0,0.0,0.007175973736069819,0.0,0.8333333333333333,0.28016976902313434,Moderate-Low,0.0,0.0,0.0,0.0,Well-served
21,PUNO,2106,HUANCANE,210603,HUATASANI,HUATASANI,0001,1,INEI,1,0,51,60.78431372549019,100.0,0.0,0.0,0.0,0.004514905164981802,0.0,0.6078431372549019,0.20411934747329455,Moderate-Low,0.0,0.0,0.0,0.0,Well-served
21,PUNO,2102,AZANGARO,210203,ARAPA,ARAPA,0001,1,INEI,3,0,130,71.53846153846153,100.0,0.0,0.0,0.0,0.004282793401970636,0.0,0.7153846153846153,0.2398891362621953,Moderate-Low,0.0,0.0,0.0,0.0,Well-served
11,ICA,1104,PALPA,110401,PALPA,PALPA,0001,1,INEI,5,0,51,98.03921568627452,100.0,0.0,0.0,47082.0,0.018374038756114448,0.01686650911408376,0.9803921568627452,0.3385442349109811,Well-served,0.0,0.01686650911408376,0.0,0.0033733018228167527,Well-served
21,PUNO,2110,SAN ANTONIO DE PUTINA,211002,ANANEA,ANANEA,0001,1,INEI,4,0,159,32.075471698113205,70.44025157232704,0.0,0.0,0.0,0.0019853555517177577,0.0,0.32075471698113206,0.1075800241776166,Underserved,0.0,0.0,0.0,0.0,Well-served
21,PUNO,2102,AZANGARO,210208,MUÑANI,MUÑANI,0001,1,INEI,2,0,95,27.36842105263158,65.26315789473684,0.0,0.0,0.0,0.0012237289082066341,0.0,0.2736842105263158,0.09163597981150748,Underserved,0.0,0.0,0.0,0.0,Well-served
21,PUNO,2110,SAN ANTONIO DE PUTINA,211001,PUTINA,PUTINA,0001,1,INEI,2,0,142,26.056338028169016,59.15492957746479,0.0,0.0,1210.0,0.0009253285407436562,0.0004334666332789888,0.2605633802816902,0.08730739181857093,Underserved,0.0,0.0004334666332789888,0.0,8.669332665579777e-05,Well-served
08,CUSCO,0805,CANAS,080505,LAYO,LAYO,0001,1,INEI,1,0,128,31.25,76.5625,0.0,0.0,0.0,0.0011292453373113018,0.0,0.3125,0.10454308177910376,Underserved,0.0,0.0,0.0,0.0,Well-served
21,PUNO,2110,SAN ANTONIO DE PUTINA,211005,SINA,SINA,0001,1,INEI,1,0,49,22.448979591836736,71.42857142857143,0.0,0.0,0.0,0.0010246150305257293,0.0,0.22448979591836735,0.07517147031629769,Underserved,0.0,0.0,0.0,0.0,Well-served
08,CUSCO,0805,CANAS,080507,QUEHUE,QUEHUE,0001,1,INEI,2,0,55,80.0,100.0,0.0,0.0,0.0,0.006466060837655988,0.0,0.8,0.26882202027921864,Moderate-Low,0.0,0.0,0.0,0.0,Well-served
11,ICA,1104,PALPA,110404,SANTA CRUZ,SANTA CRUZ,0001,1,INEI,3,0,34,50.0,73.52941176470588,0.0,0.0,0.0,0.00570652044887659,0.0,0.5,0.16856884014962553,Underserved,0.0,0.0,0.0,0.0,Well-served
08,CUSCO,0806,CANCHIS,080604,MARANGANI,MARANGANI,0001,1,INEI,4,0,112,58.035714285714285,75.0,0.0,12.5,0.0,0.0043839610993027705,0.0,0.5803571428571428,0.1949137013188152,Moderate-Low,0.0,0.0,0.125,0.075,Well-served
21,PUNO,2112,SANDIA,211206,QUIACA,QUIACA,0001,1,INEI,1,0,50,24.0,76.0,0.0,0.0,0.0,0.0011586125938132497,0.0,0.24,0.08038620419793774,Underserved,0.0,0.0,0.0,0.0,Well-served
11,ICA,1101,ICA,110104,OCUCAJE,OCUCAJE,0001,1,INEI,4,0,37,83.78378378378379,86.48648648648648,0.0,0.0,0.0,0.001379035170427534,0.0,0.8378378378378379,0.2797389576694218,Moderate-Low,0.0,0.0,0.0,0.0,Well-served
21,PUNO,2102,AZANGARO,210209,POTONI,POTONI,0001,1,INEI,2,0,222,28.82882882882883,85.58558558558559,0.0,0.0,0.0,0.0015427649011615983,0.0,0.2882882882882883,0.09661035106314995,Underserved,0.0,0.0,0.0,0.0,Well-served
03,APURIMAC,0303,ANTABAMBA,030303,HUAQUIRCA,HUAQUIRCA,0001,1,INEI,4,0,116,62.93103448275862,100.0,0.0,0.0,0.0,0.005500240297710017,0.0,0.6293103448275862,0.21160352837509874,Moderate-Low,0.0,0.0,0.0,0.0,Well-served
08,CUSCO,0807,CHUMBIVILCAS,080707,QUIÑOTA,QUIÑOTA,0001,1,INEI,3,0,134,82.08955223880596,100.0,0.0,0.0,0.0,0.006395584204559031,0.0,0.8208955223880596,0.27576370219753954,Moderate-Low,0.0,0.0,0.0,0.0,Well-served
03,APURIMAC,0303,ANTABAMBA,030307,SABAINO,SABAINO,0001,1,INEI,1,0,71,42.25352112676056,98.59154929577464,0.0,0.0,0.0,0.002732709657671323,0.0,0.4225352112676056,0.14175597364175896,Underserved,0.0,0.0,0.0,0.0,Well-served
03,APURIMAC,0307,GRAU,030713,VIRUNDO,SAN JUAN DE VIRUNDO,0001,1,INEI,1,0,39,71.7948717948718,100.0,0.0,0.0,0.0,0.004220902002306815,0.0,0.717948717948718,0.24072320665034158,Moderate-Low,0.0,0.0,0.0,0.0,Well-served
21,PUNO,2108,MELGAR,210808,SANTA ROSA,SANTA ROSA,0001,1,INEI,5,0,110,65.45454545454545,96.36363636363636,0.0,0.0,0.0,0.0029894156093853755,0.0,0.6545454545454545,0.2191782900516133,Moderate-Low,0.0,0.0,0.0,0.0,Well-served
21,PUNO,2112,SANDIA,211202,CUYOCUYO,CUYOCUYO,0001,1,INEI,4,0,86,66.27906976744185,98.83720930232558,0.0,0.0,0.0,0.00374371264100697,0.0,0.6627906976744186,0.2221781367718085,Moderate-Low,0.0,0.0,0.0,0.0,Well-served
08,CUSCO,0805,CANAS,080503,KUNTURKANKI,EL DESCANSO,0001,1,INEI,2,0,140,35.714285714285715,97.85714285714286,0.0,0.0,0.0,0.002443458810537677,0.0,0.35714285714285715,0.11986210531779827,Underserved,0.0,0.0,0.0,0.0,Well-served
08,CUSCO,0805,CANAS,080502,CHECCA,CHECCA,0001,1,INEI,2,0,165,36.96969696969697,86.06060606060606,0.0,0.0,0.0,0.0019094818006469285,0.0,0.3696969696969697,0.1238688171658722,Underserved,0.0,0.0,0.0,0.0,Well-served
08,CUSCO,0807,CHUMBIVILCAS,080708,VELILLE,VELILLE,0001,1,INEI,2,0,315,33.65079365079365,78.0952380952381,0.0,0.0,0.0,0.0012675802534146728,0.0,0.33650793650793653,0.1125918389204504,Underserved,0.0,0.0,0.0,0.0,Well-served
21,PUNO,2102,AZANGARO,210211,SAN ANTON,SAN ANTON,0001,1,INEI,3,0,156,64.74358974358974,97.43589743589743,0.0,0.0,0.0,0.002793703037345164,0.0,0.6474358974358974,0.21674320015774748,Moderate-Low,0.0,0.0,0.0,0.0,Well-served
03,APURIMAC,0303,ANTABAMBA,030304,JUAN ESPINOZA MEDRANO,MOLLEBAMBA,0001,1,INEI,5,0,182,42.30769230769231,79.12087912087912,0.0,0.0,0.0,0.00381404078874429,0.0,0.4230769230769231,0.14229698795522244,Underserved,0.0,0.0,0.0,0.0,Well-served
08,CUSCO,0807,CHUMBIVILCAS,080701,SANTO TOMAS,SANTO TOMAS,0001,1,INEI,13,1,527,50.853889943074,74.95256166982922,7.020872865275142,13.472485768500949,11160.0,0.0032888978092160365,0.003997923659002905,0.50853889943074,0.17194190696631964,Underserved,0.0005692323131335447,0.003997923659002905,0.1347248576850095,0.08174834580543298,Well-served
03,APURIMAC,0304,AYMARAES,030406,COTARUSE,COTARUSE,0001,1,INEI,9,0,263,33.460076045627375,71.10266159695817,0.0,0.0,0.0,0.0025028032630911986,0.0,0.33460076045627374,0.11236785457312165,Underserved,0.0,0.0,0.0,0.0,Well-served
03,APURIMAC,0303,ANTABAMBA,030301,ANTABAMBA,ANTABAMBA,0001,1,INEI,4,0,211,39.81042654028436,67.29857819905213,0.0,0.0,0.0,0.0032016965063747637,0.0,0.3981042654028436,0.13376865396973944,Underserved,0.0,0.0,0.0,0.0,Well-served
03,APURIMAC,0304,AYMARAES,030403,CARAYBAMBA,CARAYBAMBA,0001,1,INEI,1,0,46,19.565217391304348,47.82608695652174,0.0,0.0,0.0,0.0020952334757709866,0.0,0.1956521739130435,0.06591580246293816,Underserved,0.0,0.0,0.0,0.0,Well-served
08,CUSCO,0805,CANAS,080504,LANGUI,LANGUI,0001,1,INEI,2,0,56,89.28571428571429,100.0,0.0,7.142857142857143,0.0,0.0056225679467632175,0.0,0.8928571428571429,0.29949323693463537,Moderate-High,0.0,0.0,0.07142857142857144,0.042857142857142864,Well-served
11,ICA,1101,ICA,110106,PARCONA,PARCONA,0001,1,INEI,4,0,25,100.0,100.0,100.0,100.0,1339.0,0.11201905513334344,0.0004796791917029471,1.0,0.3708329114416821,Well-served,0.0,0.0004796791917029471,1.0,0.6000959358383405,Well-served
11,ICA,1101,ICA,110101,ICA,ICA,0001,1,INEI,10,4,29,96.55172413793103,100.0,68.96551724137932,100.0,1241416.0,0.005443768540613463,0.44472100332121417,0.9655172413793103,0.4718940044137126,Well-served,0.004899391686552116,0.44472100332121417,1.0,0.6899240790015533,Well-served
11,ICA,1101,ICA,110103,LOS AQUIJES,LOS AQUIJES,0001,1,INEI,3,0,38,100.0,100.0,84.21052631578948,100.0,0.0,0.015967450678034966,0.0,1.0,0.3386558168926783,Well-served,0.0,0.0,1.0,0.6,Well-served
11,ICA,1104,PALPA,110405,TIBILLO,TIBILLO,0001,1,INEI,1,0,57,43.85964912280702,85.96491228070175,0.0,0.0,0.0,0.0014369564889613019,0.0,0.4385964912280702,0.14667781590567716,Underserved,0.0,0.0,0.0,0.0,Well-served
08,CUSCO,0806,CANCHIS,080603,COMBAPATA,COMBAPATA,0001,1,INEI,2,0,85,54.11764705882353,90.58823529411765,0.0,0.0,0.0,0.005549035658228842,0.0,0.5411764705882353,0.18224183541548802,Underserved,0.0,0.0,0.0,0.0,Well-served
08,CUSCO,0810,PARURO,081006,OMACHA,OMACHA,0001,1,INEI,4,0,93,65.59139784946237,92.47311827956989,0.0,0.0,0.0,0.0045086292616652104,0.0,0.6559139784946236,0.22014086925209628,Moderate-Low,0.0,0.0,0.0,0.0,Well-served
03,APURIMAC,0304,AYMARAES,030407,IHUAYLLO,IHUAYLLO,0001,1,INEI,2,0,41,97.5609756097561,100.0,0.0,0.0,0.0,0.013259974128922747,0.0,0.975609756097561,0.3296232434088279,Moderate-High,0.0,0.0,0.0,0.0,Well-served
03,APURIMAC,0304,AYMARAES,030408,JUSTO APU SAHUARAURA,PICHIHUA,0001,1,INEI,2,0,58,93.10344827586206,100.0,0.0,0.0,0.0,0.009555433101647534,0.0,0.9310344827586207,0.3135299719534227,Moderate-High,0.0,0.0,0.0,0.0,Well-served
03,APURIMAC,0304,AYMARAES,030414,TAPAIRIHUA,TAPAIRIHUA,0001,1,INEI,3,0,46,89.1304347826087,97.82608695652173,0.0,0.0,0.0,0.00915020783918869,0.0,0.891304347826087,0.30015151855509187,Moderate-High,0.0,0.0,0.0,0.0,Well-served
09,HUANCAVELICA,0906,HUAYTARA,090614,SANTIAGO DE QUIRAHUARA,SANTIAGO DE QUIRAHUARA,0001,1,INEI,1,0,66,72.72727272727273,84.84848484848484,0.0,0.0,0.0,0.0027520723768610627,0.0,0.7272727272727273,0.24334159988319612,Moderate-Low,0.0,0.0,0.0,0.0,Well-served
03,APURIMAC,0307,GRAU,030714,CURASCO,CURASCO,0001,1,INEI,2,0,29,89.65517241379311,100.0,0.0,0.0,0.0,0.007069154389224429,0.0,0.896551724137931,0.3012069595090518,Moderate-High,0.0,0.0,0.0,0.0,Well-served
21,PUNO,2103,CARABAYA,210310,USICAYOS,USICAYOS,0001,1,INEI,3,0,202,36.13861386138614,83.66336633663366,0.0,0.0,0.0,0.002191816359445499,0.0,0.36138613861386143,0.12119265165776898,Underserved,0.0,0.0,0.0,0.0,Well-served
11,ICA,1101,ICA,110112,SUBTANJALLA,SUBTANJALLA,0001,1,INEI,5,0,8,100.0,100.0,50.0,100.0,12648.0,0.012971324581758927,0.004530980146869959,1.0,0.33916743490954293,Well-served,0.0,0.004530980146869959,1.0,0.600906196029374,Well-served
03,APURIMAC,0307,GRAU,030708,PROGRESO,PROGRESO,0001,1,INEI,4,0,43,95.34883720930233,100.0,0.0,0.0,0.0,0.008020451242523204,0.0,0.9534883720930233,0.32050294111184885,Moderate-High,0.0,0.0,0.0,0.0,Well-served
08,CUSCO,0802,ACOMAYO,080202,ACOPIA,ACOPIA,0001,1,INEI,1,0,14,100.0,100.0,0.0,0.0,0.0,0.006741225003810178,0.0,1.0,0.3355804083346034,Well-served,0.0,0.0,0.0,0.0,Well-served
11,ICA,1101,ICA,110102,LA TINGUIÑA,LA TINGUIÑA,0001,1,INEI,3,0,42,100.0,100.0,38.095238095238095,100.0,8569.0,0.017745312539776698,0.003069731884766657,1.0,0.34027168147484776,Well-served,0.0,0.003069731884766657,1.0,0.6006139463769533,Well-served
03,APURIMAC,0307,GRAU,030701,CHUQUIBAMBILLA,CHUQUIBAMBILLA,0001,1,INEI,7,0,132,71.96969696969697,98.48484848484848,0.0,0.0,0.0,0.007935904914755251,0.0,0.7196969696969697,0.24254429153724164,Moderate-Low,0.0,0.0,0.0,0.0,Well-served
09,HUANCAVELICA,0906,HUAYTARA,090606,OCOYO,OCOYO,0001,1,INEI,1,0,134,57.46268656716418,100.0,0.0,0.0,0.0,0.0028704010697123603,0.0,0.5746268656716418,0.1924990889137847,Moderate-Low,0.0,0.0,0.0,0.0,Well-served
21,PUNO,2108,MELGAR,210804,LLALLI,LLALLI,0001,1,INEI,1,0,95,32.63157894736842,75.78947368421052,0.0,0.0,0.0,0.0021008495619129542,0.0,0.32631578947368417,0.1094722130118657,Underserved,0.0,0.0,0.0,0.0,Well-served
11,ICA,1103,NASCA,110303,EL INGENIO,EL INGENIO,0001,1,INEI,3,0,50,56.0,74.0,0.0,0.0,0.0,0.002368252337833631,0.0,0.56,0.18745608411261122,Underserved,0.0,0.0,0.0,0.0,Well-served
21,PUNO,2102,AZANGARO,210212,SAN JOSE,SAN JOSE,0001,1,INEI,2,0,108,31.48148148148148,90.74074074074075,0.0,0.0,0.0,0.0024169199263558753,0.0,0.3148148148148148,0.10574391158039022,Underserved,0.0,0.0,0.0,0.0,Well-served
08,CUSCO,0808,ESPINAR,080803,COPORAQUE,COPORAQUE,0001,1,INEI,3,0,516,21.31782945736434,63.75968992248062,0.0,2.3255813953488373,0.0,0.0009358225056858269,0.0,0.2131782945736434,0.0713713723597764,Underserved,0.0,0.0,0.023255813953488372,0.013953488372093023,Well-served
11,ICA,1104,PALPA,110402,LLIPATA,LLIPATA,0001,1,INEI,1,0,22,95.45454545454545,100.0,0.0,0.0,0.0,0.002644345188642737,0.0,0.9545454545454546,0.3190632665780324,Moderate-High,0.0,0.0,0.0,0.0,Well-served
21,PUNO,2112,SANDIA,211208,YANAHUAYA,YANAHUAYA,0001,1,INEI,1,0,35,48.57142857142857,74.28571428571429,0.0,0.0,0.0,0.0007399837655414151,0.0,0.4857142857142857,0.16215142315994235,Underserved,0.0,0.0,0.0,0.0,Well-served
03,APURIMAC,0303,ANTABAMBA,030305,OROPESA,OROPESA,0001,1,INEI,6,0,226,47.34513274336283,96.01769911504425,0.0,0.0,0.0,0.0024711527397402416,0.0,0.47345132743362833,0.1586408267244562,Underserved,0.0,0.0,0.0,0.0,Well-served
11,ICA,1104,PALPA,110403,RIO GRANDE,RIO GRANDE,0001,1,INEI,3,0,45,68.88888888888889,91.11111111111111,0.0,0.0,0.0,0.004615799058529523,0.0,0.6888888888888889,0.23116822931580613,Moderate-Low,0.0,0.0,0.0,0.0,Well-served
03,APURIMAC,0304,AYMARAES,030401,CHALHUANCA,CHALHUANCA,0001,1,INEI,3,0,75,62.666666666666664,100.0,0.0,0.0,0.0,0.004269903579738683,0.0,0.6266666666666666,0.2103121900821351,Moderate-Low,0.0,0.0,0.0,0.0,Well-served
21,PUNO,2103,CARABAYA,210306,CRUCERO,CRUCERO,0001,1,INEI,3,0,452,36.06194690265487,80.97345132743362,0.0,0.0,0.0,0.0016831281918523982,0.0,0.3606194690265487,0.12076753240613369,Underserved,0.0,0.0,0.0,0.0,Well-served
08,CUSCO,0805,CANAS,080501,YANAOCA,YANAOCA,0001,1,INEI,3,0,114,70.17543859649123,100.0,0.0,0.0,0.0,0.004959085216289151,0.0,0.7017543859649124,0.2355711570604005,Moderate-Low,0.0,0.0,0.0,0.0,Well-served
03,APURIMAC,0307,GRAU,030705,MAMARA,MAMARA,0001,1,INEI,1,0,16,87.5,100.0,0.0,0.0,0.0,0.007693760075991343,0.0,0.875,0.29423125335866374,Moderate-High,0.0,0.0,0.0,0.0,Well-served
21,PUNO,2108,MELGAR,210802,ANTAUTA,ANTAUTA,0001,1,INEI,2,0,250,29.2,65.2,0.0,0.0,0.0,0.0014659737306010512,0.0,0.292,0.09782199124353368,Underserved,0.0,0.0,0.0,0.0,Well-served
08,CUSCO,0806,CANCHIS,080601,SICUANI,SICUANI,0001,1,INEI,8,2,437,41.64759725400457,60.640732265446225,15.331807780320366,49.65675057208238,76058.0,0.005951255773740607,0.027246781152011016,0.41647597254004576,0.14989133648859912,Underserved,0.003347581372729091,0.027246781152011016,0.4965675057208238,0.3040593759374423,Well-served
03,APURIMAC,0307,GRAU,030711,TURPAY,TURPAY,0001,1,INEI,1,0,23,100.0,100.0,0.0,0.0,0.0,0.009460462057282574,0.0,1.0,0.33648682068576086,Well-served,0.0,0.0,0.0,0.0,Well-served
08,CUSCO,0807,CHUMBIVILCAS,080703,CHAMACA,CHAMACA,0001,1,INEI,5,0,197,60.40609137055838,97.96954314720813,0.0,6.091370558375634,0.0,0.0035724990863132268,0.0,0.6040609137055838,0.20254447093063233,Moderate-Low,0.0,0.0,0.06091370558375634,0.0365482233502538,Well-served
03,APURIMAC,0307,GRAU,030709,SAN ANTONIO,SAN ANTONIO,0001,1,INEI,1,0,18,100.0,100.0,0.0,0.0,0.0,0.019018400626354407,0.0,1.0,0.33967280020878476,Well-served,0.0,0.0,0.0,0.0,Well-served
08,CUSCO,0805,CANAS,080506,PAMPAMARCA,PAMPAMARCA,0001,1,INEI,1,0,14,100.0,100.0,0.0,0.0,0.0,0.015436863047302062,0.0,1.0,0.3384789543491007,Well-served,0.0,0.0,0.0,0.0,Well-served
08,CUSCO,0802,ACOMAYO,080205,POMACANCHI,POMACANCHI,0001,1,INEI,3,0,132,81.06060606060606,100.0,0.0,0.0,0.0,0.005403212600526177,0.0,0.8106060606060607,0.2720030910688623,Moderate-Low,0.0,0.0,0.0,0.0,Well-served
09,HUANCAVELICA,0906,HUAYTARA,090603,CORDOVA,CORDOVA,0001,1,INEI,1,0,86,56.97674418604651,100.0,0.0,0.0,0.0,0.004690069646506115,0.0,0.5697674418604651,0.19148583716899042,Moderate-Low,0.0,0.0,0.0,0.0,Well-served
08,CUSCO,0807,CHUMBIVILCAS,080702,CAPACMARCA,CAPACMARCA,0001,1,INEI,2,0,87,68.96551724137932,100.0,0.0,0.0,0.0,0.0035975345291153825,0.0,0.6896551724137931,0.23108423564763617,Moderate-Low,0.0,0.0,0.0,0.0,Well-served
03,APURIMAC,0304,AYMARAES,030416,TORAYA,TORAYA,0001,1,INEI,4,0,32,96.875,100.0,0.0,0.0,0.0,0.011448002912525729,0.0,0.96875,0.3267326676375085,Moderate-High,0.0,0.0,0.0,0.0,Well-served
11,ICA,1101,ICA,110110,SAN JUAN BAUTISTA,SAN JUAN BAUTISTA,0001,1,INEI,5,0,46,100.0,100.0,21.73913043478261,78.26086956521739,0.0,0.07461746124567842,0.0,1.0,0.35820582041522614,Well-served,0.0,0.0,0.782608695652174,0.46956521739130436,Well-served
21,PUNO,2112,SANDIA,211205,PHARA,PHARA,0001,1,INEI,1,0,94,27.659574468085108,80.85106382978724,0.0,0.0,0.0,0.001107597591744747,0.0,0.2765957446808511,0.09256778075753193,Underserved,0.0,0.0,0.0,0.0,Well-served
03,APURIMAC,0302,ANDAHUAYLAS,030206,HUAYANA,HUAYANA,0001,1,INEI,2,0,43,95.34883720930233,100.0,0.0,0.0,0.0,0.01012769473111909,0.0,0.9534883720930233,0.32120535560804747,Moderate-High,0.0,0.0,0.0,0.0,Well-served
09,HUANCAVELICA,0906,HUAYTARA,090612,SAN ISIDRO,SAN JUAN DE HUIRPACANCHA,0001,1,INEI,1,0,54,68.51851851851852,100.0,0.0,0.0,0.0,0.0028619644064754326,0.0,0.6851851851851852,0.22934904986388688,Moderate-Low,0.0,0.0,0.0,0.0,Well-served
03,APURIMAC,0302,ANDAHUAYLAS,030214,SAN MIGUEL DE CHACCRAMPA,CHACCRAMPA,0001,1,INEI,4,0,41,100.0,100.0,0.0,0.0,0.0,0.02273450026636106,0.0,1.0,0.340911500088787,Well-served,0.0,0.0,0.0,0.0,Well-served
03,APURIMAC,0304,AYMARAES,030404,CHAPIMARCA,CHAPIMARCA,0001,1,INEI,4,0,88,94.31818181818181,100.0,0.0,0.0,0.0,0.009457687758022141,0.0,0.9431818181818181,0.3175465019799467,Moderate-High,0.0,0.0,0.0,0.0,Well-served
11,ICA,1101,ICA,110114,YAUCA DEL ROSARIO,CURIS /9,0001,1,INEI,4,0,57,45.6140350877193,91.2280701754386,0.0,0.0,0.0,0.0015301110330444235,0.0,0.456140350877193,0.1525568206367458,Underserved,0.0,0.0,0.0,0.0,Well-served
09,HUANCAVELICA,0906,HUAYTARA,090608,QUERCO,QUERCO,0001,1,INEI,1,0,146,13.698630136986301,23.28767123287671,0.0,0.0,0.0,0.0007043550862825566,0.0,0.136986301369863,0.04589688548538185,Underserved,0.0,0.0,0.0,0.0,Well-served
03,APURIMAC,0307,GRAU,030703,GAMARRA,PALPACACHI,0001,1,INEI,10,0,73,100.0,100.0,0.0,0.0,0.0,0.013790525817890639,0.0,1.0,0.3379301752726302,Well-served,0.0,0.0,0.0,0.0,Well-served
03,APURIMAC,0302,ANDAHUAYLAS,030212,SAN ANTONIO DE CACHI,SAN ANTONIO DE CACHI,0001,1,INEI,4,0,55,100.0,100.0,0.0,0.0,0.0,0.010813650491185527,0.0,1.0,0.33693788349706183,Well-served,0.0,0.0,0.0,0.0,Well-served
21,PUNO,2103,CARABAYA,210305,CORANI,CORANI,0001,1,INEI,5,0,227,47.136563876651984,80.1762114537445,0.0,0.0,0.0,0.0027097730197913118,0.0,0.4713656387665198,0.1580251372621037,Underserved,0.0,0.0,0.0,0.0,Well-served
08,CUSCO,0806,CANCHIS,080605,PITUMARCA,PITUMARCA,0001,1,INEI,1,0,295,12.203389830508474,43.728813559322035,0.0,0.0,0.0,0.0004407766445537885,0.0,0.12203389830508474,0.040824891649879506,Underserved,0.0,0.0,0.0,0.0,Well-served
03,APURIMAC,0302,ANDAHUAYLAS,030218,TURPO,TURPO,0001,1,INEI,6,0,52,94.23076923076923,100.0,0.0,0.0,0.0,0.023399209939632255,0.0,0.9423076923076923,0.3219023007491082,Moderate-High,0.0,0.0,0.0,0.0,Well-served
11,ICA,1105,PISCO,110506,SAN ANDRES,SAN ANDRES,0001,1,INEI,3,1,34,79.41176470588235,97.05882352941177,52.94117647058823,73.52941176470588,0.0,0.006230782577644276,0.0,0.7941176470588235,0.2667828098788225,Moderate-Low,0.004673086933233207,0.0,0.7352941176470589,0.44211108797488197,Well-served
03,APURIMAC,0305,COTABAMBAS,030501,TAMBOBAMBA,TAMBOBAMBA,0001,1,INEI,11,1,154,96.75324675324676,100.0,20.12987012987013,52.5974025974026,99199.0,0.007423095404739762,0.035536740954249926,0.9675324675324676,0.3368307679638191,Well-served,0.0015183604236967694,0.035536740954249926,0.525974025974026,0.3229954358600049,Well-served
08,CUSCO,0812,QUISPICANCHI,081212,QUIQUIJANA,QUIQUIJANA,0001,1,INEI,2,0,165,23.03030303030303,98.78787878787878,0.0,0.0,0.0,0.0026431647268308736,0.0,0.23030303030303031,0.07764873167662038,Underserved,0.0,0.0,0.0,0.0,Well-served
08,CUSCO,0802,ACOMAYO,080206,RONDOCAN,RONDOCAN,0001,1,INEI,1,0,98,41.83673469387755,100.0,0.0,0.0,0.0,0.002631070546417261,0.0,0.41836734693877553,0.14033280582839758,Underserved,0.0,0.0,0.0,0.0,Well-served
03,APURIMAC,0302,ANDAHUAYLAS,030205,HUANCARAY,HUANCARAY,0001,1,INEI,4,0,85,96.47058823529412,100.0,0.0,0.0,0.0,0.017372031813197374,0.0,0.9647058823529412,0.32735930472204616,Moderate-High,0.0,0.0,0.0,0.0,Well-served
08,CUSCO,0810,PARURO,081007,PACCARITAMBO,PACCARITAMBO,0001,1,INEI,1,0,65,66.15384615384616,100.0,0.0,0.0,0.0,0.0033906161110762684,0.0,0.6615384615384616,0.2216430258831793,Moderate-Low,0.0,0.0,0.0,0.0,Well-served
11,ICA,1105,PISCO,110508,TUPAC AMARU INCA,TUPAC AMARU,0001,1,INEI,3,0,16,100.0,100.0,50.0,93.75,0.0,0.02579095820660752,0.0,1.0,0.3419303194022025,Well-served,0.0,0.0,0.9375,0.5625,Well-served
03,APURIMAC,0301,ABANCAY,030106,LAMBRAMA,LAMBRAMA,0001,1,INEI,7,0,107,81.30841121495327,97.19626168224299,0.0,13.08411214953271,0.0,0.00642329448261213,0.0,0.8130841121495327,0.27316913554404826,Moderate-Low,0.0,0.0,0.13084112149532712,0.07850467289719627,Well-served
11,ICA,1105,PISCO,110501,PISCO,PISCO,0001,1,INEI,5,1,24,100.0,100.0,100.0,100.0,486693.0,0.10519021434918359,0.1743513852483065,1.0,0.4265138665324967,Well-served,0.04733559645713262,0.1743513852483065,1.0,0.6443373963410878,Well-served
08,CUSCO,0802,ACOMAYO,080207,SANGARARA,SANGARARA,0001,1,INEI,2,0,28,92.85714285714286,100.0,0.0,0.0,0.0,0.011190976945223632,0.0,0.9285714285714286,0.3132541351722174,Moderate-High,0.0,0.0,0.0,0.0,Well-served
03,APURIMAC,0304,AYMARAES,030405,COLCABAMBA,COLCABAMBA,0001,1,INEI,0,0,41,63.41463414634146,100.0,0.0,0.0,0.0,0.0,0.0,0.6341463414634146,0.2113821138211382,Moderate-Low,0.0,0.0,0.0,0.0,Well-served
08,CUSCO,0810,PARURO,081008,PILLPINTO,PILLPINTO,0001,1,INEI,1,0,21,85.71428571428571,100.0,0.0,0.0,0.0,0.006141644736321454,0.0,0.8571428571428571,0.28776150062639283,Moderate-High,0.0,0.0,0.0,0.0,Well-served
21,PUNO,2103,CARABAYA,210301,MACUSANI,MACUSANI,0001,1,INEI,4,1,255,27.45098039215686,82.3529411764706,9.803921568627452,37.254901960784316,34509.0,0.0018895031814036263,0.012362396733739359,0.2745098039215686,0.09625390127890385,Underserved,0.0010628455395395398,0.012362396733739359,0.37254901960784315,0.22621446021936167,Well-served
08,CUSCO,0810,PARURO,081002,ACCHA,ACCHA,0001,1,INEI,1,0,83,57.83132530120482,100.0,0.0,0.0,0.0,0.00201693583409849,0.0,0.5783132530120482,0.19344339628204887,Moderate-Low,0.0,0.0,0.0,0.0,Well-served
03,APURIMAC,0305,COTABAMBAS,030505,MARA,MARA,0001,1,INEI,7,0,72,95.83333333333333,100.0,0.0,0.0,0.0,0.0151977199121501,0.0,0.9583333333333333,0.3245103510818278,Moderate-High,0.0,0.0,0.0,0.0,Well-served
03,APURIMAC,0307,GRAU,030704,HUAYLLATI,HUAYLLATI,0001,1,INEI,6,0,23,100.0,100.0,0.0,0.0,0.0,0.023302193599050423,0.0,1.0,0.3411007311996835,Well-served,0.0,0.0,0.0,0.0,Well-served
03,APURIMAC,0301,ABANCAY,030102,CHACOCHE,CHACOCHE,0001,1,INEI,3,0,16,75.0,100.0,0.0,0.0,0.0,0.0081835033067686,0.0,0.75,0.25272783443558955,Moderate-Low,0.0,0.0,0.0,0.0,Well-served
03,APURIMAC,0307,GRAU,030702,CURPAHUASI,CURPAHUASI,0001,1,INEI,4,0,40,85.0,95.0,0.0,0.0,0.0,0.006218932785262513,0.0,0.85,0.28540631092842084,Moderate-High,0.0,0.0,0.0,0.0,Well-served
08,CUSCO,0802,ACOMAYO,080203,ACOS,ACOS,0001,1,INEI,1,0,70,62.857142857142854,100.0,0.0,0.0,0.0,0.003496776415195915,0.0,0.6285714285714286,0.21068940166220815,Moderate-Low,0.0,0.0,0.0,0.0,Well-served
08,CUSCO,0806,CANCHIS,080602,CHECACUPE,CHECACUPE,0001,1,INEI,2,0,186,26.344086021505376,46.236559139784944,0.0,0.0,0.0,0.0010263726426521054,0.0,0.26344086021505375,0.08815574428590195,Underserved,0.0,0.0,0.0,0.0,Well-served
03,APURIMAC,0302,ANDAHUAYLAS,030217,TUMAY HUARACA,UMAMARCA,0001,1,INEI,3,0,115,60.0,93.91304347826087,0.0,0.0,0.0,0.0031933425440446054,0.0,0.6,0.20106444751468153,Moderate-Low,0.0,0.0,0.0,0.0,Well-served
21,PUNO,2112,SANDIA,211209,ALTO INAMBARI,MASSIAPO,0001,1,INEI,7,0,85,72.94117647058823,96.47058823529412,0.0,0.0,0.0,0.002462058731423327,0.0,0.7294117647058823,0.24395794114576852,Moderate-Low,0.0,0.0,0.0,0.0,Well-served
03,APURIMAC,0302,ANDAHUAYLAS,030203,CHIARA,CHIARA,0001,1,INEI,3,0,40,92.5,100.0,0.0,0.0,0.0,0.009869298290934624,0.0,0.925,0.3116230994303116,Moderate-High,0.0,0.0,0.0,0.0,Well-served
08,CUSCO,0802,ACOMAYO,080201,ACOMAYO,ACOMAYO,0001,1,INEI,1,0,129,62.01550387596899,100.0,0.0,0.0,0.0,0.00340715675671139,0.0,0.6201550387596899,0.20785406517213376,Moderate-Low,0.0,0.0,0.0,0.0,Well-served
03,APURIMAC,0304,AYMARAES,030411,SAN JUAN DE CHACÑA,SAN JUAN DE CHACÑA,0001,1,INEI,1,0,47,97.87234042553192,100.0,0.0,0.0,0.0,0.005015318653323891,0.0,0.9787234042553191,0.32791290763621433,Moderate-High,0.0,0.0,0.0,0.0,Well-served
03,APURIMAC,0304,AYMARAES,030409,LUCRE,LUCRE,0001,1,INEI,4,0,71,97.1830985915493,100.0,0.0,0.0,0.0,0.01860134419133599,0.0,0.971830985915493,0.3301441100356097,Moderate-High,0.0,0.0,0.0,0.0,Well-served
09,HUANCAVELICA,0906,HUAYTARA,090605,LARAMARCA,LARAMARCA,0001,1,INEI,1,0,70,44.285714285714285,61.42857142857143,0.0,0.0,0.0,0.0024982913539234766,0.0,0.44285714285714284,0.14845181140368877,Underserved,0.0,0.0,0.0,0.0,Well-served
11,ICA,1101,ICA,110108,SALAS,GUADALUPE,0001,1,INEI,2,0,229,42.79475982532751,90.82969432314411,0.0,4.8034934497816595,15870.0,0.0014680760750990442,0.005685219396807895,0.4279475982532751,0.14503363124172733,Underserved,0.0,0.005685219396807895,0.048034934497816595,0.029958004578051534,Well-served
08,CUSCO,0810,PARURO,081004,COLCHA,COLCHA,0001,1,INEI,2,0,26,76.92307692307692,100.0,0.0,0.0,0.0,0.006888193189958419,0.0,0.7692307692307692,0.2587063208069092,Moderate-Low,0.0,0.0,0.0,0.0,Well-served
08,CUSCO,0812,QUISPICANCHI,081206,CUSIPATA,CUSIPATA,0001,1,INEI,2,0,85,76.47058823529412,98.82352941176471,0.0,0.0,0.0,0.00396841814454976,0.0,0.7647058823529411,0.25622476683249695,Moderate-Low,0.0,0.0,0.0,0.0,Well-served
03,APURIMAC,0304,AYMARAES,030415,TINTAY,TINTAY,0001,1,INEI,4,0,85,100.0,100.0,0.0,0.0,0.0,0.013552991440712802,0.0,1.0,0.33785099714690425,Well-served,0.0,0.0,0.0,0.0,Well-served
03,APURIMAC,0301,ABANCAY,030103,CIRCA,CIRCA,0001,1,INEI,4,0,132,64.39393939393939,84.84848484848484,0.0,0.0,0.0,0.003042040441363114,0.0,0.6439393939393939,0.21566047812691902,Moderate-Low,0.0,0.0,0.0,0.0,Well-served
03,APURIMAC,0305,COTABAMBAS,030503,COYLLURQUI,COYLLURQUI,0001,1,INEI,7,0,91,91.20879120879121,100.0,0.0,0.0,0.0,0.008053358103069813,0.0,0.9120879120879121,0.3067137567303273,Moderate-High,0.0,0.0,0.0,0.0,Well-served
08,CUSCO,0810,PARURO,081003,CCAPI,CCAPI,0001,1,INEI,2,0,89,56.17977528089887,100.0,0.0,0.0,0.0,0.00295983086735156,0.0,0.5617977528089887,0.18825252789211339,Underserved,0.0,0.0,0.0,0.0,Well-served
11,ICA,1105,PISCO,110505,PARACAS,PARACAS,0001,1,INEI,2,0,27,66.66666666666667,88.88888888888889,0.0,14.814814814814815,0.0,0.000676714753187177,0.0,0.6666666666666667,0.22244779380661797,Moderate-Low,0.0,0.0,0.14814814814814814,0.08888888888888888,Well-served
09,HUANCAVELICA,0906,HUAYTARA,090611,SAN FRANCISCO DE SANGAYAICO,SAN FRANCISCO DE SANGAYAICO,0001,1,INEI,2,0,33,69.6969696969697,100.0,0.0,0.0,0.0,0.012302683264422047,0.0,0.696969696969697,0.23642412674470634,Moderate-Low,0.0,0.0,0.0,0.0,Well-served
11,ICA,1101,ICA,110109,SAN JOSE DE LOS MOLINOS,SAN JOSE DE LOS MOLINOS,0001,1,INEI,3,0,47,82.97872340425532,100.0,0.0,6.382978723404255,0.0,0.004017286700697855,0.0,0.8297872340425532,0.2779348402477503,Moderate-Low,0.0,0.0,0.06382978723404255,0.038297872340425525,Well-served
08,CUSCO,0812,QUISPICANCHI,081207,HUARO,HUARO,0001,1,INEI,2,0,54,55.55555555555556,87.03703703703704,0.0,0.0,16.0,0.008878796925456622,5.73179019211886e-06,0.5555555555555556,0.18814669475706808,Underserved,0.0,5.73179019211886e-06,0.0,1.146358038423772e-06,Well-served
03,APURIMAC,0301,ABANCAY,030107,PICHIRHUA,PICHIRHUA,0001,1,INEI,9,0,120,99.16666666666667,100.0,0.0,15.0,0.0,0.011616551637985771,0.0,0.9916666666666667,0.33442773943488413,Well-served,0.0,0.0,0.15,0.09,Well-served
03,APURIMAC,0305,COTABAMBAS,030502,COTABAMBAS,COTABAMBAS,0001,1,INEI,4,0,122,85.24590163934427,100.0,0.0,0.0,0.0,0.005896638174061414,0.0,0.8524590163934427,0.2861185515225013,Moderate-High,0.0,0.0,0.0,0.0,Well-served
21,PUNO,2101,PUNO,210112,PLATERIA,PLATERIA,0001,1,INEI,7,0,130,92.3076923076923,100.0,0.0,0.0,0.0,0.013725867115455408,0.0,0.923076923076923,0.3122675967307928,Moderate-High,0.0,0.0,0.0,0.0,Well-served
08,CUSCO,0812,QUISPICANCHI,081208,LUCRE,LUCRE,0001,1,INEI,1,0,57,52.63157894736842,100.0,0.0,0.0,0.0,0.004079815182583948,0.0,0.5263157894736842,0.17679853488542271,Underserved,0.0,0.0,0.0,0.0,Well-served
03,APURIMAC,0306,CHINCHEROS,030603,COCHARCAS,COCHARCAS,0001,1,INEI,3,0,33,100.0,100.0,0.0,15.151515151515152,0.0,0.0133859480090573,0.0,1.0,0.3377953160030191,Well-served,0.0,0.0,0.15151515151515152,0.09090909090909091,Well-served
03,APURIMAC,0301,ABANCAY,030101,ABANCAY,ABANCAY,0001,1,INEI,14,2,107,95.32710280373831,100.0,56.074766355140184,96.26168224299066,246468.0,0.023565748489050214,0.08829392906694696,0.9532710280373832,0.35504356853112673,Well-served,0.007574704871480426,0.08829392906694696,0.9626168224299065,0.5967438202456293,Well-served
03,APURIMAC,0301,ABANCAY,030109,TAMBURCO,TAMBURCO,0001,1,INEI,3,0,47,93.61702127659575,100.0,36.170212765957444,100.0,0.0,0.02651791299295976,0.0,0.9361702127659575,0.32089604191963905,Moderate-High,0.0,0.0,1.0,0.6,Well-served
03,APURIMAC,0302,ANDAHUAYLAS,030209,PACUCHA,PACUCHA,0001,1,INEI,6,0,82,100.0,100.0,0.0,45.1219512195122,0.0,0.017016113995673796,0.0,1.0,0.33900537133189124,Well-served,0.0,0.0,0.45121951219512196,0.2707317073170732,Well-served
08,CUSCO,0801,CUSCO,080102,CCORCA,CCORCA,0001,1,INEI,1,0,55,61.81818181818182,100.0,0.0,18.181818181818183,0.0,0.002981738406273316,0.0,0.6181818181818182,0.20705451886269716,Moderate-Low,0.0,0.0,0.18181818181818182,0.10909090909090909,Well-served
09,HUANCAVELICA,0901,HUANCAVELICA,090117,YAULI,YAULI,0001,1,INEI,15,0,151,95.36423841059603,100.0,0.0,1.9867549668874172,45921.0,0.022598833770452947,0.016450596088268137,0.9536423841059603,0.3308972713215604,Moderate-High,0.0,0.016450596088268137,0.019867549668874173,0.015210649018978131,Well-served
09,HUANCAVELICA,0902,ACOBAMBA,090208,ROSARIO,ROSARIO,0001,1,INEI,10,0,90,100.0,100.0,0.0,16.666666666666668,487.0,0.05046245171653654,0.0001744613639726178,1.0,0.3502123043601697,Well-served,0.0,0.0001744613639726178,0.16666666666666669,0.10003489227279452,Well-served
15,LIMA,1510,YAUYOS,151012,HONGOS,HONGOS,0001,1,INEI,2,0,17,41.1764705882353,82.3529411764706,0.0,0.0,0.0,0.00797813476938292,0.0,0.411764705882353,0.1399142802172453,Underserved,0.0,0.0,0.0,0.0,Well-served
15,LIMA,1505,CAÑETE,150502,ASIA,ASIA,0001,1,INEI,2,0,67,65.67164179104478,85.07462686567165,0.0,0.0,0.0,0.0034195782526096966,0.0,0.6567164179104478,0.22004533205435248,Moderate-Low,0.0,0.0,0.0,0.0,Well-served
15,LIMA,1510,YAUYOS,151008,CATAHUASI,CATAHUASI,0001,1,INEI,1,0,26,73.07692307692308,100.0,0.0,0.0,0.0,0.004081768686981201,0.0,0.7307692307692308,0.24495033315207068,Moderate-Low,0.0,0.0,0.0,0.0,Well-served
15,LIMA,1510,YAUYOS,151006,CACRA,CACRA,0001,1,INEI,2,0,45,35.55555555555556,53.333333333333336,0.0,0.0,0.0,0.004600857135518774,0.0,0.35555555555555557,0.12005213756369144,Underserved,0.0,0.0,0.0,0.0,Well-served
08,CUSCO,0809,LA CONVENCION,080905,OCOBAMBA,OCOBAMBA /7,0001,1,INEI,2,0,89,51.68539325842696,83.14606741573034,0.0,0.0,0.0,0.0011177224115667126,0.0,0.5168539325842696,0.17265721833194544,Underserved,0.0,0.0,0.0,0.0,Well-served
15,LIMA,1510,YAUYOS,151023,PUTINZA,SAN LORENZO DE PUTINZA,0001,1,INEI,1,0,15,93.33333333333333,100.0,0.0,0.0,0.0,0.006763352724932537,0.0,0.9333333333333332,0.3133655620194219,Moderate-High,0.0,0.0,0.0,0.0,Well-served
09,HUANCAVELICA,0902,ACOBAMBA,090206,PAUCARA,PAUCARA,0001,1,INEI,15,0,121,100.0,100.0,0.0,0.0,63403.0,0.03289181818570139,0.022713293346932006,1.0,0.35186837051087777,Well-served,0.0,0.022713293346932006,0.0,0.004542658669386401,Well-served
09,HUANCAVELICA,0901,HUANCAVELICA,090114,PALCA,PALCA,0001,1,INEI,5,0,58,86.20689655172414,100.0,0.0,17.24137931034483,641.0,0.02985889901639708,0.00022962984457176183,0.8620689655172414,0.2973858314594034,Moderate-High,0.0,0.00022962984457176183,0.1724137931034483,0.10349420183098332,Well-served
17,MADRE DE DIOS,1701,TAMBOPATA,170102,INAMBARI,MAZUKO,0001,1,INEI,2,0,36,13.88888888888889,30.555555555555557,0.0,0.0,0.0,0.00019771747789385657,0.0,0.1388888888888889,0.046362202122260915,Underserved,0.0,0.0,0.0,0.0,Well-served
09,HUANCAVELICA,0902,ACOBAMBA,090202,ANDABAMBA,ANDABAMBA,0001,1,INEI,5,0,55,100.0,100.0,0.0,0.0,0.0,0.029487615882722445,0.0,1.0,0.3431625386275741,Well-served,0.0,0.0,0.0,0.0,Well-served
09,HUANCAVELICA,0901,HUANCAVELICA,090102,ACOBAMBILLA,ACOBAMBILLA,0001,1,INEI,6,0,117,62.39316239316239,94.87179487179488,0.0,0.0,19.0,0.003932521930682663,6.806500853141147e-06,0.6239316239316239,0.2092903174543866,Moderate-Low,0.0,6.806500853141147e-06,0.0,1.3613001706282295e-06,Well-served
15,LIMA,1505,CAÑETE,150509,MALA,MALA,0001,1,INEI,5,0,57,96.49122807017544,100.0,0.0,0.0,49786.0,0.01842149742661972,0.01783518165655185,0.9649122807017544,0.3337229865949753,Moderate-High,0.0,0.01783518165655185,0.0,0.00356703633131037,Well-served
15,LIMA,1510,YAUYOS,151031,TUPE,TUPE,0001,1,INEI,1,0,39,33.333333333333336,58.97435897435897,0.0,0.0,0.0,0.0016633023837283243,0.0,0.33333333333333337,0.11166554523902056,Underserved,0.0,0.0,0.0,0.0,Well-served
15,LIMA,1505,CAÑETE,150513,SAN ANTONIO,SAN ANTONIO,0001,1,INEI,1,0,32,96.875,100.0,0.0,0.0,0.0,0.012263093432925034,0.0,0.96875,0.32700436447764164,Moderate-High,0.0,0.0,0.0,0.0,Well-served
15,LIMA,1501,LIMA,150113,JESUS MARIA,JESUS MARIA,0001,1,INEI,9,4,1,100.0,100.0,100.0,100.0,1270256.0,1.0,0.4550525551425084,1.0,0.8183508517141694,Well-served,1.0,0.4550525551425084,1.0,0.8910105110285017,Well-served
09,HUANCAVELICA,0903,ANGARAES,090304,CCOCHACCASA,CCOCHACCASA,0001,1,INEI,1,0,63,74.60317460317461,100.0,0.0,33.333333333333336,76.0,0.004497751756537479,2.7226003412564586e-05,0.746031746031746,0.250185574597232,Moderate-Low,0.0,2.7226003412564586e-05,0.33333333333333337,0.20000544520068253,Well-served
15,LIMA,1510,YAUYOS,151020,MADEAN,MADEAN,0001,1,INEI,1,0,105,55.23809523809524,94.28571428571429,0.0,0.0,0.0,0.002314276627276117,0.0,0.5523809523809524,0.1848984096694095,Underserved,0.0,0.0,0.0,0.0,Well-served
08,CUSCO,0809,LA CONVENCION,080904,MARANURA,MARANURA,0001,1,INEI,3,0,65,92.3076923076923,100.0,16.923076923076923,40.0,0.0,0.008787835744799622,0.0,0.923076923076923,0.3106215862739075,Moderate-High,0.0,0.0,0.4,0.24,Well-served
09,HUANCAVELICA,0904,CASTROVIRREYNA,090403,AURAHUA,AURAHUA,0001,1,INEI,1,0,181,33.70165745856354,49.72375690607735,0.0,0.0,0.0,0.0013909218129569815,0.0,0.3370165745856354,0.11280249879953079,Underserved,0.0,0.0,0.0,0.0,Well-served
09,HUANCAVELICA,0903,ANGARAES,090303,CALLANMARCA,CALLANMARCA,0001,1,INEI,1,0,16,100.0,100.0,6.25,93.75,44.0,0.0195603081982576,1.5762423028326865e-05,1.0,0.3398586902070953,Well-served,0.0,1.5762423028326865e-05,0.9375,0.5625031524846057,Well-served
15,LIMA,1510,YAUYOS,151032,VIÑAC,VIÑAC,0001,1,INEI,2,0,97,78.35051546391753,100.0,0.0,0.0,0.0,0.006151323769506376,0.0,0.7835051546391754,0.2632188261362272,Moderate-Low,0.0,0.0,0.0,0.0,Well-served
15,LIMA,1510,YAUYOS,151009,CHOCOS,CHOCOS,0001,1,INEI,1,0,57,43.85964912280702,92.98245614035088,0.0,0.0,0.0,0.002274696553999532,0.0,0.4385964912280702,0.14695706259402322,Underserved,0.0,0.0,0.0,0.0,Well-served
15,LIMA,1506,HUARAL,150609,SAN MIGUEL DE ACOS,ACOS,0001,1,INEI,2,0,12,100.0,100.0,0.0,0.0,0.0,0.023206620229631932,0.0,1.0,0.3410688734098773,Well-served,0.0,0.0,0.0,0.0,Well-served
15,LIMA,1506,HUARAL,150601,HUARAL,HUARAL,0001,1,INEI,14,1,107,92.5233644859813,100.0,38.3177570093458,76.6355140186916,237402.0,0.010464138340384455,0.08504615344933761,0.9252336448598131,0.34024797888317837,Well-served,0.001681736518990359,0.08504615344933761,0.766355140186916,0.47715866210581515,Well-served
12,JUNIN,1208,YAULI,120804,MARCAPOMACOCHA,MARCAPOMACOCHA,0001,1,INEI,2,0,184,41.30434782608695,65.21739130434783,0.0,0.0,20.0,0.0010926626487911492,7.164737740148575e-06,0.4130434782608695,0.1380477685491336,Underserved,0.0,7.164737740148575e-06,0.0,1.4329475480297152e-06,Well-served
08,CUSCO,0801,CUSCO,080105,SAN SEBASTIAN,SAN SEBASTIAN,0001,1,INEI,5,0,46,91.30434782608695,100.0,56.52173913043478,100.0,13551.0,0.035221905480442135,0.004854468055837667,0.9130434782608695,0.3177066172657164,Moderate-High,0.0,0.004854468055837667,1.0,0.6009708936111675,Well-served
08,CUSCO,0812,QUISPICANCHI,081211,OROPESA,OROPESA,0001,1,INEI,1,0,47,97.87234042553192,100.0,0.0,0.0,0.0,0.006149406453019796,0.0,0.9787234042553191,0.3282909369027796,Moderate-High,0.0,0.0,0.0,0.0,Well-served
15,LIMA,1510,YAUYOS,151029,TAURIPAMPA,TAURIPAMPA,0001,1,INEI,0,0,56,0.0,3.5714285714285716,0.0,0.0,0.0,0.0,0.0,0.0,0.0,Underserved,0.0,0.0,0.0,0.0,Well-served
09,HUANCAVELICA,0901,HUANCAVELICA,090110,MANTA,MANTA,0001,1,INEI,3,0,92,83.69565217391305,100.0,0.0,0.0,16.0,0.009136653868491494,5.73179019211886e-06,0.8369565217391305,0.2820329691326047,Moderate-Low,0.0,5.73179019211886e-06,0.0,1.146358038423772e-06,Well-served
09,HUANCAVELICA,0901,HUANCAVELICA,090109,LARIA,LARIA,0001,1,INEI,2,0,53,100.0,100.0,0.0,0.0,0.0,0.015005035325216331,0.0,1.0,0.3383350117750721,Well-served,0.0,0.0,0.0,0.0,Well-served
08,CUSCO,0804,CALCA,080408,YANATILE,QUEBRADA HONDA,0001,1,INEI,9,0,191,53.92670157068063,94.24083769633508,0.0,0.0,0.0,0.0021761081178557165,0.0,0.5392670157068062,0.18048104127488732,Underserved,0.0,0.0,0.0,0.0,Well-served
09,HUANCAVELICA,0901,HUANCAVELICA,090119,HUANDO,HUANDO,0001,1,INEI,6,0,126,86.5079365079365,100.0,0.0,3.1746031746031744,67.0,0.01482417730675559,2.4001871429497728e-05,0.8650793650793651,0.2933091814191834,Moderate-High,0.0,2.4001871429497728e-05,0.031746031746031744,0.019052419421904946,Well-served
12,JUNIN,1202,CONCEPCION,120204,CHAMBARA,CHAMBARA,0001,1,INEI,4,0,22,81.81818181818181,100.0,0.0,0.0,0.0,0.01768932471134685,0.0,0.8181818181818181,0.27862371429772165,Moderate-Low,0.0,0.0,0.0,0.0,Well-served
12,JUNIN,1201,HUANCAYO,120132,SAÑO,SAÑO,0001,1,INEI,1,0,13,100.0,100.0,0.0,7.6923076923076925,0.0,0.03716639221042572,0.0,1.0,0.3457221307368086,Well-served,0.0,0.0,0.07692307692307693,0.046153846153846156,Well-served
15,LIMA,1507,HUAROCHIRI,150730,SANTIAGO DE TUNA,SANTIAGO DE TUNA,0001,1,INEI,1,0,13,100.0,100.0,0.0,0.0,0.0,0.007678355129709232,0.0,1.0,0.3358927850432364,Well-served,0.0,0.0,0.0,0.0,Well-served
15,LIMA,1507,HUAROCHIRI,150715,SAN ANDRES DE TUPICOCHA,SAN ANDRES DE TUPICOCHA,0001,1,INEI,1,0,47,89.36170212765957,100.0,0.0,0.0,0.0,0.005000020277488279,0.0,0.8936170212765957,0.29953901385136134,Moderate-High,0.0,0.0,0.0,0.0,Well-served
12,JUNIN,1202,CONCEPCION,120202,ACO,ACO,0001,1,INEI,3,0,6,100.0,100.0,0.0,0.0,0.0,0.03721786760980868,0.0,1.0,0.3457392892032695,Well-served,0.0,0.0,0.0,0.0,Well-served
15,LIMA,1507,HUAROCHIRI,150721,SAN LORENZO DE QUINTI,SAN LORENZO DE QUINTI,0001,1,INEI,2,0,179,53.072625698324025,97.20670391061452,0.0,0.0,0.0,0.002145116590534538,0.0,0.5307262569832403,0.17762379119125826,Underserved,0.0,0.0,0.0,0.0,Well-served
15,LIMA,1510,YAUYOS,151003,ALLAUCA,ALLAUCA,0001,1,INEI,2,0,55,45.45454545454545,83.63636363636364,0.0,0.0,0.0,0.0018643192326435881,0.0,0.45454545454545453,0.15213659125936602,Underserved,0.0,0.0,0.0,0.0,Well-served
15,LIMA,1501,LIMA,150124,PUCUSANA,PUCUSANA,0001,1,INEI,1,0,13,100.0,100.0,0.0,0.0,0.0,0.016593459994692642,0.0,1.0,0.33886448666489755,Well-served,0.0,0.0,0.0,0.0,Well-served
15,LIMA,1501,LIMA,150138,SANTA MARIA DEL MAR,SANTA MARIA DEL MAR,0001,1,INEI,1,0,2,100.0,100.0,0.0,0.0,0.0,0.06227701676046797,0.0,1.0,0.35409233892015596,Well-served,0.0,0.0,0.0,0.0,Well-served
09,HUANCAVELICA,0901,HUANCAVELICA,090116,VILCA,VILCA,0001,1,INEI,4,0,75,84.0,97.33333333333333,0.0,0.0,2.0,0.006259633072757051,7.164737740148575e-07,0.84,0.282086783182177,Moderate-Low,0.0,7.164737740148575e-07,0.0,1.432947548029715e-07,Well-served
09,HUANCAVELICA,0901,HUANCAVELICA,090105,CUENCA,CUENCA,0001,1,INEI,3,0,75,100.0,100.0,0.0,0.0,0.0,0.026314459848105688,0.0,1.0,0.34210481994936853,Well-served,0.0,0.0,0.0,0.0,Well-served
08,CUSCO,0801,CUSCO,080107,SAYLLA,SAYLLA,0001,1,INEI,1,0,21,100.0,100.0,0.0,0.0,0.0,0.019948732173476435,0.0,1.0,0.3399829107244921,Well-served,0.0,0.0,0.0,0.0,Well-served
03,APURIMAC,0306,CHINCHEROS,030608,RANRACANCHA,RANRACANCHA,0001,1,INEI,6,0,31,96.7741935483871,100.0,0.0,3.225806451612903,0.0,0.0289602855505571,0.0,0.967741935483871,0.33223407367814267,Moderate-High,0.0,0.0,0.03225806451612903,0.019354838709677417,Well-served
03,APURIMAC,0302,ANDAHUAYLAS,030216,TALAVERA,TALAVERA,0001,1,INEI,9,0,112,94.64285714285714,100.0,8.928571428571429,70.53571428571429,0.0,0.027488137624622665,0.0,0.9464285714285714,0.32463890301773135,Moderate-High,0.0,0.0,0.7053571428571429,0.4232142857142857,Well-served
12,JUNIN,1201,HUANCAYO,120111,CHUPURO,CHUPURO,0001,1,INEI,2,0,17,100.0,100.0,0.0,17.647058823529413,0.0,0.023217510660543346,0.0,1.0,0.34107250355351443,Well-served,0.0,0.0,0.17647058823529413,0.10588235294117647,Well-served
15,LIMA,1501,LIMA,150108,CHORRILLOS,CHORRILLOS,0001,1,INEI,26,2,3,100.0,100.0,100.0,100.0,284847.0,0.3389742929351165,0.10204270255340506,1.0,0.48033899849617384,Well-served,0.05866862762338555,0.10204270255340506,1.0,0.6321422660353581,Well-served
12,JUNIN,1201,HUANCAYO,120136,VIQUES,VIQUES,0001,1,INEI,1,0,4,100.0,100.0,0.0,25.0,0.0,0.07913466320234677,0.0,1.0,0.35971155440078223,Well-served,0.0,0.0,0.25,0.15,Well-served
15,LIMA,1507,HUAROCHIRI,150726,SANGALLAYA,SANGALLAYA,0001,1,INEI,4,0,49,97.95918367346938,100.0,0.0,0.0,0.0,0.020848832866347585,0.0,0.9795918367346939,0.33348022320034715,Moderate-High,0.0,0.0,0.0,0.0,Well-served
15,LIMA,1501,LIMA,150104,BARRANCO,BARRANCO,0001,1,INEI,2,0,1,100.0,100.0,100.0,100.0,0.0,0.3511631274823435,0.0,1.0,0.45038770916078114,Well-served,0.0,0.0,1.0,0.6,Well-served
15,LIMA,1507,HUAROCHIRI,150731,SANTO DOMINGO DE LOS OLLEROS,SANTO DOMINGO DE LOS OLLEROS,0001,1,INEI,3,0,59,72.88135593220339,89.83050847457628,0.0,0.0,0.0,0.002505797835337755,0.0,0.728813559322034,0.24377311905245722,Moderate-Low,0.0,0.0,0.0,0.0,Well-served
15,LIMA,1501,LIMA,150143,VILLA MARIA DEL TRIUNFO,VILLA MARIA DEL TRIUNFO,0001,1,INEI,28,0,6,100.0,100.0,100.0,100.0,1028184.0,0.204045650529871,0.3683334354308461,1.0,0.5241263619869057,Well-served,0.0,0.3683334354308461,1.0,0.6736666870861692,Well-served
15,LIMA,1501,LIMA,150133,SAN JUAN DE MIRAFLORES,CIUDAD DE DIOS,0001,1,INEI,30,1,2,100.0,100.0,100.0,100.0,572860.0,0.6512824474976862,0.20521958309107563,1.0,0.618834010196254,Well-served,0.04884618356232646,0.20521958309107563,1.0,0.6508131533306805,Well-served
12,JUNIN,1201,HUANCAYO,120121,HUAYUCACHI,HUAYUCACHI,0001,1,INEI,2,0,10,100.0,100.0,10.0,100.0,0.0,0.06874373675099175,0.0,1.0,0.3562479122503306,Well-served,0.0,0.0,1.0,0.6,Well-served
12,JUNIN,1209,CHUPACA,120903,CHONGOS BAJO,CHONGOS BAJO,0001,1,INEI,2,0,55,58.18181818181818,100.0,0.0,38.18181818181818,0.0,0.010023271371662174,0.0,0.5818181818181818,0.19728048439661464,Moderate-Low,0.0,0.0,0.3818181818181818,0.22909090909090907,Well-served
15,LIMA,1507,HUAROCHIRI,150711,LANGA,LANGA,0001,1,INEI,2,0,71,100.0,100.0,0.0,0.0,0.0,0.012581084239439629,0.0,1.0,0.33752702807981316,Well-served,0.0,0.0,0.0,0.0,Well-served
15,LIMA,1510,YAUYOS,151021,MIRAFLORES,MIRAFLORES,0001,1,INEI,1,0,36,36.111111111111114,88.88888888888889,0.0,0.0,0.0,0.0023912673666405576,0.0,0.36111111111111116,0.1211674594925839,Underserved,0.0,0.0,0.0,0.0,Well-served
15,LIMA,1501,LIMA,150122,MIRAFLORES,MIRAFLORES,0001,1,INEI,7,4,1,100.0,100.0,100.0,100.0,1338270.0,0.36924377602722036,0.4794176787754317,1.0,0.6162204849342173,Well-served,0.4747419977492833,0.4794176787754317,1.0,0.790831935304943,Well-served
15,LIMA,1507,HUAROCHIRI,150706,CUENCA,SAN JOSE DE LOS CHORRILLOS,0001,1,INEI,3,0,34,85.29411764705883,100.0,0.0,0.0,0.0,0.021435007172146272,0.0,0.8529411764705883,0.2914587278809115,Moderate-High,0.0,0.0,0.0,0.0,Well-served
09,HUANCAVELICA,0907,TAYACAJA,090709,HUARIBAMBA,HUARIBAMBA,0001,1,INEI,3,0,32,93.75,100.0,0.0,0.0,18.0,0.009687624996895215,6.448263966133717e-06,0.9375,0.31573135775362043,Moderate-High,0.0,6.448263966133717e-06,0.0,1.2896527932267436e-06,Well-served
15,LIMA,1501,LIMA,150141,SURQUILLO,SURQUILLO,0001,1,INEI,6,1,1,100.0,100.0,100.0,100.0,60216.0,0.625520199313706,0.02157159238803933,1.0,0.5490305972339151,Well-served,0.23457007474263977,0.02157159238803933,1.0,0.6512283334261358,Well-served
08,CUSCO,0801,CUSCO,080104,SAN JERONIMO,SAN JERONIMO,0001,1,INEI,2,0,72,98.61111111111111,100.0,0.0,62.5,0.0,0.010080990088006106,0.0,0.9861111111111112,0.3320640337330391,Moderate-High,0.0,0.0,0.625,0.375,Well-served
08,CUSCO,0812,QUISPICANCHI,081204,CCARHUAYO,CCARHUAYO,0001,1,INEI,1,0,122,43.442622950819676,72.95081967213115,0.0,0.0,0.0,0.0015858513639558564,0.0,0.43442622950819676,0.14533736029071753,Underserved,0.0,0.0,0.0,0.0,Well-served
15,LIMA,1507,HUAROCHIRI,150718,SAN DAMIAN,SAN DAMIAN,0001,1,INEI,2,0,96,55.208333333333336,90.625,0.0,0.0,0.0,0.002894251346661682,0.0,0.5520833333333334,0.184992528226665,Underserved,0.0,0.0,0.0,0.0,Well-served
12,JUNIN,1204,JAUJA,120413,LEONOR ORDOÑEZ,HUANCANI,0001,1,INEI,1,0,7,100.0,100.0,0.0,0.0,0.0,0.022881741193931517,0.0,1.0,0.34096058039797716,Well-served,0.0,0.0,0.0,0.0,Well-served
12,JUNIN,1204,JAUJA,120423,PACCHA,PACCHA,0001,1,INEI,3,0,27,81.48148148148148,100.0,0.0,37.03703703703704,0.0,0.016247426553012374,0.0,0.8148148148148148,0.27702074712260905,Moderate-Low,0.0,0.0,0.3703703703703704,0.22222222222222224,Well-served
12,JUNIN,1201,HUANCAYO,120128,QUILCAS,QUILCAS,0001,1,INEI,1,0,72,30.555555555555557,77.77777777777777,0.0,0.0,0.0,0.0030250061189253967,0.0,0.3055555555555556,0.102860187224827,Underserved,0.0,0.0,0.0,0.0,Well-served
12,JUNIN,1201,HUANCAYO,120124,PARIAHUANCA,PARIAHUANCA /10,0001,1,INEI,9,0,92,90.21739130434783,100.0,0.0,0.0,0.0,0.007483965750715393,0.0,0.9021739130434783,0.3032192929313979,Moderate-High,0.0,0.0,0.0,0.0,Well-served
12,JUNIN,1204,JAUJA,120420,MUQUI,MUQUI,0001,1,INEI,1,0,12,100.0,100.0,0.0,66.66666666666667,0.0,0.04041353973196002,0.0,1.0,0.34680451324398665,Well-served,0.0,0.0,0.6666666666666667,0.4,Well-served
17,MADRE DE DIOS,1702,MANU,170201,MANU,SALVACION,0001,1,INEI,4,0,35,31.428571428571427,60.0,0.0,0.0,0.0,0.00022142105575056114,0.0,0.3142857142857143,0.10483571178048827,Underserved,0.0,0.0,0.0,0.0,Well-served
12,JUNIN,1202,CONCEPCION,120207,HEROINAS TOLEDO,SAN ANTONIO DE OCOPA,0001,1,INEI,1,0,21,95.23809523809524,100.0,0.0,0.0,0.0,0.01923095953398726,0.0,0.9523809523809524,0.32387063730497984,Moderate-High,0.0,0.0,0.0,0.0,Well-served
12,JUNIN,1201,HUANCAYO,120127,QUICHUAY,QUICHUAY,0001,1,INEI,1,0,25,56.0,100.0,0.0,0.0,0.0,0.015850132574639623,0.0,0.56,0.19195004419154654,Moderate-Low,0.0,0.0,0.0,0.0,Well-served
12,JUNIN,1204,JAUJA,120421,MUQUIYAUYO,MUQUIYAUYO,0001,1,INEI,1,0,8,100.0,100.0,0.0,87.5,0.0,0.023183706157361112,0.0,1.0,0.34106123538578703,Well-served,0.0,0.0,0.875,0.525,Well-served
12,JUNIN,1204,JAUJA,120409,HUARIPAMPA,HUARIPAMPA,0001,1,INEI,1,0,4,100.0,100.0,75.0,100.0,0.0,0.033683810214028914,0.0,1.0,0.34456127007134296,Well-served,0.0,0.0,1.0,0.6,Well-served
12,JUNIN,1201,HUANCAYO,120122,INGENIO,INGENIO,0001,1,INEI,2,0,18,66.66666666666667,100.0,0.0,0.0,0.0,0.01784545515979024,0.0,0.6666666666666667,0.22817070727548566,Moderate-Low,0.0,0.0,0.0,0.0,Well-served
12,JUNIN,1204,JAUJA,120428,SAN LORENZO,SAN LORENZO,0001,1,INEI,2,0,22,100.0,100.0,0.0,0.0,0.0,0.03969837661786483,0.0,1.0,0.3465661255392883,Well-served,0.0,0.0,0.0,0.0,Well-served
12,JUNIN,1204,JAUJA,120407,EL MANTARO,PUCUCHO,0001,1,INEI,1,0,8,100.0,100.0,0.0,0.0,0.0,0.02698472753351043,0.0,1.0,0.3423282425111701,Well-served,0.0,0.0,0.0,0.0,Well-served
15,LIMA,1507,HUAROCHIRI,150732,SURCO,SURCO,0001,1,INEI,1,0,74,93.24324324324324,100.0,0.0,85.13513513513513,0.0,0.0045174398873976986,0.0,0.9324324324324325,0.31231662410661004,Moderate-High,0.0,0.0,0.8513513513513513,0.5108108108108108,Well-served
12,JUNIN,1204,JAUJA,120430,SAUSA,SAUSA,0001,1,INEI,1,0,8,100.0,100.0,100.0,100.0,0.0,0.1029142021656465,0.0,1.0,0.3676380673885488,Well-served,0.0,0.0,1.0,0.6,Well-served
12,JUNIN,1204,JAUJA,120425,PARCO,PARCO,0001,1,INEI,3,0,17,100.0,100.0,17.647058823529413,100.0,0.0,0.04263009162636211,0.0,1.0,0.34754336387545404,Well-served,0.0,0.0,1.0,0.6,Well-served
15,LIMA,1508,HUAURA,150807,LEONCIO PRADO,SANTA CRUZ,0001,1,INEI,4,0,66,74.24242424242425,95.45454545454545,0.0,0.0,0.0,0.006547182824712498,0.0,0.7424242424242425,0.24965714174965167,Moderate-Low,0.0,0.0,0.0,0.0,Well-served
12,JUNIN,1206,SATIPO,120607,RIO NEGRO,RIO NEGRO,0001,1,INEI,13,0,143,98.6013986013986,100.0,4.195804195804196,18.181818181818183,4520.0,0.0128524628524447,0.001619230729273578,0.986013986013986,0.3334952265319014,Moderate-High,0.0,0.001619230729273578,0.18181818181818182,0.1094147552367638,Well-served
12,JUNIN,1207,TARMA,120708,SAN PEDRO DE CAJAS,SAN PEDRO DE CAJAS,0001,1,INEI,6,0,101,71.2871287128713,100.0,0.0,0.9900990099009901,0.0,0.005655087422083921,0.0,0.712871287128713,0.23950879151693227,Moderate-Low,0.0,0.0,0.009900990099009901,0.005940594059405941,Well-served
12,JUNIN,1205,JUNIN,120501,JUNIN,JUNIN,0001,1,INEI,4,1,239,32.63598326359833,92.05020920502092,13.389121338912133,49.37238493723849,8347.0,0.0022198804275772046,0.002990203295851008,0.3263598326359833,0.11052330545313717,Underserved,0.0012486827405121775,0.002990203295851008,0.49372384937238495,0.2970820868307036,Well-served
12,JUNIN,1205,JUNIN,120503,ONDORES,ONDORES,0001,1,INEI,1,0,177,31.073446327683616,98.87005649717514,0.0,0.5649717514124294,0.0,0.0016671825305268674,0.0,0.3107344632768362,0.10413388193578767,Underserved,0.0,0.0,0.005649717514124294,0.003389830508474576,Well-served
12,JUNIN,1207,TARMA,120704,HUASAHUASI,HUASAHUASI,0001,1,INEI,6,0,143,78.32167832167832,95.8041958041958,0.0,0.0,2257.0,0.004546259830127736,0.0008085406539757667,0.7832167832167832,0.2628571945669622,Moderate-Low,0.0,0.0008085406539757667,0.0,0.00016170813079515334,Well-served
15,LIMA,1508,HUAURA,150811,SAYAN,SAYAN,0001,1,INEI,8,0,231,90.47619047619048,96.96969696969697,0.0,0.0,0.0,0.0029372148711294577,0.0,0.9047619047619048,0.3025663732110114,Moderate-High,0.0,0.0,0.0,0.0,Well-served
09,HUANCAVELICA,0905,CHURCAMPA,090508,SAN MIGUEL DE MAYOCC,MAYOCC,0001,1,INEI,1,0,14,100.0,100.0,0.0,0.0,2928.0,0.01647189439173429,0.0010489176051577515,1.0,0.339173603998964,Well-served,0.0,0.0010489176051577515,0.0,0.00020978352103155032,Well-served
09,HUANCAVELICA,0905,CHURCAMPA,090505,LA MERCED,LA MERCED,0001,1,INEI,0,0,9,66.66666666666667,100.0,0.0,0.0,1425.0,0.0,0.000510487563985586,0.6666666666666667,0.22239238474355078,Moderate-Low,0.0,0.000510487563985586,0.0,0.00010209751279711721,Well-served
09,HUANCAVELICA,0905,CHURCAMPA,090504,EL CARMEN,PAUCARBAMBILLA,0001,1,INEI,0,0,48,87.5,100.0,0.0,0.0,2915.0,0.0,0.0010442605256266548,0.875,0.29201475350854217,Moderate-High,0.0,0.0010442605256266548,0.0,0.00020885210512533098,Well-served
03,APURIMAC,0301,ABANCAY,030104,CURAHUASI,CURAHUASI,0001,1,INEI,14,0,239,82.84518828451883,100.0,0.0,0.0,14167.0,0.007852079298685016,0.005075141978234244,0.8284518828451882,0.2804597013740358,Moderate-Low,0.0,0.005075141978234244,0.0,0.0010150283956468487,Well-served
08,CUSCO,0801,CUSCO,080103,POROY,POROY,0001,1,INEI,1,0,29,100.0,100.0,0.0,100.0,0.0,0.03606467748211902,0.0,1.0,0.34535489249403967,Well-served,0.0,0.0,1.0,0.6,Well-served
03,APURIMAC,0306,CHINCHEROS,030602,ANCO_HUALLO,URIPA,0001,1,INEI,5,0,34,100.0,100.0,44.11764705882353,88.23529411764706,0.0,0.026520089806378766,0.0,1.0,0.3421733632687929,Well-served,0.0,0.0,0.8823529411764706,0.5294117647058824,Well-served
08,CUSCO,0801,CUSCO,080101,CUSCO,CUSCO,0001,1,INEI,7,1,77,97.40259740259741,100.0,61.03896103896104,100.0,147774.0,0.03324607621099628,0.05293809774063578,0.9740259740259741,0.353403382659202,Well-served,0.010686238782105948,0.05293809774063578,1.0,0.6127248673045483,Well-served
09,HUANCAVELICA,0906,HUAYTARA,090616,TAMBO,TAMBO,0001,1,INEI,1,0,76,25.0,47.36842105263158,0.0,0.0,0.0,0.0021217924774150983,0.0,0.25,0.0840405974924717,Underserved,0.0,0.0,0.0,0.0,Well-served
08,CUSCO,0811,PAUCARTAMBO,081102,CAICAY,CAICAY,0001,1,INEI,3,0,49,100.0,100.0,0.0,0.0,0.0,0.013519366380878776,0.0,1.0,0.33783978879362625,Well-served,0.0,0.0,0.0,0.0,Well-served
08,CUSCO,0811,PAUCARTAMBO,081105,HUANCARANI,HUANCARANI,0001,1,INEI,1,0,76,68.42105263157895,100.0,0.0,0.0,0.0,0.0033074988602886275,0.0,0.6842105263157895,0.22917267505869268,Moderate-Low,0.0,0.0,0.0,0.0,Well-served
08,CUSCO,0812,QUISPICANCHI,081205,CCATCA,CCATCA,0001,1,INEI,5,0,194,78.8659793814433,100.0,0.0,0.0,0.0,0.008110038903128986,0.0,0.788659793814433,0.2655899442391873,Moderate-Low,0.0,0.0,0.0,0.0,Well-served
09,HUANCAVELICA,0906,HUAYTARA,090609,QUITO-ARMA,QUITO-ARMA,0001,1,INEI,1,0,50,56.0,94.0,0.0,0.0,0.0,0.0020188153315757636,0.0,0.56,0.18733960511052528,Underserved,0.0,0.0,0.0,0.0,Well-served
03,APURIMAC,0306,CHINCHEROS,030601,CHINCHEROS,CHINCHEROS,0001,1,INEI,7,1,34,100.0,100.0,61.76470588235294,100.0,5986.0,0.02494474306463521,0.0021444060056264687,1.0,0.3423630496900872,Well-served,0.00801795312791846,0.0021444060056264687,1.0,0.6020324718267089,Well-served
03,APURIMAC,0302,ANDAHUAYLAS,030219,KAQUIABAMBA,KAQUIABAMBA,0001,1,INEI,2,0,17,94.11764705882354,100.0,0.0,0.0,0.0,0.008610269315530678,0.0,0.9411764705882354,0.316595579967922,Moderate-High,0.0,0.0,0.0,0.0,Well-served
09,HUANCAVELICA,0904,CASTROVIRREYNA,090408,HUAMATAMBO,HUAMATAMBO,0001,1,INEI,1,0,44,79.54545454545455,100.0,0.0,0.0,0.0,0.008132026481957448,0.0,0.7954545454545454,0.26786219064550093,Moderate-Low,0.0,0.0,0.0,0.0,Well-served
09,HUANCAVELICA,0903,ANGARAES,090312,SECCLLA,SECCLLA,0001,1,INEI,2,0,34,73.52941176470588,100.0,0.0,0.0,767.0,0.005934178766927334,0.00027476769233469785,0.7352941176470589,0.2471676880354403,Moderate-Low,0.0,0.00027476769233469785,0.0,5.4953538466939576e-05,Well-served
15,LIMA,1505,CAÑETE,150514,SAN LUIS,SAN LUIS,0001,1,INEI,1,0,37,100.0,100.0,32.432432432432435,100.0,0.0,0.012884172341938747,0.0,1.0,0.3376280574473129,Well-served,0.0,0.0,1.0,0.6,Well-served
09,HUANCAVELICA,0904,CASTROVIRREYNA,090402,ARMA,ARMA,0001,1,INEI,2,0,174,79.3103448275862,87.35632183908046,0.0,0.0,4.0,0.0032135144477665033,1.432947548029715e-06,0.7931034482758621,0.2654394652237255,Moderate-Low,0.0,1.432947548029715e-06,0.0,2.86589509605943e-07,Well-served
08,CUSCO,0809,LA CONVENCION,080908,SANTA TERESA,SANTA TERESA,0001,1,INEI,3,0,159,35.84905660377358,70.44025157232704,0.0,0.0,0.0,0.00108829664913416,0.0,0.3584905660377358,0.11985962089562333,Underserved,0.0,0.0,0.0,0.0,Well-served
21,PUNO,2112,SANDIA,211210,SAN PEDRO DE PUTINA PUNCO,PUTINA PUNCO,0001,1,INEI,3,0,69,57.971014492753625,86.95652173913044,0.0,0.0,0.0,0.0002590267283766809,0.0,0.5797101449275363,0.19332305721863763,Moderate-Low,0.0,0.0,0.0,0.0,Well-served
11,ICA,1102,CHINCHA,110203,CHAVIN,CHAVIN,0001,1,INEI,1,0,73,47.945205479452056,93.15068493150685,0.0,0.0,0.0,0.0011320528977533328,0.0,0.4794520547945206,0.1601947025640913,Underserved,0.0,0.0,0.0,0.0,Well-served
15,LIMA,1505,CAÑETE,150507,IMPERIAL,IMPERIAL,0001,1,INEI,5,0,42,85.71428571428571,100.0,38.095238095238095,100.0,0.0,0.04614766575364778,0.0,0.8571428571428571,0.3010968409655016,Moderate-High,0.0,0.0,1.0,0.6,Well-served
11,ICA,1102,CHINCHA,110209,SAN PEDRO DE HUACARPANA,SAN PEDRO DE HUACARPANA,0001,1,INEI,4,0,39,92.3076923076923,100.0,0.0,0.0,0.0,0.009349858243912507,0.0,0.923076923076923,0.31080892710694513,Moderate-High,0.0,0.0,0.0,0.0,Well-served
15,LIMA,1510,YAUYOS,151005,AZANGARO,AZANGARO,0001,1,INEI,1,0,96,96.875,100.0,0.0,0.0,0.0,0.006234577886658017,0.0,0.96875,0.3249948592955526,Moderate-High,0.0,0.0,0.0,0.0,Well-served
08,CUSCO,0809,LA CONVENCION,080903,HUAYOPATA,IPAL /6,0001,1,INEI,5,0,95,81.05263157894737,93.6842105263158,0.0,0.0,0.0,0.004547611551001218,0.0,0.8105263157894737,0.2716913091134916,Moderate-Low,0.0,0.0,0.0,0.0,Well-served
09,HUANCAVELICA,0907,TAYACAJA,090701,PAMPAS,PAMPAS,0001,1,INEI,3,1,42,100.0,100.0,14.285714285714286,61.904761904761905,22687.0,0.019415967390948842,0.008127320255537536,1.0,0.34251442921549546,Well-served,0.014561975543211631,0.008127320255537536,0.6190476190476191,0.3759664305883213,Well-served
15,LIMA,1510,YAUYOS,151010,COCHAS,COCHAS,0001,1,INEI,0,0,15,40.0,100.0,0.0,0.0,0.0,0.0,0.0,0.4,0.13333333333333333,Underserved,0.0,0.0,0.0,0.0,Well-served
12,JUNIN,1201,HUANCAYO,120106,CHICCHE,CHICCHE,0001,1,INEI,3,0,19,100.0,100.0,0.0,0.0,0.0,0.03492510049171867,0.0,1.0,0.3449750334972395,Well-served,0.0,0.0,0.0,0.0,Well-served
15,LIMA,1510,YAUYOS,151004,AYAVIRI,AYAVIRI,0001,1,INEI,0,0,45,46.666666666666664,88.88888888888889,0.0,0.0,0.0,0.0,0.0,0.4666666666666666,0.15555555555555553,Underserved,0.0,0.0,0.0,0.0,Well-served
15,LIMA,1510,YAUYOS,151025,QUINOCAY,QUINOCAY,0001,1,INEI,1,0,38,57.89473684210526,100.0,0.0,0.0,0.0,0.003065731771261797,0.0,0.5789473684210527,0.19400436673077145,Moderate-Low,0.0,0.0,0.0,0.0,Well-served
15,LIMA,1510,YAUYOS,151024,QUINCHES,QUINCHES,0001,1,INEI,1,0,46,97.82608695652173,100.0,0.0,0.0,0.0,0.0042075438624285125,0.0,0.9782608695652173,0.32748947114254856,Moderate-High,0.0,0.0,0.0,0.0,Well-served
12,JUNIN,1201,HUANCAYO,120112,COLCA,COLCA,0001,1,INEI,2,0,32,87.5,100.0,0.0,0.0,0.0,0.008711201462808014,0.0,0.875,0.29457040048760263,Moderate-High,0.0,0.0,0.0,0.0,Well-served
15,LIMA,1510,YAUYOS,151002,ALIS,ALIS,0001,1,INEI,1,0,39,28.205128205128204,89.74358974358974,0.0,0.0,0.0,0.0034311976880987537,0.0,0.28205128205128205,0.0951608265797936,Underserved,0.0,0.0,0.0,0.0,Well-served
15,LIMA,1510,YAUYOS,151017,HUAÑEC,HUAÑEC,0001,1,INEI,1,0,15,66.66666666666667,93.33333333333333,0.0,0.0,0.0,0.011401948815031858,0.0,0.6666666666666667,0.22602287182723285,Moderate-Low,0.0,0.0,0.0,0.0,Well-served
15,LIMA,1501,LIMA,150127,PUNTA NEGRA,PUNTA NEGRA,0001,1,INEI,1,0,4,100.0,100.0,0.0,0.0,0.0,0.0037221943597335987,0.0,1.0,0.33457406478657786,Well-served,0.0,0.0,0.0,0.0,Well-served
09,HUANCAVELICA,0907,TAYACAJA,090713,QUISHUAR,QUISHUAR,0001,1,INEI,1,0,17,100.0,100.0,0.0,0.0,0.0,0.014788825819259305,0.0,1.0,0.3382629419397531,Well-served,0.0,0.0,0.0,0.0,Well-served
15,LIMA,1507,HUAROCHIRI,150713,MARIATANA,MARIATANA,0001,1,INEI,2,0,72,86.11111111111111,100.0,0.0,0.0,0.0,0.005727931758338339,0.0,0.8611111111111112,0.2889463476231498,Moderate-High,0.0,0.0,0.0,0.0,Well-served
15,LIMA,1510,YAUYOS,151026,SAN JOAQUIN,SAN JOAQUIN,0001,1,INEI,0,0,27,74.07407407407408,88.88888888888889,0.0,0.0,0.0,0.0,0.0,0.7407407407407408,0.2469135802469136,Moderate-Low,0.0,0.0,0.0,0.0,Well-served
12,JUNIN,1201,HUANCAYO,120113,CULLHUAS,CULLHUAS,0001,1,INEI,3,0,30,100.0,100.0,0.0,0.0,0.0,0.013063728546494416,0.0,1.0,0.3376879095154981,Well-served,0.0,0.0,0.0,0.0,Well-served
17,MADRE DE DIOS,1702,MANU,170203,MADRE DE DIOS,BOCA COLORADO,0001,1,INEI,4,0,43,20.930232558139537,67.44186046511628,0.0,0.0,0.0,0.00024489561078142285,0.0,0.20930232558139536,0.06984907373072559,Underserved,0.0,0.0,0.0,0.0,Well-served
07,CALLAO,0701,CALLAO,070104,LA PERLA,LA PERLA,0001,1,INEI,3,0,1,100.0,100.0,100.0,100.0,87.0,0.4375886836053871,3.1166609169646305e-05,1.0,0.47920661673818554,Well-served,0.0,3.1166609169646305e-05,1.0,0.6000062333218339,Well-served
15,LIMA,1501,LIMA,150134,SAN LUIS,SAN LUIS,0001,1,INEI,2,0,1,100.0,100.0,100.0,100.0,34664.0,0.27676364302210316,0.012417923451225511,1.0,0.42972718882444283,Well-served,0.0,0.012417923451225511,1.0,0.6024835846902451,Well-served
15,LIMA,1501,LIMA,150136,SAN MIGUEL,SAN MIGUEL,0001,1,INEI,4,2,1,100.0,100.0,100.0,100.0,706360.0,0.20132132886373358,0.25304420750656736,1.0,0.48478851212343366,Well-served,0.22648649497170026,0.25304420750656736,1.0,0.6959061404956535,Well-served
08,CUSCO,0803,ANTA,080304,CHINCHAYPUJIO,CHINCHAYPUJIO,0001,1,INEI,2,0,192,62.5,100.0,0.0,0.0,0.0,0.002434801923255849,0.0,0.625,0.2091449339744186,Moderate-Low,0.0,0.0,0.0,0.0,Well-served
08,CUSCO,0803,ANTA,080308,PUCYURA,PUCYURA,0001,1,INEI,1,0,37,100.0,100.0,0.0,0.0,0.0,0.0141840028962676,0.0,1.0,0.33806133429875584,Well-served,0.0,0.0,0.0,0.0,Well-served
03,APURIMAC,0302,ANDAHUAYLAS,030202,ANDARAPA,ANDARAPA,0001,1,INEI,1,0,61,75.40983606557377,98.36065573770492,0.0,0.0,0.0,0.002592649592882787,0.0,0.7540983606557377,0.2522303367495401,Moderate-Low,0.0,0.0,0.0,0.0,Well-served
08,CUSCO,0803,ANTA,080303,CACHIMAYO,CACHIMAYO,0001,1,INEI,1,0,23,100.0,100.0,0.0,34.78260869565217,0.0,0.011043953247931745,0.0,1.0,0.3370146510826439,Well-served,0.0,0.0,0.34782608695652173,0.20869565217391303,Well-served
08,CUSCO,0804,CALCA,080406,SAN SALVADOR,SAN SALVADOR,0001,1,INEI,1,0,58,84.48275862068965,100.0,0.0,0.0,0.0,0.003760520972126874,0.0,0.8448275862068965,0.28286270239300776,Moderate-High,0.0,0.0,0.0,0.0,Well-served
21,PUNO,2112,SANDIA,211203,LIMBANI,LIMBANI,0001,1,INEI,2,0,103,12.62135922330097,39.80582524271845,0.0,0.0,0.0,0.00040036096517685423,0.0,0.1262135922330097,0.042204651066062186,Underserved,0.0,0.0,0.0,0.0,Well-served
03,APURIMAC,0306,CHINCHEROS,030606,ONGOY,ONGOY,0001,1,INEI,3,0,40,100.0,100.0,0.0,5.0,0.0,0.012609324306828037,0.0,1.0,0.33753644143560935,Well-served,0.0,0.0,0.05,0.03,Well-served
08,CUSCO,0803,ANTA,080307,MOLLEPATA,MOLLEPATA,0001,1,INEI,2,0,107,54.205607476635514,87.85046728971963,0.0,0.0,0.0,0.00261197855747365,0.0,0.5420560747663551,0.18155601777460956,Underserved,0.0,0.0,0.0,0.0,Well-served
08,CUSCO,0803,ANTA,080306,LIMATAMBO,LIMATAMBO,0001,1,INEI,3,0,134,70.8955223880597,98.50746268656717,0.0,0.0,0.0,0.0028582952237387175,0.0,0.7089552238805971,0.23727117303477857,Moderate-Low,0.0,0.0,0.0,0.0,Well-served
08,CUSCO,0804,CALCA,080405,PISAC,PISAC,0001,1,INEI,4,0,60,95.0,100.0,0.0,0.0,0.0,0.013040711277528465,0.0,0.95,0.32101357042584283,Moderate-High,0.0,0.0,0.0,0.0,Well-served
09,HUANCAVELICA,0904,CASTROVIRREYNA,090413,TICRAPO,TICRAPO,0001,1,INEI,1,0,91,76.92307692307692,98.9010989010989,0.0,0.0,22.0,0.002645588299482735,7.881211514163433e-06,0.7692307692307692,0.25729474624725535,Moderate-Low,0.0,7.881211514163433e-06,0.0,1.5762423028326865e-06,Well-served
08,CUSCO,0803,ANTA,080305,HUAROCONDO,HUAROCONDO,0001,1,INEI,2,0,84,36.904761904761905,91.66666666666667,0.0,0.0,0.0,0.004375192617996368,0.0,0.36904761904761907,0.12447427055520514,Underserved,0.0,0.0,0.0,0.0,Well-served
08,CUSCO,0813,URUBAMBA,081305,MARAS,MARAS,0001,1,INEI,2,0,59,88.13559322033899,100.0,0.0,0.0,0.0,0.0068280149067529,0.0,0.8813559322033899,0.2960613157033809,Moderate-High,0.0,0.0,0.0,0.0,Well-served
08,CUSCO,0804,CALCA,080403,LAMAY,LAMAY,0001,1,INEI,3,0,109,83.4862385321101,100.0,0.0,0.0,0.0,0.01513079472847302,0.0,0.8348623853211009,0.28333106001652464,Moderate-High,0.0,0.0,0.0,0.0,Well-served
08,CUSCO,0813,URUBAMBA,081303,HUAYLLABAMBA,HUAYLLABAMBA,0001,1,INEI,1,0,41,100.0,100.0,0.0,0.0,0.0,0.006274253911751148,0.0,1.0,0.335424751303917,Well-served,0.0,0.0,0.0,0.0,Well-served
11,ICA,1102,CHINCHA,110202,ALTO LARAN,ALTO LARAN,0001,1,INEI,2,0,58,53.44827586206897,86.20689655172414,17.24137931034483,39.6551724137931,0.0,0.0026437844312302474,0.0,0.5344827586206897,0.17904218101730665,Underserved,0.0,0.0,0.39655172413793105,0.23793103448275862,Well-served
08,CUSCO,0811,PAUCARTAMBO,081104,COLQUEPATA,COLQUEPATA,0001,1,INEI,6,0,139,88.48920863309353,100.0,0.0,0.0,0.0,0.006286614379251493,0.0,0.8848920863309353,0.2970595669033956,Moderate-High,0.0,0.0,0.0,0.0,Well-served
08,CUSCO,0813,URUBAMBA,081307,YUCAY,YUCAY,0001,1,INEI,1,0,16,93.75,100.0,0.0,0.0,0.0,0.020264544551835184,0.0,0.9375,0.31925484818394506,Moderate-High,0.0,0.0,0.0,0.0,Well-served
15,LIMA,1501,LIMA,150142,VILLA EL SALVADOR,VILLA EL SALVADOR,0001,1,INEI,20,2,1,100.0,100.0,100.0,100.0,786553.0,0.28519261425679737,0.28177229818635413,1.0,0.5223216374810504,Well-served,0.0641683382077794,0.28177229818635413,1.0,0.6691881272788267,Well-served
15,LIMA,1501,LIMA,150126,PUNTA HERMOSA,PUNTA HERMOSA,0001,1,INEI,1,0,13,76.92307692307692,76.92307692307692,0.0,0.0,0.0,0.003957395527754322,0.0,0.7692307692307692,0.25772938825284114,Moderate-Low,0.0,0.0,0.0,0.0,Well-served
08,CUSCO,0812,QUISPICANCHI,081209,MARCAPATA,MARCAPATA,0001,1,INEI,2,0,286,18.181818181818183,53.49650349650349,0.0,0.0,0.0,0.0007393328394815577,0.0,0.18181818181818182,0.060852504885887795,Underserved,0.0,0.0,0.0,0.0,Well-served
05,AYACUCHO,0506,LUCANAS,050618,SAN PEDRO DE PALCO,SAN PEDRO DE PALCO,0001,1,INEI,2,0,271,26.199261992619927,31.365313653136532,0.0,0.0,0.0,0.001855792420614768,0.0,0.26199261992619927,0.08794947078227135,Underserved,0.0,0.0,0.0,0.0,Well-served
05,AYACUCHO,0509,SUCRE,050908,SAN PEDRO DE LARCAY,SAN PEDRO DE LARCAY,0001,1,INEI,1,0,50,24.0,62.0,0.0,0.0,0.0,0.001535927924644164,0.0,0.24,0.08051197597488137,Underserved,0.0,0.0,0.0,0.0,Well-served
05,AYACUCHO,0509,SUCRE,050905,HUACAÑA,HUACAÑA,0001,1,INEI,1,0,36,66.66666666666667,100.0,0.0,0.0,0.0,0.0033513171846940967,0.0,0.6666666666666667,0.2233393279504536,Moderate-Low,0.0,0.0,0.0,0.0,Well-served
05,AYACUCHO,0509,SUCRE,050907,PAICO,PAICO,0001,1,INEI,2,0,22,81.81818181818181,100.0,0.0,0.0,0.0,0.012170899917943154,0.0,0.8181818181818181,0.2767842393665871,Moderate-Low,0.0,0.0,0.0,0.0,Well-served
05,AYACUCHO,0503,HUANCA SANCOS,050302,CARAPO,CARAPO,0001,1,INEI,5,0,149,83.22147651006712,100.0,0.0,0.0,0.0,0.01227750285432008,0.0,0.8322147651006712,0.2814974226516637,Moderate-Low,0.0,0.0,0.0,0.0,Well-served
05,AYACUCHO,0511,VILCAS HUAMAN,051103,CARHUANCA,CARHUANCA,0001,1,INEI,1,0,27,100.0,100.0,0.0,0.0,0.0,0.008893334485772586,0.0,1.0,0.3362977781619242,Well-served,0.0,0.0,0.0,0.0,Well-served
05,AYACUCHO,0503,HUANCA SANCOS,050304,SANTIAGO DE LUCANAMARCA,SANTIAGO DE LUCANAMARCA,0001,1,INEI,3,0,206,28.640776699029125,45.14563106796116,0.0,0.0,0.0,0.0022431223159854563,0.0,0.28640776699029125,0.09621696310209223,Underserved,0.0,0.0,0.0,0.0,Well-served
05,AYACUCHO,0511,VILCAS HUAMAN,051105,HUAMBALPA,HUAMBALPA,0001,1,INEI,2,0,39,87.17948717948718,100.0,0.0,0.0,0.0,0.005924606273147886,0.0,0.8717948717948718,0.29257315935600653,Moderate-High,0.0,0.0,0.0,0.0,Well-served
05,AYACUCHO,0510,VICTOR FAJARDO,051005,CANARIA,CANARIA,0001,1,INEI,3,0,166,43.373493975903614,72.28915662650603,0.0,0.0,52.0,0.00546167374774421,1.8628318124386295e-05,0.43373493975903615,0.14640508060830157,Underserved,0.0,1.8628318124386295e-05,0.0,3.7256636248772593e-06,Well-served
05,AYACUCHO,0509,SUCRE,050909,SAN SALVADOR DE QUIJE,SAN SALVADOR DE QUIJE,0001,1,INEI,3,0,46,95.65217391304348,100.0,0.0,0.0,0.0,0.010211135899649539,0.0,0.9565217391304348,0.32224429167669477,Moderate-High,0.0,0.0,0.0,0.0,Well-served
05,AYACUCHO,0509,SUCRE,050901,QUEROBAMBA,QUEROBAMBA,0001,1,INEI,3,0,73,73.97260273972603,98.63013698630137,0.0,0.0,1840.0,0.00513369331214685,0.0006591558720936689,0.7397260273972602,0.24850629219383358,Moderate-Low,0.0,0.0006591558720936689,0.0,0.00013183117441873377,Well-served
05,AYACUCHO,0509,SUCRE,050904,CHILCAYOC,CHILCAYOC,0001,1,INEI,1,0,15,100.0,100.0,0.0,0.0,0.0,0.016219040803206287,0.0,1.0,0.33873968026773543,Well-served,0.0,0.0,0.0,0.0,Well-served
05,AYACUCHO,0511,VILCAS HUAMAN,051106,INDEPENDENCIA,PACCHA HUALLHUA /4,0001,1,INEI,1,0,33,66.66666666666667,100.0,0.0,0.0,0.0,0.005479527208103514,0.0,0.6666666666666667,0.2240487312915901,Moderate-Low,0.0,0.0,0.0,0.0,Well-served
05,AYACUCHO,0509,SUCRE,050903,CHALCOS,CHALCOS,0001,1,INEI,1,0,20,100.0,100.0,0.0,0.0,0.0,0.008794735937599885,0.0,1.0,0.33626491197919994,Well-served,0.0,0.0,0.0,0.0,Well-served
05,AYACUCHO,0503,HUANCA SANCOS,050303,SACSAMARCA,SACSAMARCA,0001,1,INEI,2,0,188,25.53191489361702,51.59574468085106,0.0,0.0,0.0,0.0015102906458382055,0.0,0.2553191489361702,0.08560981319400279,Underserved,0.0,0.0,0.0,0.0,Well-served
05,AYACUCHO,0510,VICTOR FAJARDO,051010,HUALLA,SAN PEDRO DE HUALLA,0001,1,INEI,2,0,98,42.857142857142854,75.51020408163265,0.0,0.0,54.0,0.006162473014089252,1.9344791898401152e-05,0.42857142857142855,0.14491774879247207,Underserved,0.0,1.9344791898401152e-05,0.0,3.868958379680231e-06,Well-served
05,AYACUCHO,0503,HUANCA SANCOS,050301,SANCOS,HUANCA SANCOS,0001,1,INEI,1,0,237,12.236286919831224,20.675105485232066,0.0,0.0,909.0,0.00035587818603899276,0.00032563733028975273,0.12236286919831224,0.041014794904880324,Underserved,0.0,0.00032563733028975273,0.0,6.512746605795055e-05,Well-served
03,APURIMAC,0301,ABANCAY,030108,SAN PEDRO DE CACHORA,CACHORA,0001,1,INEI,1,0,63,73.01587301587301,100.0,0.0,0.0,0.0,0.004089627609611829,0.0,0.7301587301587301,0.2447494525894473,Moderate-Low,0.0,0.0,0.0,0.0,Well-served
08,CUSCO,0804,CALCA,080407,TARAY,TARAY,0001,1,INEI,2,0,31,100.0,100.0,0.0,22.580645161290324,0.0,0.01755802031752501,0.0,1.0,0.3391860067725083,Well-served,0.0,0.0,0.22580645161290325,0.13548387096774195,Well-served
08,CUSCO,0803,ANTA,080309,ZURITE,ZURITE,0001,1,INEI,1,0,29,100.0,100.0,0.0,0.0,0.0,0.007913617667231743,0.0,1.0,0.33597120588907725,Well-served,0.0,0.0,0.0,0.0,Well-served
11,ICA,1102,CHINCHA,110211,TAMBO DE MORA,TAMBO DE MORA,0001,1,INEI,1,0,19,100.0,100.0,0.0,78.94736842105263,0.0,0.04292343399975216,0.0,1.0,0.347641144666584,Well-served,0.0,0.0,0.7894736842105263,0.47368421052631576,Well-served
03,APURIMAC,0302,ANDAHUAYLAS,030208,PACOBAMBA,PACOBAMBA,0001,1,INEI,7,0,54,90.74074074074075,100.0,0.0,0.0,0.0,0.013020581364683063,0.0,0.9074074074074074,0.30680932959069684,Moderate-High,0.0,0.0,0.0,0.0,Well-served
11,ICA,1102,CHINCHA,110210,SUNAMPE,SUNAMPE,0001,1,INEI,1,0,11,100.0,100.0,54.54545454545455,100.0,0.0,0.02985773565617718,0.0,1.0,0.34328591188539237,Well-served,0.0,0.0,1.0,0.6,Well-served
11,ICA,1102,CHINCHA,110205,EL CARMEN,EL CARMEN,0001,1,INEI,3,0,74,93.24324324324324,95.94594594594595,0.0,10.81081081081081,0.0,0.0019176805694568891,0.0,0.9324324324324325,0.31145003766729645,Moderate-High,0.0,0.0,0.1081081081081081,0.06486486486486485,Well-served
08,CUSCO,0803,ANTA,080301,ANTA,ANTA,0001,1,INEI,4,0,84,86.9047619047619,100.0,0.0,0.0,0.0,0.01028057370270908,0.0,0.869047619047619,0.2931093975834427,Moderate-High,0.0,0.0,0.0,0.0,Well-served
08,CUSCO,0803,ANTA,080302,ANCAHUASI,ANCAHUASI,0001,1,INEI,1,0,45,84.44444444444444,100.0,0.0,0.0,0.0,0.003884357537635197,0.0,0.8444444444444444,0.28277626732735983,Moderate-Low,0.0,0.0,0.0,0.0,Well-served
03,APURIMAC,0301,ABANCAY,030105,HUANIPACA,HUANIPACA,0001,1,INEI,6,0,96,73.95833333333333,100.0,0.0,0.0,0.0,0.006777056941003854,0.0,0.7395833333333333,0.24878679675811236,Moderate-Low,0.0,0.0,0.0,0.0,Well-served
03,APURIMAC,0306,CHINCHEROS,030605,OCOBAMBA,OCOBAMBA,0001,1,INEI,5,0,59,94.91525423728814,100.0,0.0,0.0,0.0,0.011125906241249647,0.0,0.9491525423728814,0.3200928162047103,Moderate-High,0.0,0.0,0.0,0.0,Well-served
09,HUANCAVELICA,0906,HUAYTARA,090610,SAN ANTONIO DE CUSICANCHA,CUSICANCHA,0001,1,INEI,2,0,134,58.208955223880594,79.85074626865672,0.0,0.0,0.0,0.0040437313208742404,0.0,0.582089552238806,0.19537776118656008,Moderate-Low,0.0,0.0,0.0,0.0,Well-served
08,CUSCO,0813,URUBAMBA,081302,CHINCHERO,CHINCHERO,0001,1,INEI,2,0,43,100.0,100.0,0.0,0.0,0.0,0.009409201951869856,0.0,1.0,0.3364697339839566,Well-served,0.0,0.0,0.0,0.0,Well-served
21,PUNO,2103,CARABAYA,210309,SAN GABAN,LANLACUNI BAJO,0001,1,INEI,1,0,58,36.206896551724135,70.6896551724138,0.0,0.0,0.0,0.0006441122418358226,0.0,0.3620689655172413,0.12090435925302571,Underserved,0.0,0.0,0.0,0.0,Well-served
08,CUSCO,0804,CALCA,080402,COYA,COYA,0001,1,INEI,2,0,35,100.0,100.0,0.0,0.0,0.0,0.013714340976540954,0.0,1.0,0.33790478032551363,Well-served,0.0,0.0,0.0,0.0,Well-served
11,ICA,1105,PISCO,110502,HUANCANO,HUANCANO,0001,1,INEI,2,0,58,41.37931034482759,70.6896551724138,0.0,0.0,0.0,0.0010744142984578128,0.0,0.41379310344827586,0.13828917258224455,Underserved,0.0,0.0,0.0,0.0,Well-served
12,JUNIN,1201,HUANCAYO,120126,PUCARA,PUCARA,0001,1,INEI,4,0,28,85.71428571428571,100.0,0.0,0.0,0.0,0.017353071317583957,0.0,0.8571428571428571,0.29149864282014704,Moderate-High,0.0,0.0,0.0,0.0,Well-served
09,HUANCAVELICA,0903,ANGARAES,090302,ANCHONGA,ANCHONGA,0001,1,INEI,7,0,74,100.0,100.0,0.0,31.08108108108108,462.0,0.04484124231879833,0.0001655054417974321,1.0,0.34833558258686526,Well-served,0.0,0.0001655054417974321,0.3108108108108108,0.18651958757484596,Well-served
17,MADRE DE DIOS,1702,MANU,170204,HUEPETUHE,HUEPETUHE,0001,1,INEI,7,0,27,81.48148148148148,100.0,0.0,0.0,0.0,0.002207211452726104,0.0,0.8148148148148148,0.2723406754225136,Moderate-Low,0.0,0.0,0.0,0.0,Well-served
11,ICA,1102,CHINCHA,110207,PUEBLO NUEVO,PUEBLO NUEVO,0001,1,INEI,4,0,7,57.142857142857146,57.142857142857146,42.857142857142854,57.142857142857146,173.0,0.00916753222627525,6.197498145228518e-05,0.5714285714285715,0.19355269287876634,Moderate-Low,0.0,6.197498145228518e-05,0.5714285714285715,0.3428695378534334,Well-served
09,HUANCAVELICA,0904,CASTROVIRREYNA,090407,HUACHOS,HUACHOS,0001,1,INEI,1,0,91,74.72527472527473,100.0,0.0,0.0,10.0,0.002753550617473981,3.5823688700742875e-06,0.7472527472527473,0.25000329341303046,Moderate-Low,0.0,3.5823688700742875e-06,0.0,7.164737740148576e-07,Well-served
21,PUNO,2103,CARABAYA,210303,AYAPATA,AYAPATA,0001,1,INEI,8,0,111,68.46846846846847,94.5945945945946,0.0,0.0,0.0,0.0018724745926088334,0.0,0.6846846846846847,0.2288523864257645,Moderate-Low,0.0,0.0,0.0,0.0,Well-served
08,CUSCO,0811,PAUCARTAMBO,081101,PAUCARTAMBO,PAUCARTAMBO,0001,1,INEI,2,0,183,39.34426229508197,85.79234972677595,0.0,0.0,0.0,0.0008820562959242788,0.0,0.39344262295081966,0.13144155974891464,Underserved,0.0,0.0,0.0,0.0,Well-served
08,CUSCO,0813,URUBAMBA,081306,OLLANTAYTAMBO,OLLANTAYTAMBO,0001,1,INEI,3,0,113,64.60176991150442,99.11504424778761,0.0,0.0,0.0,0.002496453013091758,0.0,0.6460176991150441,0.21617138404271197,Moderate-Low,0.0,0.0,0.0,0.0,Well-served
08,CUSCO,0813,URUBAMBA,081304,MACHUPICCHU,MACHUPICCHU,0001,1,INEI,3,0,40,70.0,100.0,0.0,0.0,0.0,0.004004740540738892,0.0,0.7,0.23466824684691295,Moderate-Low,0.0,0.0,0.0,0.0,Well-served
11,ICA,1102,CHINCHA,110208,SAN JUAN DE YANAC,SAN JUAN DE YANAC,0001,1,INEI,2,0,68,48.529411764705884,83.82352941176471,0.0,0.0,0.0,0.002186991820608821,0.0,0.4852941176470588,0.1624937031558892,Underserved,0.0,0.0,0.0,0.0,Well-served
08,CUSCO,0812,QUISPICANCHI,081203,CAMANTI,QUINCE MIL,0001,1,INEI,1,0,81,22.22222222222222,46.91358024691358,0.0,0.0,0.0,0.000142931815031299,0.0,0.2222222222222222,0.07412171801241783,Underserved,0.0,0.0,0.0,0.0,Well-served
15,LIMA,1505,CAÑETE,150501,SAN VICENTE DE CAÑETE,SAN VICENTE DE CAÑETE,0001,1,INEI,2,2,94,56.38297872340426,88.29787234042553,36.170212765957444,76.59574468085107,203465.0,0.0018590359730326176,0.07288866821496649,0.5638297872340425,0.2128591638073472,Moderate-Low,0.004182830939323389,0.07288866821496649,0.7659574468085107,0.4749887679159644,Well-served
09,HUANCAVELICA,0904,CASTROVIRREYNA,090412,TANTARA,TANTARA,0001,1,INEI,1,0,35,85.71428571428571,100.0,0.0,0.0,7.0,0.004341569164282497,2.507658209052001e-06,0.8571428571428571,0.2871623113217829,Moderate-High,0.0,2.507658209052001e-06,0.0,5.015316418104002e-07,Well-served
08,CUSCO,0811,PAUCARTAMBO,081103,CHALLABAMBA,CHALLABAMBA,0001,1,INEI,2,0,289,20.069204152249135,54.325259515570934,0.0,0.0,0.0,0.0013485770128669132,0.0,0.20069204152249134,0.06734687284511942,Underserved,0.0,0.0,0.0,0.0,Well-served
15,LIMA,1507,HUAROCHIRI,150714,RICARDO PALMA,RICARDO PALMA,0001,1,INEI,1,0,12,100.0,100.0,16.666666666666668,83.33333333333333,0.0,0.01372273058607369,0.0,1.0,0.33790757686202455,Well-served,0.0,0.0,0.8333333333333333,0.49999999999999994,Well-served
12,JUNIN,1201,HUANCAYO,120101,HUANCAYO,HUANCAYO,0001,1,INEI,12,2,20,95.0,100.0,30.0,75.0,229370.0,0.02554780431628479,0.08216879477289393,0.95,0.35257219969639286,Well-served,0.009580426618606797,0.08216879477289393,0.75,0.4683498442783001,Well-served
12,JUNIN,1202,CONCEPCION,120211,MITO,MITO,0001,1,INEI,3,0,7,100.0,100.0,0.0,0.0,0.0,0.05744039748245287,0.0,1.0,0.35248013249415094,Well-served,0.0,0.0,0.0,0.0,Well-served
09,HUANCAVELICA,0901,HUANCAVELICA,090101,HUANCAVELICA,HUANCAVELICA,0001,1,INEI,11,1,152,51.31578947368421,75.0,20.394736842105264,59.86842105263158,512079.0,0.010404146583092619,0.18344558686187712,0.5131578947368421,0.2356692093939373,Moderate-Low,0.002128120891996218,0.18344558686187712,0.5986842105263158,0.39632526786656413,Well-served
08,CUSCO,0811,PAUCARTAMBO,081106,KOSÑIPATA,PILLCOPATA,0001,1,INEI,2,0,94,22.340425531914892,54.255319148936174,0.0,0.0,0.0,0.0002946257311938611,0.0,0.22340425531914893,0.0745662936834476,Underserved,0.0,0.0,0.0,0.0,Well-served
09,HUANCAVELICA,0901,HUANCAVELICA,090111,MARISCAL CACERES,MARISCAL CACERES,0001,1,INEI,1,0,1,100.0,100.0,0.0,0.0,0.0,0.09230485065454613,0.0,1.0,0.3641016168848487,Well-served,0.0,0.0,0.0,0.0,Well-served
15,LIMA,1505,CAÑETE,150506,COAYLLO,COAYLLO,0001,1,INEI,1,0,35,68.57142857142857,82.85714285714286,0.0,0.0,0.0,0.0008039263332991769,0.0,0.6857142857142857,0.2288394040158616,Moderate-Low,0.0,0.0,0.0,0.0,Well-served
09,HUANCAVELICA,0901,HUANCAVELICA,090112,MOYA,MOYA,0001,1,INEI,2,0,35,88.57142857142857,100.0,0.0,0.0,77.0,0.010216674117151799,2.7584240299572015e-05,0.8857142857142857,0.2986528480239123,Moderate-High,0.0,2.7584240299572015e-05,0.0,5.516848059914404e-06,Well-served
09,HUANCAVELICA,0901,HUANCAVELICA,090115,PILCHACA,PILCHACA,0001,1,INEI,1,0,20,100.0,100.0,0.0,0.0,0.0,0.01216452110375854,0.0,1.0,0.33738817370125285,Well-served,0.0,0.0,0.0,0.0,Well-served
15,LIMA,1510,YAUYOS,151022,OMAS,OMAS,0001,1,INEI,0,0,42,0.0,2.380952380952381,0.0,0.0,0.0,0.0,0.0,0.0,0.0,Underserved,0.0,0.0,0.0,0.0,Well-served
15,LIMA,1510,YAUYOS,151016,HUANTAN,HUANTAN,0001,1,INEI,1,0,88,28.40909090909091,43.18181818181818,0.0,0.0,0.0,0.00094076297094995,0.0,0.2840909090909091,0.09501055735395302,Underserved,0.0,0.0,0.0,0.0,Well-served
09,HUANCAVELICA,0901,HUANCAVELICA,090107,HUAYLLAHUARA,HUAYLLAHUARA,0001,1,INEI,1,0,38,100.0,100.0,0.0,0.0,1.0,0.013262638583875339,3.5823688700742874e-07,1.0,0.3377543322735874,Well-served,0.0,3.5823688700742874e-07,0.0,7.164737740148575e-08,Well-served
15,LIMA,1501,LIMA,150129,SAN BARTOLO,SAN BARTOLO,0001,1,INEI,1,0,11,72.72727272727273,90.9090909090909,0.0,0.0,94.0,0.008996381749421406,3.36742673786983e-05,0.7272727272727273,0.24543426109650912,Moderate-Low,0.0,3.36742673786983e-05,0.0,6.73485347573966e-06,Well-served
15,LIMA,1510,YAUYOS,151001,YAUYOS,YAUYOS,0001,1,INEI,2,0,71,67.6056338028169,98.59154929577464,0.0,0.0,0.0,0.002905130060591053,0.0,0.676056338028169,0.22632048936292,Moderate-Low,0.0,0.0,0.0,0.0,Well-served
09,HUANCAVELICA,0907,TAYACAJA,090702,ACOSTAMBO,ACOSTAMBO,0001,1,INEI,3,0,71,85.91549295774648,100.0,0.0,0.0,63.0,0.008817562138086297,2.256892388146801e-05,0.8591549295774648,0.2893316868798108,Moderate-High,0.0,2.256892388146801e-05,0.0,4.5137847762936025e-06,Well-served
09,HUANCAVELICA,0907,TAYACAJA,090703,ACRAQUIA,ACRAQUIA,0001,1,INEI,2,0,45,66.66666666666667,100.0,8.88888888888889,77.77777777777777,59.0,0.008904609085242564,2.1135976333438297e-05,0.6666666666666667,0.22519747057608092,Moderate-Low,0.0,2.1135976333438297e-05,0.7777777777777777,0.4666708938619333,Well-served
12,JUNIN,1201,HUANCAYO,120104,CARHUACALLANGA,CARHUACALLANGA,0001,1,INEI,1,0,11,100.0,100.0,0.0,0.0,0.0,0.03686550353185322,0.0,1.0,0.34562183451061773,Well-served,0.0,0.0,0.0,0.0,Well-served
08,CUSCO,0809,LA CONVENCION,080906,QUELLOUNO,QUELLOUNO,0001,1,INEI,14,0,207,73.91304347826087,97.10144927536231,0.0,0.0,0.0,0.0034351159544716626,0.0,0.7391304347826088,0.24752185024569345,Moderate-Low,0.0,0.0,0.0,0.0,Well-served
15,LIMA,1505,CAÑETE,150503,CALANGO,CALANGO,0001,1,INEI,1,0,55,36.36363636363637,74.54545454545455,0.0,0.0,0.0,0.0009159122377474693,0.0,0.36363636363636365,0.12151742529137037,Underserved,0.0,0.0,0.0,0.0,Well-served
12,JUNIN,1201,HUANCAYO,120120,HUASICANCHA,HUASICANCHA,0001,1,INEI,2,0,14,57.142857142857146,100.0,0.0,0.0,0.0,0.018561606252813456,0.0,0.5714285714285715,0.19666339256046164,Moderate-Low,0.0,0.0,0.0,0.0,Well-served
12,JUNIN,1201,HUANCAYO,120105,CHACAPAMPA,CHACAPAMPA,0001,1,INEI,2,0,23,78.26086956521739,95.65217391304348,0.0,0.0,0.0,0.007703842809291921,0.0,0.782608695652174,0.2634375128204886,Moderate-Low,0.0,0.0,0.0,0.0,Well-served
15,LIMA,1510,YAUYOS,151013,HUAMPARA,HUAMPARA,0001,1,INEI,1,0,19,100.0,100.0,0.0,0.0,0.0,0.008933642334490467,0.0,1.0,0.3363112141114968,Well-served,0.0,0.0,0.0,0.0,Well-served
12,JUNIN,1201,HUANCAYO,120108,CHONGOS ALTO,CHONGOS ALTO,0001,1,INEI,1,0,60,15.0,33.333333333333336,0.0,0.0,0.0,0.0006875612165162473,0.0,0.15,0.050229187072172075,Underserved,0.0,0.0,0.0,0.0,Well-served
09,HUANCAVELICA,0907,TAYACAJA,090704,AHUAYCHA,AHUAYCHA,0001,1,INEI,4,0,53,98.11320754716981,100.0,13.20754716981132,39.62264150943396,0.0,0.019423881090120835,0.0,0.9811320754716981,0.33351865218727295,Moderate-High,0.0,0.0,0.3962264150943396,0.23773584905660375,Well-served
15,LIMA,1510,YAUYOS,151018,LARAOS,LARAOS,0001,1,INEI,1,0,88,15.909090909090908,29.545454545454547,0.0,0.0,0.0,0.001178969532937211,0.0,0.1590909090909091,0.053423292874615426,Underserved,0.0,0.0,0.0,0.0,Well-served
15,LIMA,1510,YAUYOS,151007,CARANIA,CARANIA,0001,1,INEI,2,0,28,71.42857142857143,100.0,0.0,0.0,0.0,0.007910620607259718,0.0,0.7142857142857143,0.2407321116309913,Moderate-Low,0.0,0.0,0.0,0.0,Well-served
09,HUANCAVELICA,0907,TAYACAJA,090706,DANIEL HERNANDEZ,MARISCAL CACERES,0001,1,INEI,2,0,60,100.0,100.0,25.0,78.33333333333333,360.0,0.009203264942859071,0.00012896527932267435,1.0,0.33644407674072724,Well-served,0.0,0.00012896527932267435,0.7833333333333333,0.4700257930558645,Well-served
09,HUANCAVELICA,0907,TAYACAJA,090710,ÑAHUIMPUQUIO,ÑAHUIMPUQUIO,0001,1,INEI,1,0,19,73.6842105263158,100.0,0.0,0.0,0.0,0.007277416389094794,0.0,0.736842105263158,0.2480398405507509,Moderate-Low,0.0,0.0,0.0,0.0,Well-served
15,LIMA,1505,CAÑETE,150505,CHILCA,CHILCA,0001,1,INEI,5,0,62,83.87096774193549,91.93548387096774,0.0,0.0,0.0,0.004993225301477072,0.0,0.8387096774193549,0.28123430090694396,Moderate-Low,0.0,0.0,0.0,0.0,Well-served
15,LIMA,1507,HUAROCHIRI,150710,LAHUAYTAMBO,LAHUAYTAMBO,0001,1,INEI,2,0,28,96.42857142857143,100.0,0.0,0.0,0.0,0.011771120127601988,0.0,0.9642857142857143,0.32535227813777207,Moderate-High,0.0,0.0,0.0,0.0,Well-served
15,LIMA,1501,LIMA,150123,PACHACAMAC,PACHACAMAC,0001,1,INEI,12,0,24,100.0,100.0,0.0,41.666666666666664,0.0,0.03115191371549774,0.0,1.0,0.3437173045718326,Well-served,0.0,0.0,0.41666666666666663,0.24999999999999997,Well-served
12,JUNIN,1209,CHUPACA,120905,HUAMANCACA CHICO,HUAMANCACA CHICO,0001,1,INEI,1,0,7,100.0,100.0,100.0,100.0,0.0,0.04386855601458785,0.0,1.0,0.34795618533819594,Well-served,0.0,0.0,1.0,0.6,Well-served
15,LIMA,1501,LIMA,150115,LA VICTORIA,LA VICTORIA,0001,1,INEI,8,2,1,100.0,100.0,100.0,100.0,858648.0,0.4223125672535544,0.3075993865551547,1.0,0.5766373179362363,Well-served,0.23755081908012438,0.3075993865551547,1.0,0.7090300411270558,Well-served
15,LIMA,1501,LIMA,150114,LA MOLINA,LA MOLINA,0001,1,INEI,8,1,10,100.0,100.0,70.0,100.0,667312.0,0.07921069448066485,0.2390557735427013,1.0,0.43942215600778867,Well-served,0.022278007822686994,0.2390557735427013,1.0,0.6522667562730776,Well-served
07,CALLAO,0701,CALLAO,070102,BELLAVISTA,BELLAVISTA,0001,1,INEI,9,4,1,100.0,100.0,100.0,100.0,990565.0,0.9530287641339895,0.35485692197851365,1.0,0.7692952287041677,Well-served,0.9530287641339895,0.35485692197851365,1.0,0.8615771372225006,Well-served
15,LIMA,1501,LIMA,150105,BREÑA,BREÑA,0001,1,INEI,3,1,1,100.0,100.0,100.0,100.0,205873.0,0.45062095632906046,0.07375130263888038,1.0,0.5081240863226469,Well-served,0.33796571724679536,0.07375130263888038,1.0,0.6823434039771351,Well-served
12,JUNIN,1201,HUANCAYO,120107,CHILCA,CHILCA,0001,1,INEI,4,0,13,92.3076923076923,100.0,92.3076923076923,100.0,2948.0,0.07196531760573795,0.0010560823428979,0.923076923076923,0.3320327743418529,Moderate-High,0.0,0.0010560823428979,1.0,0.6002112164685796,Well-served
12,JUNIN,1201,HUANCAYO,120133,SAPALLANGA,SAPALLANGA,0001,1,INEI,5,0,36,66.66666666666667,100.0,0.0,58.333333333333336,0.0,0.019542206533959914,0.0,0.6666666666666667,0.22873629106687554,Moderate-Low,0.0,0.0,0.5833333333333334,0.35000000000000003,Well-served
12,JUNIN,1209,CHUPACA,120901,CHUPACA,CHUPACA,0001,1,INEI,1,0,10,100.0,100.0,0.0,100.0,8138.0,0.02344363957430461,0.002915331786466455,1.0,0.342119657120257,Well-served,0.0,0.002915331786466455,1.0,0.6005830663572933,Well-served
15,LIMA,1507,HUAROCHIRI,150725,SAN PEDRO DE HUANCAYRE,SAN PEDRO,0001,1,INEI,1,0,37,94.5945945945946,100.0,0.0,0.0,0.0,0.012250826817638168,0.0,0.9459459459459459,0.31939892425452804,Moderate-High,0.0,0.0,0.0,0.0,Well-served
09,HUANCAVELICA,0907,TAYACAJA,090715,SALCAHUASI,SALCAHUASI,0001,1,INEI,5,0,55,100.0,100.0,0.0,0.0,0.0,0.02063134228990081,0.0,1.0,0.3402104474299669,Well-served,0.0,0.0,0.0,0.0,Well-served
12,JUNIN,1209,CHUPACA,120907,SAN JUAN DE JARPA,JARPA,0001,1,INEI,2,0,21,80.95238095238095,100.0,0.0,0.0,0.0,0.007098287157832845,0.0,0.8095238095238095,0.2722073655605474,Moderate-Low,0.0,0.0,0.0,0.0,Well-served
12,JUNIN,1209,CHUPACA,120902,AHUAC,AHUAC,0001,1,INEI,2,0,39,100.0,100.0,0.0,23.076923076923077,0.0,0.013398944515489493,0.0,1.0,0.33779964817182984,Well-served,0.0,0.0,0.23076923076923075,0.13846153846153844,Well-served
15,LIMA,1510,YAUYOS,151030,TOMAS,TOMAS,0001,1,INEI,2,0,55,14.545454545454545,54.54545454545455,0.0,0.0,0.0,0.0033122028437390116,0.0,0.14545454545454545,0.04958891609942815,Underserved,0.0,0.0,0.0,0.0,Well-served
09,HUANCAVELICA,0907,TAYACAJA,090717,SURCUBAMBA,SURCUBAMBA,0001,1,INEI,7,0,119,91.59663865546219,100.0,0.0,0.0,160.0,0.011967329532958053,5.73179019211886e-05,0.9159663865546218,0.309330344663167,Moderate-High,0.0,5.73179019211886e-05,0.0,1.1463580384237721e-05,Well-served
15,LIMA,1501,LIMA,150137,SANTA ANITA,SANTA ANITA - LOS FICUS,0001,1,INEI,11,1,3,100.0,100.0,100.0,100.0,291944.0,0.49709194240034,0.10458510974049678,1.0,0.5338923507136122,Well-served,0.10167789730916045,0.10458510974049678,1.0,0.6412526014099315,Well-served
12,JUNIN,1201,HUANCAYO,120125,PILCOMAYO,PILCOMAYO,0001,1,INEI,2,0,3,100.0,100.0,100.0,100.0,0.0,0.10874433394288537,0.0,1.0,0.36958144464762843,Well-served,0.0,0.0,1.0,0.6,Well-served
12,JUNIN,1209,CHUPACA,120904,HUACHAC,HUACHAC,0001,1,INEI,4,0,13,100.0,100.0,0.0,0.0,0.0,0.0809207548452799,0.0,1.0,0.3603069182817599,Well-served,0.0,0.0,0.0,0.0,Well-served
15,LIMA,1501,LIMA,150109,CIENEGUILLA,CIENEGUILLA,0001,1,INEI,3,0,13,53.84615384615385,100.0,0.0,23.076923076923077,0.0,0.0064353797648540574,0.0,0.5384615384615384,0.18163230607546416,Underserved,0.0,0.0,0.23076923076923075,0.13846153846153844,Well-served
09,HUANCAVELICA,0907,TAYACAJA,090716,SAN MARCOS DE ROCCHAC,SAN MARCOS DE ROCCHAC,0001,1,INEI,4,0,54,94.44444444444444,100.0,0.0,0.0,37.0,0.006713701810671057,1.3254764819274865e-05,0.9444444444444444,0.31705713367331156,Moderate-High,0.0,1.3254764819274865e-05,0.0,2.6509529638549733e-06,Well-served
12,JUNIN,1202,CONCEPCION,120214,SAN JOSE DE QUERO,SAN JOSE DE QUERO,0001,1,INEI,6,0,61,80.32786885245902,96.72131147540983,0.0,0.0,0.0,0.009401443006089739,0.0,0.8032786885245902,0.27089337717689327,Moderate-Low,0.0,0.0,0.0,0.0,Well-served
09,HUANCAVELICA,0907,TAYACAJA,090707,HUACHOCOLPA,HUACHOCOLPA,0001,1,INEI,4,0,50,90.0,100.0,0.0,0.0,28.0,0.007263937336681914,1.0030632836208004e-05,0.9,0.30242465598983936,Moderate-High,0.0,1.0030632836208004e-05,0.0,2.006126567241601e-06,Well-served
15,LIMA,1510,YAUYOS,151014,HUANCAYA,HUANCAYA,0001,1,INEI,1,0,35,17.142857142857142,40.0,0.0,0.0,0.0,0.0017373381160669626,0.0,0.17142857142857143,0.0577219698482128,Underserved,0.0,0.0,0.0,0.0,Well-served
15,LIMA,1510,YAUYOS,151028,TANTA,TANTA,0001,1,INEI,1,0,28,35.714285714285715,100.0,0.0,0.0,0.0,0.0013954653674085316,0.0,0.35714285714285715,0.11951277417008856,Underserved,0.0,0.0,0.0,0.0,Well-served
12,JUNIN,1201,HUANCAYO,120134,SICAYA,SICAYA,0001,1,INEI,1,0,14,100.0,100.0,0.0,85.71428571428571,0.0,0.011507856709053589,0.0,1.0,0.3371692855696845,Well-served,0.0,0.0,0.8571428571428571,0.5142857142857142,Well-served
16,LORETO,1605,REQUENA,160510,JENARO HERRERA,JENARO HERRERA,0001,1,INEI,1,0,24,20.833333333333332,45.833333333333336,0.0,0.0,0.0,0.0004159959046676966,0.0,0.20833333333333331,0.06958310974600034,Underserved,0.0,0.0,0.0,0.0,Well-served
12,JUNIN,1208,YAULI,120809,SUITUCANCHA,SUITUCANCHA,0001,1,INEI,1,0,161,52.79503105590062,90.06211180124224,0.0,0.0,0.0,0.0022410674802423964,0.0,0.5279503105590062,0.17673045934641618,Underserved,0.0,0.0,0.0,0.0,Well-served
12,JUNIN,1204,JAUJA,120416,MASMA,MASMA,0001,1,INEI,1,0,13,100.0,100.0,0.0,84.61538461538461,0.0,0.03328135638451338,0.0,1.0,0.3444271187948378,Well-served,0.0,0.0,0.8461538461538461,0.5076923076923077,Well-served
12,JUNIN,1204,JAUJA,120408,HUAMALI,HUAMALI,0001,1,INEI,1,0,10,100.0,100.0,0.0,50.0,0.0,0.024550203514963214,0.0,1.0,0.3415167345049877,Well-served,0.0,0.0,0.5,0.3,Well-served
12,JUNIN,1204,JAUJA,120405,CANCHAYLLO,CANCHAYLLO,0001,1,INEI,1,0,22,27.272727272727273,54.54545454545455,0.0,0.0,0.0,0.000510022545230656,0.0,0.2727272727272727,0.09107909842416778,Underserved,0.0,0.0,0.0,0.0,Well-served
12,JUNIN,1204,JAUJA,120410,HUERTAS,HUERTAS,0001,1,INEI,1,0,21,100.0,100.0,100.0,100.0,0.0,0.040078370421737036,0.0,1.0,0.34669279014057897,Well-served,0.0,0.0,1.0,0.6,Well-served
12,JUNIN,1204,JAUJA,120411,JANJAILLO,JANJAILLO /11,0001,1,INEI,1,0,22,100.0,100.0,0.0,4.545454545454546,0.0,0.014851127753996683,0.0,1.0,0.3382837092513322,Well-served,0.0,0.0,0.045454545454545456,0.02727272727272727,Well-served
12,JUNIN,1204,JAUJA,120417,MASMA CHICCHE,MASMA CHICCHE,0001,1,INEI,1,0,14,100.0,100.0,0.0,0.0,0.0,0.014303172921682008,0.0,1.0,0.33810105764056064,Well-served,0.0,0.0,0.0,0.0,Well-served
12,JUNIN,1204,JAUJA,120412,JULCAN,JULCAN,0001,1,INEI,1,0,12,100.0,100.0,0.0,91.66666666666667,0.0,0.02526747153522188,0.0,1.0,0.34175582384507397,Well-served,0.0,0.0,0.9166666666666667,0.55,Well-served
15,LIMA,1507,HUAROCHIRI,150724,SAN PEDRO DE CASTA,SAN PEDRO DE CASTA,0001,1,INEI,1,0,14,100.0,100.0,0.0,0.0,0.0,0.005857550357482081,0.0,1.0,0.3352858501191607,Well-served,0.0,0.0,0.0,0.0,Well-served
12,JUNIN,1204,JAUJA,120415,MARCO,MARCO,0001,1,INEI,1,0,8,100.0,100.0,0.0,100.0,0.0,0.016808597613990256,0.0,1.0,0.3389361992046634,Well-served,0.0,0.0,1.0,0.6,Well-served
12,JUNIN,1204,JAUJA,120424,PANCAN,PANCAN,0001,1,INEI,2,0,4,100.0,100.0,100.0,100.0,0.0,0.08477536609593797,0.0,1.0,0.36159178869864594,Well-served,0.0,0.0,1.0,0.6,Well-served
12,JUNIN,1204,JAUJA,120406,CURICACA,EL ROSARIO,0001,1,INEI,1,0,25,92.0,100.0,0.0,0.0,0.0,0.007367444659912256,0.0,0.92,0.3091224815533041,Moderate-High,0.0,0.0,0.0,0.0,Well-served
15,LIMA,1507,HUAROCHIRI,150701,MATUCANA,MATUCANA,0001,1,INEI,2,1,76,92.10526315789474,100.0,82.89473684210526,98.6842105263158,7230.0,0.005345562836154048,0.00259005269306371,0.9210526315789473,0.309662749036055,Moderate-High,0.006013758190673304,0.00259005269306371,0.986842105263158,0.5938260253346422,Well-served
15,LIMA,1507,HUAROCHIRI,150708,HUANZA,HUANZA,0001,1,INEI,2,0,49,42.857142857142854,81.63265306122449,0.0,0.0,0.0,0.0041231281454186895,0.0,0.42857142857142855,0.14423151890561575,Underserved,0.0,0.0,0.0,0.0,Well-served
12,JUNIN,1208,YAULI,120801,LA OROYA,LA OROYA,0001,1,INEI,2,0,70,17.142857142857142,81.42857142857143,0.0,0.0,277.0,0.002540660403569099,9.923161770105777e-05,0.17142857142857143,0.058022821149947196,Underserved,0.0,9.923161770105777e-05,0.0,1.9846323540211555e-05,Well-served
15,LIMA,1507,HUAROCHIRI,150712,SAN PEDRO DE LARAOS,LARAOS,0001,1,INEI,1,0,28,71.42857142857143,100.0,0.0,0.0,0.0,0.004111992167746526,0.0,0.7142857142857143,0.2394659021511536,Moderate-Low,0.0,0.0,0.0,0.0,Well-served
12,JUNIN,1204,JAUJA,120427,RICRAN,RICRAN,0001,1,INEI,2,0,61,65.57377049180327,83.60655737704919,0.0,0.0,0.0,0.0030177388795737258,0.0,0.6557377049180327,0.21958514793253547,Moderate-Low,0.0,0.0,0.0,0.0,Well-served
12,JUNIN,1207,TARMA,120703,HUARICOLCA,HUARICOLCA,0001,1,INEI,3,0,31,77.41935483870968,100.0,0.0,9.67741935483871,0.0,0.008793260379785273,0.0,0.7741935483870968,0.260995602922294,Moderate-Low,0.0,0.0,0.0967741935483871,0.058064516129032254,Well-served
12,JUNIN,1204,JAUJA,120418,MOLINOS,MOLINOS,0001,1,INEI,3,0,35,77.14285714285714,100.0,2.857142857142857,20.0,0.0,0.004610757544289874,0.0,0.7714285714285714,0.25867977632428707,Moderate-Low,0.0,0.0,0.2,0.12,Well-served
12,JUNIN,1204,JAUJA,120403,APATA,APATA,0001,1,INEI,5,0,118,43.220338983050844,83.89830508474576,0.0,0.0,0.0,0.005751498717162327,0.0,0.43220338983050843,0.14598496284922358,Underserved,0.0,0.0,0.0,0.0,Well-served
12,JUNIN,1202,CONCEPCION,120206,COMAS,COMAS,0001,1,INEI,6,0,117,78.63247863247864,100.0,0.0,0.0,0.0,0.0030530759083037544,0.0,0.7863247863247864,0.2631259540776967,Moderate-Low,0.0,0.0,0.0,0.0,Well-served
15,LIMA,1504,CANTA,150403,HUAMANTANGA,HUAMANTANGA,0001,1,INEI,3,0,34,47.05882352941177,97.05882352941177,0.0,0.0,0.0,0.0029342606071201816,0.0,0.4705882352941177,0.15784083196707926,Underserved,0.0,0.0,0.0,0.0,Well-served
15,LIMA,1504,CANTA,150401,CANTA,CANTA,0001,1,INEI,4,0,122,84.42622950819673,100.0,0.0,0.0,0.0,0.014388201539873554,0.0,0.8442622950819673,0.2862168322072802,Moderate-High,0.0,0.0,0.0,0.0,Well-served
12,JUNIN,1208,YAULI,120805,MOROCOCHA,NUEVA MOROCOCHA,0001,1,INEI,2,0,24,54.166666666666664,91.66666666666667,0.0,0.0,9.0,0.003644913558573835,3.2241319830668587e-06,0.5416666666666666,0.18177160145240784,Underserved,0.0,3.2241319830668587e-06,0.0,6.448263966133718e-07,Well-served
15,LIMA,1506,HUARAL,150605,CHANCAY,CHANCAY,0001,1,INEI,7,1,47,100.0,100.0,55.319148936170215,93.61702127659575,103121.0,0.021824547370546947,0.036941746025093064,1.0,0.35292209779854666,Well-served,0.00701503308339009,0.036941746025093064,0.9361702127659575,0.5704934834812712,Well-served
17,MADRE DE DIOS,1701,TAMBOPATA,170103,LAS PIEDRAS,LAS PIEDRAS (PLANCHON),0001,1,INEI,9,0,76,43.421052631578945,78.94736842105263,9.210526315789474,14.473684210526315,0.0,0.0005565557892783546,0.0,0.43421052631578944,0.14492236070168926,Underserved,0.0,0.0,0.14473684210526316,0.0868421052631579,Well-served
12,JUNIN,1207,TARMA,120701,TARMA,TARMA,0001,1,INEI,12,1,112,88.39285714285714,99.10714285714286,28.571428571428573,68.75,42219.0,0.013004861193861782,0.015124403132566635,0.8839285714285714,0.3040192785849999,Moderate-High,0.002438411473849084,0.015124403132566635,0.6875,0.41601256292128314,Well-served
15,LIMA,1506,HUARAL,150604,AUCALLAMA,AUCALLAMA,0001,1,INEI,4,0,75,88.0,92.0,6.666666666666667,72.0,0.0,0.0026834281174177694,0.0,0.88,0.2942278093724726,Moderate-High,0.0,0.0,0.72,0.432,Well-served
12,JUNIN,1207,TARMA,120709,TAPO,TAPO,0001,1,INEI,8,0,35,100.0,100.0,0.0,0.0,0.0,0.017961120492609575,0.0,1.0,0.3393203734975365,Well-served,0.0,0.0,0.0,0.0,Well-served
12,JUNIN,1206,SATIPO,120603,LLAYLLA,LLAYLLA,0001,1,INEI,4,0,35,88.57142857142857,100.0,0.0,28.571428571428573,0.0,0.006263783866115474,0.0,0.8857142857142857,0.297326023193467,Moderate-High,0.0,0.0,0.28571428571428575,0.17142857142857146,Well-served
15,LIMA,1504,CANTA,150406,SAN BUENAVENTURA,SAN BUENAVENTURA,0001,1,INEI,2,0,37,67.56756756756756,97.29729729729729,0.0,0.0,0.0,0.008972599962416146,0.0,0.6756756756756757,0.22821609187936392,Moderate-Low,0.0,0.0,0.0,0.0,Well-served
12,JUNIN,1208,YAULI,120806,PACCHA,PACCHA,0001,1,INEI,1,0,29,37.93103448275862,86.20689655172414,0.0,0.0,13.0,0.0014954428269004746,4.657079531096574e-06,0.3793103448275862,0.12693681491133924,Underserved,0.0,4.657079531096574e-06,0.0,9.314159062193148e-07,Well-served
17,MADRE DE DIOS,1703,TAHUAMANU,170303,TAHUAMANU,SAN LORENZO,0001,1,INEI,6,0,10,60.0,90.0,0.0,0.0,0.0,0.0008177769892480516,0.0,0.6,0.20027259232974934,Moderate-Low,0.0,0.0,0.0,0.0,Well-served
12,JUNIN,1207,TARMA,120705,LA UNION,LETICIA,0001,1,INEI,4,0,29,75.86206896551724,93.10344827586206,0.0,37.93103448275862,0.0,0.012743910310361482,0.0,0.7586206896551724,0.2571215333218446,Moderate-Low,0.0,0.0,0.3793103448275862,0.2275862068965517,Well-served
15,LIMA,1506,HUARAL,150611,SUMBILCA,SUMBILCA,0001,1,INEI,4,0,22,86.36363636363636,100.0,0.0,0.0,0.0,0.008148220922796564,0.0,0.8636363636363636,0.29059486151972,Moderate-High,0.0,0.0,0.0,0.0,Well-served
17,MADRE DE DIOS,1702,MANU,170202,FITZCARRALD,BOCA MANU,0001,1,INEI,2,0,15,26.666666666666668,40.0,0.0,0.0,0.0,9.03349928533929e-05,0.0,0.26666666666666666,0.08891900055317334,Underserved,0.0,0.0,0.0,0.0,Well-served
15,LIMA,1504,CANTA,150404,HUAROS,HUAROS,0001,1,INEI,2,0,110,28.181818181818183,89.0909090909091,0.0,0.0,0.0,0.0029485298021842323,0.0,0.28181818181818186,0.09492223720678869,Underserved,0.0,0.0,0.0,0.0,Well-served
12,JUNIN,1207,TARMA,120702,ACOBAMBA,ACOBAMBA,0001,1,INEI,4,0,45,100.0,100.0,0.0,60.0,4201.0,0.018010353665623438,0.0015049531623182082,1.0,0.33983843560931387,Well-served,0.0,0.0015049531623182082,0.6,0.3603009906324636,Well-served
15,LIMA,1506,HUARAL,150603,ATAVILLOS BAJO,SAN AGUSTIN DE HUAYOPAMPA,0001,1,INEI,4,0,41,87.8048780487805,100.0,0.0,0.0,0.0,0.010931108973588094,0.0,0.878048780487805,0.29632662982046437,Moderate-High,0.0,0.0,0.0,0.0,Well-served
12,JUNIN,1206,SATIPO,120605,PAMPA HERMOSA,MARIPOSA,0001,1,INEI,7,0,61,88.52459016393442,100.0,0.0,1.639344262295082,0.0,0.0035559041786829685,0.0,0.8852459016393442,0.29626726860600905,Moderate-High,0.0,0.0,0.01639344262295082,0.009836065573770493,Well-served
12,JUNIN,1206,SATIPO,120602,COVIRIALI,COVIRIALI,0001,1,INEI,5,0,45,100.0,100.0,24.444444444444443,73.33333333333333,0.0,0.024737860172261303,0.0,1.0,0.3415792867240871,Well-served,0.0,0.0,0.7333333333333333,0.43999999999999995,Well-served
12,JUNIN,1204,JAUJA,120419,MONOBAMBA,MONOBAMBA,0001,1,INEI,2,0,27,77.77777777777777,92.5925925925926,0.0,0.0,0.0,0.001032615842531555,0.0,0.7777777777777777,0.259603464540103,Moderate-Low,0.0,0.0,0.0,0.0,Well-served
15,LIMA,1506,HUARAL,150608,PACARAOS,PACARAOS,0001,1,INEI,4,0,73,35.61643835616438,84.93150684931507,0.0,0.0,0.0,0.006314662303005805,0.0,0.3561643835616438,0.12082634862154987,Underserved,0.0,0.0,0.0,0.0,Well-served
07,CALLAO,0701,CALLAO,070103,CARMEN DE LA LEGUA REYNOSO,CARMEN DE LA LEGUA REYNOSO,0001,1,INEI,3,1,1,100.0,100.0,100.0,100.0,252048.0,0.7527453197342017,0.0902928908964484,1.0,0.6143460702102166,Well-served,0.5645589898006511,0.0902928908964484,1.0,0.73097037613942,Well-served
15,LIMA,1501,LIMA,150101,LIMA,LIMA,0001,1,INEI,44,9,1,100.0,100.0,100.0,100.0,2791449.0,0.9866306820232931,1.0,1.0,0.995543560674431,Well-served,0.4540743479766292,1.0,1.0,0.8908148695953259,Well-served
15,LIMA,1501,LIMA,150111,EL AGUSTINO,EL AGUSTINO,0001,1,INEI,11,1,3,100.0,100.0,100.0,100.0,183617.0,0.39647016165339233,0.06577838248164304,1.0,0.4874161813783451,Well-served,0.08109616942910298,0.06577838248164304,1.0,0.6293749103821492,Well-served
15,LIMA,1501,LIMA,150128,RIMAC,RIMAC,0001,1,INEI,14,0,1,100.0,100.0,100.0,100.0,80820.0,0.5599056895839473,0.028952705207940393,1.0,0.5296194649306292,Well-served,0.0,0.028952705207940393,1.0,0.605790541041588,Well-served
15,LIMA,1501,LIMA,150103,ATE,VITARTE,0001,1,INEI,23,3,11,100.0,100.0,100.0,100.0,1088529.0,0.1305238563294969,0.38995124037730944,1.0,0.506825032235602,Well-served,0.03830591435756975,0.38995124037730944,1.0,0.6856514309469758,Well-served
15,LIMA,1501,LIMA,150107,CHACLACAYO,CHACLACAYO,0001,1,INEI,7,0,8,100.0,100.0,50.0,100.0,118.0,0.07891811443638078,4.2271952666876595e-05,1.0,0.3596534621296825,Well-served,0.0,4.2271952666876595e-05,1.0,0.6000084543905334,Well-served
15,LIMA,1501,LIMA,150112,INDEPENDENCIA,INDEPENDENCIA,0001,1,INEI,14,0,3,100.0,100.0,100.0,100.0,319239.0,0.4191821692823901,0.11436318557136455,1.0,0.5111817849512514,Well-served,0.0,0.11436318557136455,1.0,0.6228726371142729,Well-served
07,CALLAO,0701,CALLAO,070101,CALLAO,CALLAO,0001,1,INEI,37,2,7,100.0,100.0,71.42857142857143,100.0,1413415.0,0.3645524756312109,0.506337389649605,1.0,0.6236299550936053,Well-served,0.044337463252444566,0.506337389649605,1.0,0.7101349705804099,Well-served
15,LIMA,1501,LIMA,150135,SAN MARTIN DE PORRES,BARRIO OBRERO INDUSTRIAL,0001,1,INEI,17,2,8,100.0,100.0,87.5,100.0,562890.0,0.22574615257033095,0.20164796132761156,1.0,0.4757980379659808,Well-served,0.059756334503911136,0.20164796132761156,1.0,0.6522808591663045,Well-served
15,LIMA,1501,LIMA,150117,LOS OLIVOS,LAS PALMERAS,0001,1,INEI,12,0,8,100.0,100.0,100.0,100.0,175771.0,0.3177643854103486,0.06296765586618276,1.0,0.4602440137588438,Well-served,0.0,0.06296765586618276,1.0,0.6125935311732366,Well-served
15,LIMA,1501,LIMA,150110,COMAS,LA LIBERTAD,0001,1,INEI,29,2,13,100.0,100.0,100.0,100.0,1715621.0,0.28631002891788043,0.6145987263245719,1.0,0.6336362517474841,Well-served,0.04442741828036076,0.6145987263245719,1.0,0.7318052289209865,Well-served
15,LIMA,1501,LIMA,150118,LURIGANCHO,CHOSICA,0001,1,INEI,26,1,26,100.0,100.0,69.23076923076923,100.0,215695.0,0.05119540803965012,0.07726990534306735,1.0,0.37615510446090583,Well-served,0.004430371849585107,0.07726990534306735,1.0,0.6163400554385304,Well-served
15,LIMA,1501,LIMA,150132,SAN JUAN DE LURIGANCHO,SAN JUAN DE LURIGANCHO,0001,1,INEI,41,2,16,100.0,100.0,100.0,100.0,1159241.0,0.14087621399241235,0.41528288713137873,1.0,0.518719700374597,Well-served,0.015462023486972088,0.41528288713137873,1.0,0.6861489821236701,Well-served
07,CALLAO,0701,CALLAO,070106,VENTANILLA,VENTANILLA,0001,1,INEI,14,1,8,100.0,100.0,100.0,100.0,239618.0,0.08655095554063873,0.08584000639094606,1.0,0.39079698731052825,Well-served,0.013909974997602652,0.08584000639094606,1.0,0.6199499962777097,Well-served
15,LIMA,1501,LIMA,150125,PUENTE PIEDRA,PUENTE PIEDRA,0001,1,INEI,10,1,14,100.0,100.0,92.85714285714286,100.0,228833.0,0.09545401830641241,0.08197642156457094,1.0,0.39247681329032774,Well-served,0.02147715411894279,0.08197642156457094,1.0,0.6206907151367027,Well-served
15,LIMA,1508,HUAURA,150808,PACCHO,PACCHO,0001,1,INEI,4,0,62,91.93548387096774,100.0,0.0,0.0,0.0,0.008125996594616063,0.0,0.9193548387096775,0.3091602784347645,Moderate-High,0.0,0.0,0.0,0.0,Well-served
09,HUANCAVELICA,0902,ACOBAMBA,090205,MARCAS,MARCAS,0001,1,INEI,2,0,49,77.55102040816327,100.0,0.0,2.0408163265306123,200.0,0.005622379183223244,7.164737740148575e-05,0.7755102040816326,0.26040141021408575,Moderate-Low,0.0,7.164737740148575e-05,0.020408163265306124,0.012259227434663972,Well-served
12,JUNIN,1201,HUANCAYO,120135,SANTO DOMINGO DE ACOBAMBA,SANTO DOMINGO DE ACOBAMBA,0001,1,INEI,7,0,82,74.39024390243902,92.6829268292683,0.0,0.0,0.0,0.0038547082661923846,0.0,0.7439024390243902,0.2492523824301942,Moderate-Low,0.0,0.0,0.0,0.0,Well-served
12,JUNIN,1204,JAUJA,120429,SAN PEDRO DE CHUNAN,SAN PEDRO DE CHUNAN,0001,1,INEI,1,0,5,100.0,100.0,20.0,100.0,0.0,0.05543362998313025,0.0,1.0,0.3518112099943767,Well-served,0.0,0.0,1.0,0.6,Well-served
15,LIMA,1507,HUAROCHIRI,150722,SAN MATEO,SAN MATEO,0001,1,INEI,2,0,86,34.883720930232556,48.83720930232558,1.1627906976744187,9.30232558139535,0.0,0.0023164004310556527,0.0,0.34883720930232553,0.11705120324446039,Underserved,0.0,0.0,0.09302325581395349,0.05581395348837209,Well-served
15,LIMA,1507,HUAROCHIRI,150719,SAN JUAN DE IRIS,SAN JUAN DE IRIS,0001,1,INEI,1,0,15,66.66666666666667,80.0,0.0,0.0,0.0,0.0037592294624861173,0.0,0.6666666666666667,0.2234752987097176,Moderate-Low,0.0,0.0,0.0,0.0,Well-served
15,LIMA,1507,HUAROCHIRI,150716,SAN ANTONIO,CHACLLA,0001,1,INEI,2,0,40,25.0,87.5,0.0,5.0,0.0,0.0016922970233089563,0.0,0.25,0.08389743234110299,Underserved,0.0,0.0,0.05,0.03,Well-served
12,JUNIN,1204,JAUJA,120432,TUNAN MARCA,CONCHO,0001,1,INEI,1,0,9,100.0,100.0,0.0,11.11111111111111,0.0,0.014768890423649601,0.0,1.0,0.33825629680788316,Well-served,0.0,0.0,0.1111111111111111,0.06666666666666667,Well-served
12,JUNIN,1208,YAULI,120802,CHACAPALPA,CHACAPALPA,0001,1,INEI,1,0,149,51.006711409395976,95.97315436241611,0.0,0.0,0.0,0.002594280302623837,0.0,0.5100671140939598,0.17088713146552786,Underserved,0.0,0.0,0.0,0.0,Well-served
12,JUNIN,1208,YAULI,120803,HUAY-HUAY,HUAY-HUAY,0001,1,INEI,1,0,168,45.833333333333336,95.23809523809524,0.0,0.0,0.0,0.002499824738928771,0.0,0.45833333333333337,0.15361105269075404,Underserved,0.0,0.0,0.0,0.0,Well-served
12,JUNIN,1204,JAUJA,120422,PACA,PACA,0001,1,INEI,2,0,9,100.0,100.0,0.0,66.66666666666667,0.0,0.02839138561376027,0.0,1.0,0.34279712853792005,Well-served,0.0,0.0,0.6666666666666667,0.4,Well-served
15,LIMA,1507,HUAROCHIRI,150707,HUACHUPAMPA,SAN LORENZO DE HUACHUPAMPA,0001,1,INEI,2,0,17,88.23529411764706,100.0,0.0,0.0,0.0,0.012247880845711994,0.0,0.8823529411764706,0.29820027400739413,Moderate-High,0.0,0.0,0.0,0.0,Well-served
12,JUNIN,1204,JAUJA,120433,YAULI,YAULI,0001,1,INEI,1,0,56,32.142857142857146,100.0,1.7857142857142858,16.071428571428573,0.0,0.005184961767979629,0.0,0.32142857142857145,0.10887117773218369,Underserved,0.0,0.0,0.16071428571428573,0.09642857142857143,Well-served
15,LIMA,1504,CANTA,150402,ARAHUAY,ARAHUAY,0001,1,INEI,2,0,35,65.71428571428571,100.0,0.0,0.0,0.0,0.007135207733035438,0.0,0.657142857142857,0.22142602162529748,Moderate-Low,0.0,0.0,0.0,0.0,Well-served
12,JUNIN,1208,YAULI,120810,YAULI,YAULI,0001,1,INEI,1,0,95,29.473684210526315,80.0,0.0,0.0,0.0,0.0011753233385116697,0.0,0.29473684210526313,0.09863738848125826,Underserved,0.0,0.0,0.0,0.0,Well-served
13,LA LIBERTAD,1305,JULCAN,130504,HUASO,HUASO,0001,1,INEI,7,0,74,75.67567567567568,98.64864864864865,0.0,0.0,24.0,0.007681909010026656,8.597685288178291e-06,0.7567567567567568,0.2548157544840238,Moderate-Low,0.0,8.597685288178291e-06,0.0,1.7195370576356583e-06,Well-served
22,SAN MARTIN,2210,TOCACHE,221005,UCHIZA,UCHIZA,0001,1,INEI,12,0,95,89.47368421052632,100.0,0.0,0.0,7.0,0.00754499768672922,2.507658209052001e-06,0.8947368421052632,0.30076144915006714,Moderate-High,0.0,2.507658209052001e-06,0.0,5.015316418104002e-07,Well-served
13,LA LIBERTAD,1312,VIRU,131201,VIRU,VIRU,0001,1,INEI,11,1,103,72.81553398058253,85.4368932038835,26.21359223300971,53.398058252427184,15177.0,0.004879277754219361,0.005436961234111746,0.7281553398058253,0.24615719293138547,Moderate-Low,0.0009980340860903237,0.005436961234111746,0.5339805825242718,0.32167534857860347,Well-served
13,LA LIBERTAD,1301,TRUJILLO,130107,MOCHE,MOCHE,0001,1,INEI,5,1,52,100.0,100.0,100.0,100.0,58874.0,0.08526656230294358,0.02109083848567536,1.0,0.36878580026287294,Well-served,0.038369953036324615,0.02109083848567536,1.0,0.6118921583044,Well-served
22,SAN MARTIN,2207,PICOTA,220708,SHAMBOYACU,SHAMBOYACU,0001,1,INEI,4,0,54,90.74074074074075,100.0,0.0,0.0,120.0,0.004920628687770955,4.298842644089145e-05,0.9074074074074074,0.30412367484053976,Moderate-High,0.0,4.298842644089145e-05,0.0,8.597685288178291e-06,Well-served
14,LAMBAYEQUE,1401,CHICLAYO,140107,LAGUNAS,MOCUPE,0001,1,INEI,5,0,38,92.10526315789474,100.0,0.0,0.0,0.0,0.005579096763445618,0.0,0.9210526315789473,0.30887724278079765,Moderate-High,0.0,0.0,0.0,0.0,Well-served
02,ANCASH,0220,YUNGAY,022005,QUILLO,QUILLO,0001,1,INEI,4,0,119,76.47058823529412,98.31932773109244,0.0,0.0,0.0,0.005197324127040681,0.0,0.7647058823529411,0.25663440215999395,Moderate-Low,0.0,0.0,0.0,0.0,Well-served
02,ANCASH,0210,HUARI,021002,ANRA,ANRA,0001,1,INEI,1,0,27,100.0,100.0,0.0,0.0,0.0,0.005980991677453636,0.0,1.0,0.3353269972258179,Well-served,0.0,0.0,0.0,0.0,Well-served
02,ANCASH,0220,YUNGAY,022002,CASCAPARA,CASCAPARA,0001,1,INEI,2,0,33,96.96969696969697,100.0,0.0,21.21212121212121,0.0,0.007037508977474968,0.0,0.9696969696969697,0.3255781595581482,Moderate-High,0.0,0.0,0.2121212121212121,0.12727272727272726,Well-served
02,ANCASH,0208,CASMA,020801,CASMA,CASMA,0001,1,INEI,4,1,72,65.27777777777777,98.61111111111111,27.77777777777778,54.166666666666664,84403.0,0.001594670559999387,0.03023626797408801,0.6527777777777777,0.22820290543728836,Moderate-Low,0.0008970021899996552,0.03023626797408801,0.5416666666666666,0.3312266540328175,Well-served
02,ANCASH,0220,YUNGAY,022004,MATACOTO,MATACOTO,0001,1,INEI,1,0,46,100.0,100.0,43.47826086956522,100.0,0.0,0.010248412662077018,0.0,1.0,0.336749470887359,Well-served,0.0,0.0,1.0,0.6,Well-served
02,ANCASH,0206,CARHUAZ,020609,SHILLA,SHILLA,0001,1,INEI,1,0,25,96.0,100.0,20.0,96.0,0.0,0.003771972752482458,0.0,0.96,0.3212573242508274,Moderate-High,0.0,0.0,0.96,0.576,Well-served
02,ANCASH,0212,HUAYLAS,021207,PUEBLO LIBRE,PUEBLO LIBRE /1,0001,1,INEI,6,0,75,96.0,100.0,2.6666666666666665,93.33333333333333,0.0,0.0227242432106759,0.0,0.96,0.32757474773689194,Moderate-High,0.0,0.0,0.9333333333333332,0.5599999999999999,Well-served
02,ANCASH,0207,CARLOS FERMIN FITZCARRALD,020703,YAUYA,YAUYA,0001,1,INEI,5,0,98,96.93877551020408,100.0,0.0,0.0,0.0,0.013807074299546434,0.0,0.9693877551020408,0.32773160980052907,Moderate-High,0.0,0.0,0.0,0.0,Well-served
02,ANCASH,0213,MARISCAL LUZURIAGA,021306,LLUMPA,LLUMPA,0001,1,INEI,4,0,80,100.0,100.0,0.0,0.0,5960.0,0.013862961511483068,0.0021350918465642753,1.0,0.33866601778601574,Well-served,0.0,0.0021350918465642753,0.0,0.0004270183693128551,Well-served
02,ANCASH,0212,HUAYLAS,021205,MATO,SUCRE,0001,1,INEI,2,0,61,100.0,100.0,0.0,19.672131147540984,0.0,0.009104635758372852,0.0,1.0,0.3363682119194576,Well-served,0.0,0.0,0.19672131147540983,0.11803278688524589,Well-served
02,ANCASH,0213,MARISCAL LUZURIAGA,021307,LUCMA,LUCMA,0001,1,INEI,3,0,58,82.75862068965517,100.0,0.0,0.0,0.0,0.019214223915471684,0.0,0.8275862068965517,0.28226681027067446,Moderate-Low,0.0,0.0,0.0,0.0,Well-served
02,ANCASH,0220,YUNGAY,022008,YANAMA,YANAMA,0001,1,INEI,6,0,69,97.10144927536231,100.0,0.0,0.0,0.0,0.010191004078126927,0.0,0.9710144927536232,0.3270684989439167,Moderate-High,0.0,0.0,0.0,0.0,Well-served
02,ANCASH,0217,RECUAY,021704,HUAYLLAPAMPA,HUAYLLAPAMPA,0001,1,INEI,1,0,91,72.52747252747253,98.9010989010989,0.0,0.0,0.0,0.0043434095346262455,0.0,0.7252747252747253,0.24320604493645048,Moderate-Low,0.0,0.0,0.0,0.0,Well-served
06,CAJAMARCA,0612,SAN PABLO,061201,SAN PABLO,SAN PABLO,0001,1,INEI,6,0,64,87.5,100.0,0.0,0.0,2323.0,0.014426425877474967,0.0008321842885182571,0.875,0.296752870055331,Moderate-High,0.0,0.0008321842885182571,0.0,0.00016643685770365143,Well-served
22,SAN MARTIN,2204,HUALLAGA,220406,TINGO DE SAPOSOA,TINGO DE SAPOSOA,0001,1,INEI,1,0,31,96.7741935483871,100.0,0.0,83.87096774193549,0.0,0.010341815503446001,0.0,0.967741935483871,0.3260279169957723,Moderate-High,0.0,0.0,0.8387096774193549,0.5032258064516129,Well-served
06,CAJAMARCA,0611,SAN MIGUEL,061110,SAN GREGORIO,SAN GREGORIO,0001,1,INEI,3,0,62,75.80645161290323,96.7741935483871,0.0,0.0,0.0,0.0046767769690083255,0.0,0.7580645161290324,0.25424709769934684,Moderate-Low,0.0,0.0,0.0,0.0,Well-served
22,SAN MARTIN,2202,BELLAVISTA,220203,BAJO BIAVO,NUEVO LIMA,0001,1,INEI,10,0,77,71.42857142857143,98.7012987012987,0.0,0.0,285.0,0.004301180221903475,0.0001020975127971172,0.7142857142857143,0.23956299734013828,Moderate-Low,0.0,0.0001020975127971172,0.0,2.041950255942344e-05,Well-served
06,CAJAMARCA,0601,CAJAMARCA,060108,LOS BAÑOS DEL INCA,LOS BAÑOS DEL INCA,0001,1,INEI,7,0,118,99.15254237288136,100.0,28.8135593220339,68.64406779661017,6957.0,0.01194650281661616,0.0024922540229106818,0.9915254237288136,0.3353213935227801,Well-served,0.0,0.0024922540229106818,0.6864406779661018,0.4123628575842432,Well-served
06,CAJAMARCA,0611,SAN MIGUEL,061113,UNION AGUA BLANCA,AGUA BLANCA,0001,1,INEI,2,0,39,92.3076923076923,100.0,0.0,0.0,0.0,0.005653621739881227,0.0,0.923076923076923,0.30957684827226806,Moderate-High,0.0,0.0,0.0,0.0,Well-served
06,CAJAMARCA,0611,SAN MIGUEL,061105,EL PRADO,EL PRADO,0001,1,INEI,3,0,15,100.0,100.0,0.0,0.0,0.0,0.02050833925254096,0.0,1.0,0.3401694464175136,Well-served,0.0,0.0,0.0,0.0,Well-served
13,LA LIBERTAD,1303,BOLIVAR,130304,LONGOTEA,LONGOTEA,0001,1,INEI,2,0,51,68.62745098039215,100.0,0.0,0.0,0.0,0.005101457473614906,0.0,0.6862745098039216,0.23045865575917882,Moderate-Low,0.0,0.0,0.0,0.0,Well-served
13,LA LIBERTAD,1304,CHEPEN,130402,PACANGA,PACANGA,0001,1,INEI,2,0,58,77.58620689655173,100.0,10.344827586206897,65.51724137931035,0.0,0.0016326875963036712,0.0,0.7758620689655173,0.25916491885394033,Moderate-Low,0.0,0.0,0.6551724137931035,0.39310344827586213,Well-served
22,SAN MARTIN,2202,BELLAVISTA,220206,SAN RAFAEL,SAN RAFAEL,0001,1,INEI,5,0,55,96.36363636363636,100.0,0.0,18.181818181818183,0.0,0.022494734463661393,0.0,0.9636363636363636,0.32871036603334164,Moderate-High,0.0,0.0,0.18181818181818182,0.10909090909090909,Well-served
06,CAJAMARCA,0603,CELENDIN,060308,OXAMARCA,OXAMARCA,0001,1,INEI,4,0,78,82.05128205128206,100.0,0.0,0.0,67.0,0.006843270874408411,2.4001871429497728e-05,0.8205128205128206,0.2757933644195528,Moderate-Low,0.0,2.4001871429497728e-05,0.0,4.800374285899546e-06,Well-served
13,LA LIBERTAD,1309,SANCHEZ CARRION,130905,MARCABAL,MARCABAL,0001,1,INEI,6,0,124,85.48387096774194,100.0,0.8064516129032258,47.58064516129032,29.0,0.012288077315252605,1.0388869723215435e-05,0.8548387096774194,0.289045725287465,Moderate-High,0.0,1.0388869723215435e-05,0.4758064516129032,0.28548594874168653,Well-served
06,CAJAMARCA,0605,CONTUMAZA,060502,CHILETE,CHILETE,0001,1,INEI,1,0,56,51.785714285714285,100.0,0.0,0.0,5523.0,0.0036623124144313907,0.0019785423269420292,0.5178571428571428,0.17449933253283872,Underserved,0.0,0.0019785423269420292,0.0,0.00039570846538840586,Well-served
22,SAN MARTIN,2202,BELLAVISTA,220202,ALTO BIAVO,CUZCO,0001,1,INEI,6,0,53,33.9622641509434,58.490566037735846,0.0,0.0,0.0,0.0004860526800316543,0.0,0.339622641509434,0.11336956472982188,Underserved,0.0,0.0,0.0,0.0,Well-served
06,CAJAMARCA,0601,CAJAMARCA,060106,JESUS,JESUS,0001,1,INEI,5,0,100,98.0,100.0,0.0,6.0,208.0,0.008153323952752718,7.451327249754518e-05,0.98,0.32940927907508344,Moderate-High,0.0,7.451327249754518e-05,0.06,0.036014902654499505,Well-served
06,CAJAMARCA,0605,CONTUMAZA,060507,TANTARICA,CATAN,0001,1,INEI,2,0,50,76.0,100.0,0.0,0.0,7.0,0.006542297254134327,2.507658209052001e-06,0.76,0.2555149349707811,Moderate-Low,0.0,2.507658209052001e-06,0.0,5.015316418104002e-07,Well-served
06,CAJAMARCA,0605,CONTUMAZA,060508,YONAN,TEMBLADERA,0001,1,INEI,5,0,47,80.85106382978724,100.0,0.0,0.0,4049.0,0.004408513499333046,0.001450501155493079,0.8085106382978724,0.2714565509842328,Moderate-Low,0.0,0.001450501155493079,0.0,0.00029010023109861583,Well-served
06,CAJAMARCA,0601,CAJAMARCA,060109,MAGDALENA,MAGDALENA,0001,1,INEI,4,0,140,86.42857142857143,100.0,0.0,9.285714285714286,14.0,0.009297043988964273,5.015316418104002e-06,0.8642857142857143,0.2911959245303655,Moderate-High,0.0,5.015316418104002e-06,0.09285714285714286,0.05571528877756934,Well-served
06,CAJAMARCA,0601,CAJAMARCA,060107,LLACANORA,LLACANORA,0001,1,INEI,2,0,61,100.0,100.0,19.672131147540984,90.1639344262295,0.0,0.018962569187125106,0.0,1.0,0.3396541897290417,Well-served,0.0,0.0,0.901639344262295,0.540983606557377,Well-served
06,CAJAMARCA,0610,SAN MARCOS,061004,GREGORIO PITA,PAUCAMARCA,0001,1,INEI,6,0,72,88.88888888888889,100.0,0.0,0.0,86.0,0.01307757793939038,3.0808372282638873e-05,0.8888888888888888,0.3006657584001873,Moderate-High,0.0,3.0808372282638873e-05,0.0,6.161674456527775e-06,Well-served
13,LA LIBERTAD,1304,CHEPEN,130401,CHEPEN,CHEPEN,0001,1,INEI,2,1,45,82.22222222222223,100.0,28.88888888888889,57.77777777777778,102242.0,0.003329395425392125,0.03662685580141353,0.8222222222222223,0.2873928244830093,Moderate-High,0.0037455698535661408,0.03662685580141353,0.5777777777777778,0.35474115179766263,Well-served
22,SAN MARTIN,2206,MARISCAL CACERES,220605,PAJARILLO,PAJARILLO,0001,1,INEI,6,0,87,88.50574712643679,100.0,22.988505747126435,59.770114942528735,0.0,0.006390589931723341,0.0,0.8850574712643678,0.2971493537320304,Moderate-High,0.0,0.0,0.5977011494252874,0.3586206896551724,Well-served
06,CAJAMARCA,0601,CAJAMARCA,060111,NAMORA,NAMORA,0001,1,INEI,4,0,58,100.0,100.0,0.0,0.0,11.0,0.01221368869025958,3.940605757081716e-06,1.0,0.33740587643200554,Well-served,0.0,3.940605757081716e-06,0.0,7.881211514163433e-07,Well-served
06,CAJAMARCA,0612,SAN PABLO,061202,SAN BERNARDINO,SAN BERNARDINO,0001,1,INEI,3,0,39,92.3076923076923,100.0,0.0,0.0,0.0,0.008672482838923213,0.0,0.923076923076923,0.31058313530528203,Moderate-High,0.0,0.0,0.0,0.0,Well-served
13,LA LIBERTAD,1303,BOLIVAR,130306,UCUNCHA,UCUNCHA,0001,1,INEI,1,0,27,81.48148148148148,100.0,0.0,0.0,0.0,0.004808782510133919,0.0,0.8148148148148148,0.2732078657749829,Moderate-Low,0.0,0.0,0.0,0.0,Well-served
06,CAJAMARCA,0612,SAN PABLO,061203,SAN LUIS,SAN LUIS GRANDE,0001,1,INEI,2,0,15,100.0,100.0,0.0,0.0,0.0,0.022472899760218462,0.0,1.0,0.3408242999200728,Well-served,0.0,0.0,0.0,0.0,Well-served
22,SAN MARTIN,2202,BELLAVISTA,220204,HUALLAGA,LEDOY,0001,1,INEI,2,0,72,52.77777777777778,100.0,0.0,20.833333333333332,0.0,0.003744013745790514,0.0,0.5277777777777778,0.1771739305078561,Underserved,0.0,0.0,0.20833333333333331,0.12499999999999999,Well-served
13,LA LIBERTAD,1307,PACASMAYO,130704,PACASMAYO,PACASMAYO,0001,1,INEI,2,2,4,100.0,100.0,100.0,100.0,126754.0,0.027829639363273255,0.045407958375739625,1.0,0.3577458659130043,Well-served,0.06261668856736483,0.045407958375739625,1.0,0.6216049293886209,Well-served
06,CAJAMARCA,0601,CAJAMARCA,060104,COSPAN,COSPAN,0001,1,INEI,3,0,104,55.76923076923077,100.0,0.0,0.0,4.0,0.002612589022851088,1.432947548029715e-06,0.5576923076923077,0.1867687765542356,Underserved,0.0,1.432947548029715e-06,0.0,2.86589509605943e-07,Well-served
06,CAJAMARCA,0610,SAN MARCOS,061005,ICHOCAN,ICHOCAN,0001,1,INEI,2,0,21,100.0,100.0,0.0,0.0,188.0,0.014189851458929358,6.73485347573966e-05,1.0,0.3380857333312289,Well-served,0.0,6.73485347573966e-05,0.0,1.346970695147932e-05,Well-served
06,CAJAMARCA,0602,CAJABAMBA,060204,SITACOCHA,LLUCHUBAMBA,0001,1,INEI,6,0,81,70.37037037037037,100.0,0.0,0.0,0.0,0.0049724194450572416,0.0,0.7037037037037037,0.2362253743829203,Moderate-Low,0.0,0.0,0.0,0.0,Well-served
13,LA LIBERTAD,1307,PACASMAYO,130703,JEQUETEPEQUE,JEQUETEPEQUE,0001,1,INEI,1,0,46,100.0,100.0,2.1739130434782608,97.82608695652173,0.0,0.00985142361691216,0.0,1.0,0.33661714120563735,Well-served,0.0,0.0,0.9782608695652173,0.5869565217391304,Well-served
13,LA LIBERTAD,1307,PACASMAYO,130705,SAN JOSE,SAN JOSE,0001,1,INEI,2,0,34,79.41176470588235,100.0,0.0,2.9411764705882355,0.0,0.005387889188079934,0.0,0.7941176470588235,0.26650184541563443,Moderate-Low,0.0,0.0,0.029411764705882356,0.01764705882352941,Well-served
06,CAJAMARCA,0605,CONTUMAZA,060504,GUZMANGO,GUZMANGO,0001,1,INEI,2,0,56,100.0,100.0,0.0,0.0,0.0,0.01908276610226018,0.0,1.0,0.33969425536742004,Well-served,0.0,0.0,0.0,0.0,Well-served
06,CAJAMARCA,0610,SAN MARCOS,061006,JOSE MANUEL QUIROZ,SHIRAC,0001,1,INEI,1,0,73,93.15068493150685,100.0,0.0,0.0,84.0,0.004469379072990759,3.0091898508624017e-05,0.9315068493150684,0.31200210676218926,Moderate-High,0.0,3.0091898508624017e-05,0.0,6.018379701724803e-06,Well-served
06,CAJAMARCA,0605,CONTUMAZA,060506,SANTA CRUZ DE TOLED,SANTA CRUZ DE TOLED,0001,1,INEI,1,0,83,74.6987951807229,100.0,0.0,0.0,0.0,0.007361339453546497,0.0,0.746987951807229,0.2514497637535918,Moderate-Low,0.0,0.0,0.0,0.0,Well-served
06,CAJAMARCA,0601,CAJAMARCA,060102,ASUNCION,ASUNCION,0001,1,INEI,4,0,106,100.0,100.0,0.0,0.0,8.0,0.008996059147551605,2.86589509605943e-06,1.0,0.3363329750142159,Well-served,0.0,2.86589509605943e-06,0.0,5.73179019211886e-07,Well-served
25,UCAYALI,2501,CORONEL PORTILLO,250101,CALLERIA,PUCALLPA,0001,1,INEI,63,4,148,68.91891891891892,88.51351351351352,4.72972972972973,14.864864864864865,400723.0,0.002610643553032297,0.14355376007227788,0.6891891891891891,0.2784511976048331,Moderate-Low,0.0003729490790046139,0.14355376007227788,0.14864864864864866,0.11797453101944569,Well-served
06,CAJAMARCA,0610,SAN MARCOS,061001,PEDRO GALVEZ,SAN MARCOS,0001,1,INEI,4,0,81,92.5925925925926,100.0,0.0,0.0,10414.0,0.007939422480877725,0.003730678941295363,0.9259259259259259,0.31253200911603296,Moderate-High,0.0,0.003730678941295363,0.0,0.0007461357882590727,Well-served
06,CAJAMARCA,0601,CAJAMARCA,060110,MATARA,MATARA,0001,1,INEI,2,0,27,100.0,100.0,0.0,0.0,0.0,0.016730333185868026,0.0,1.0,0.338910111061956,Well-served,0.0,0.0,0.0,0.0,Well-served
06,CAJAMARCA,0601,CAJAMARCA,060112,SAN JUAN,SAN JUAN,0001,1,INEI,2,0,43,97.67441860465117,100.0,0.0,41.86046511627907,7.0,0.013303633069652586,2.507658209052001e-06,0.9767441860465117,0.33001677559145776,Moderate-High,0.0,2.507658209052001e-06,0.4186046511627907,0.25116329222931627,Well-served
13,LA LIBERTAD,1307,PACASMAYO,130702,GUADALUPE,GUADALUPE,0001,1,INEI,5,1,52,100.0,100.0,36.53846153846154,94.23076923076923,23380.0,0.014339967689044499,0.008375578418233684,1.0,0.34090518203575937,Well-served,0.006452985460070024,0.008375578418233684,0.9423076923076923,0.5683503281602761,Well-served
06,CAJAMARCA,0605,CONTUMAZA,060501,CONTUMAZA,CONTUMAZA,0001,1,INEI,4,0,165,66.06060606060606,98.18181818181819,0.0,12.727272727272727,1264.0,0.0054678674414479446,0.00045281142517738994,0.6606060606060606,0.22217557982422864,Moderate-Low,0.0,0.00045281142517738994,0.12727272727272726,0.07645419864867184,Well-served
02,ANCASH,0204,ASUNCION,020401,CHACAS,CHACAS,0001,1,INEI,1,0,73,84.93150684931507,100.0,0.0,0.0,1100.0,0.001068542807941443,0.0003940605757081716,0.8493150684931507,0.28359255729226673,Moderate-High,0.0,0.0003940605757081716,0.0,7.881211514163434e-05,Well-served
13,LA LIBERTAD,1308,PATAZ,130802,BULDIBUYO,BULDIBUYO,0001,1,INEI,4,0,61,100.0,100.0,0.0,0.0,0.0,0.008390135337982534,0.0,1.0,0.3361300451126608,Well-served,0.0,0.0,0.0,0.0,Well-served
13,LA LIBERTAD,1310,SANTIAGO DE CHUCO,131002,ANGASMARCA,ANGASMARCA,0001,1,INEI,1,0,42,61.904761904761905,100.0,0.0,4.761904761904762,0.0,0.0032089689378325837,0.0,0.6190476190476191,0.2074188626618172,Moderate-Low,0.0,0.0,0.047619047619047616,0.028571428571428567,Well-served
25,UCAYALI,2501,CORONEL PORTILLO,250105,YARINACOCHA,PUERTO CALLAO,0001,1,INEI,23,0,79,89.87341772151899,100.0,8.860759493670885,37.9746835443038,85944.0,0.016784405054770312,0.030788311016966458,0.8987341772151899,0.3154356310956422,Moderate-High,0.0,0.030788311016966458,0.379746835443038,0.23400576346921606,Well-served
13,LA LIBERTAD,1308,PATAZ,130803,CHILLIA,CHILLIA,0001,1,INEI,5,0,81,85.18518518518519,100.0,0.0,0.0,0.0,0.007812767225548274,0.0,0.8518518518518519,0.2865548730258,Moderate-High,0.0,0.0,0.0,0.0,Well-served
02,ANCASH,0215,PALLASCA,021509,PAMPAS,PAMPAS,0001,1,INEI,4,0,77,53.246753246753244,89.6103896103896,0.0,0.0,752.0,0.0043811039003676415,0.0002693941390295864,0.5324675324675324,0.17903934350230988,Underserved,0.0,0.0002693941390295864,0.0,5.387882780591728e-05,Well-served
13,LA LIBERTAD,1310,SANTIAGO DE CHUCO,131004,MOLLEBAMBA,MOLLEBAMBA,0001,1,INEI,2,0,63,93.65079365079364,100.0,0.0,0.0,0.0,0.01390174840283311,0.0,0.9365079365079364,0.3168032283035898,Moderate-High,0.0,0.0,0.0,0.0,Well-served
13,LA LIBERTAD,1301,TRUJILLO,130105,LA ESPERANZA,LA ESPERANZA,0001,1,INEI,10,2,1,100.0,100.0,100.0,100.0,277239.0,0.22757105658277343,0.09931723631705254,1.0,0.44229609763327526,Well-served,0.10240697546224806,0.09931723631705254,1.0,0.6403448423558601,Well-served
22,SAN MARTIN,2210,TOCACHE,221001,TOCACHE,TOCACHE,0001,1,INEI,9,1,92,81.52173913043478,98.91304347826087,17.391304347826086,50.0,90706.0,0.003911200244801913,0.03249423507289583,0.8152173913043478,0.28387427554068184,Moderate-High,0.0009778000612004785,0.03249423507289583,0.5,0.30669440702681927,Well-served
13,LA LIBERTAD,1305,JULCAN,130502,CALAMARCA,CALAMARCA,0001,1,INEI,5,0,66,92.42424242424242,100.0,0.0,1.5151515151515151,152.0,0.01152456414460624,5.445200682512917e-05,0.9242424242424242,0.31194048013128517,Moderate-High,0.0,5.445200682512917e-05,0.015151515151515152,0.009101799492274116,Well-served
13,LA LIBERTAD,1301,TRUJILLO,130102,EL PORVENIR,EL PORVENIR,0001,1,INEI,14,2,1,100.0,100.0,100.0,100.0,56857.0,0.17535418637320935,0.020368274684581376,1.0,0.3985741536859302,Well-served,0.05636384561996014,0.020368274684581376,1.0,0.6153464240609083,Well-served
13,LA LIBERTAD,1308,PATAZ,130807,ONGON,ONGON,0001,1,INEI,2,0,56,41.07142857142857,85.71428571428571,0.0,0.0,0.0,0.0007351480748468199,0.0,0.4107142857142857,0.13714981126304415,Underserved,0.0,0.0,0.0,0.0,Well-served
13,LA LIBERTAD,1308,PATAZ,130805,HUAYLILLAS,HUAYLILLAS,0001,1,INEI,1,0,43,83.72093023255815,100.0,6.976744186046512,48.83720930232558,0.0,0.005194479039510175,0.0,0.8372093023255814,0.2808012604550305,Moderate-Low,0.0,0.0,0.48837209302325585,0.2930232558139535,Well-served
13,LA LIBERTAD,1301,TRUJILLO,130111,VICTOR LARCO HERRERA,BUENOS AIRES,0001,1,INEI,6,1,6,100.0,100.0,100.0,100.0,94571.0,0.24343980566833917,0.033878820641179544,1.0,0.4257728754365062,Well-served,0.0912899271256272,0.033878820641179544,1.0,0.6250337495533613,Well-served
02,ANCASH,0215,PALLASCA,021503,CONCHUCOS,CONCHUCOS,0001,1,INEI,4,0,114,64.03508771929825,91.2280701754386,0.0,0.0,2328.0,0.00332641914669728,0.0008339754729532942,0.6403508771929824,0.214837090604211,Moderate-Low,0.0,0.0008339754729532942,0.0,0.00016679509459065884,Well-served
13,LA LIBERTAD,1310,SANTIAGO DE CHUCO,131001,SANTIAGO DE CHUCO,SANTIAGO DE CHUCO,0001,1,INEI,9,1,157,78.98089171974522,100.0,17.8343949044586,38.853503184713375,721.0,0.004014737850572635,0.00025828879553235615,0.7898089171974522,0.2646939812811857,Moderate-Low,0.0010036844626431587,0.00025828879553235615,0.3885350318471337,0.23337341375991533,Well-served
13,LA LIBERTAD,1301,TRUJILLO,130101,TRUJILLO,TRUJILLO,0001,1,INEI,23,8,11,100.0,100.0,100.0,100.0,810594.0,0.2892168868790773,0.2903846711868997,1.0,0.5265338526886589,Well-served,0.22634365060101705,0.2903846711868997,1.0,0.7033456643575833,Well-served
13,LA LIBERTAD,1310,SANTIAGO DE CHUCO,131005,MOLLEPATA,MOLLEPATA,0001,1,INEI,2,0,32,93.75,100.0,0.0,0.0,0.0,0.013963967055382605,0.0,0.9375,0.3171546556851275,Moderate-High,0.0,0.0,0.0,0.0,Well-served
13,LA LIBERTAD,1301,TRUJILLO,130103,FLORENCIA DE MORA,FLORENCIA DE MORA,0001,1,INEI,5,1,1,100.0,100.0,100.0,100.0,50626.0,0.9583421285724616,0.01813610064163809,1.0,0.6588260764046998,Well-served,0.43125395785760773,0.01813610064163809,1.0,0.6898780116998491,Well-served
06,CAJAMARCA,0610,SAN MARCOS,061002,CHANCAY,CHANCAY,0001,1,INEI,2,0,31,80.64516129032258,100.0,0.0,0.0,30.0,0.014102976026579282,1.0747106610222863e-05,0.8064516129032258,0.27352177867880506,Moderate-Low,0.0,1.0747106610222863e-05,0.0,2.1494213220445727e-06,Well-served
06,CAJAMARCA,0602,CAJABAMBA,060202,CACHACHI,CACHACHI,0001,1,INEI,9,0,245,77.55102040816327,100.0,0.0,2.4489795918367347,0.0,0.0053006744458522865,0.0,0.7755102040816326,0.2602702928424949,Moderate-Low,0.0,0.0,0.02448979591836735,0.01469387755102041,Well-served
10,HUANUCO,1003,DOS DE MAYO,100317,RIPAN,RIPAN,0001,1,INEI,4,0,107,99.06542056074767,100.0,0.0,0.0,0.0,0.025319329553639105,0.0,0.9906542056074766,0.3386578450537052,Well-served,0.0,0.0,0.0,0.0,Well-served
10,HUANUCO,1003,DOS DE MAYO,100322,SILLAPATA,SILLAPATA,0001,1,INEI,1,0,111,88.28828828828829,100.0,0.0,0.0,0.0,0.006614739237651019,0.0,0.8828828828828829,0.29649920737351126,Moderate-High,0.0,0.0,0.0,0.0,Well-served
02,ANCASH,0202,AIJA,020201,AIJA,AIJA,0001,1,INEI,1,0,99,63.63636363636363,95.95959595959596,0.0,0.0,126.0,0.002967793456263729,4.513784776293602e-05,0.6363636363636364,0.21312552255588765,Moderate-Low,0.0,4.513784776293602e-05,0.0,9.027569552587205e-06,Well-served
10,HUANUCO,1003,DOS DE MAYO,100321,SHUNQUI,SHUNQUI,0001,1,INEI,2,0,64,100.0,100.0,0.0,0.0,0.0,0.029617927454100614,0.0,1.0,0.3432059758180335,Well-served,0.0,0.0,0.0,0.0,Well-served
02,ANCASH,0205,BOLOGNESI,020508,HUALLANCA,HUALLANCA,0001,1,INEI,1,0,238,18.48739495798319,68.4873949579832,0.0,0.0,200.0,0.0005897977723701725,7.164737740148575e-05,0.18487394957983191,0.06184513157653452,Underserved,0.0,7.164737740148575e-05,0.0,1.4329475480297152e-05,Well-served
02,ANCASH,0202,AIJA,020202,CORIS,CORIS,0001,1,INEI,3,0,132,71.21212121212122,100.0,0.0,0.0,0.0,0.005580803555565178,0.0,0.7121212121212122,0.23923400522559243,Moderate-Low,0.0,0.0,0.0,0.0,Well-served
10,HUANUCO,1011,YAROWILCA,101107,PAMPAMARCA,PAMPAMARCA,0001,1,INEI,1,0,94,74.46808510638297,100.0,0.0,0.0,0.0,0.006613374675151793,0.0,0.7446808510638298,0.2504314085796605,Moderate-Low,0.0,0.0,0.0,0.0,Well-served
02,ANCASH,0211,HUARMEY,021103,CULEBRAS,LA CALETA CULEBRAS,0001,1,INEI,2,0,26,61.53846153846154,80.76923076923077,0.0,0.0,0.0,0.0015298397504004432,0.0,0.6153846153846154,0.20563815171167193,Moderate-Low,0.0,0.0,0.0,0.0,Well-served
02,ANCASH,0217,RECUAY,021702,CATAC,CATAC,0001,1,INEI,2,0,218,39.908256880733944,72.01834862385321,0.0,14.220183486238533,0.0,0.0009413113631166093,0.0,0.39908256880733944,0.133341293390152,Underserved,0.0,0.0,0.14220183486238533,0.0853211009174312,Well-served
06,CAJAMARCA,0603,CELENDIN,060306,JOSE GALVEZ,HUACAPAMPA,0001,1,INEI,2,0,27,100.0,100.0,22.22222222222222,85.18518518518519,2.0,0.019121069614214278,7.164737740148575e-07,1.0,0.33970726202932944,Well-served,0.0,7.164737740148575e-07,0.8518518518518519,0.5111112544058659,Well-served
06,CAJAMARCA,0601,CAJAMARCA,060101,CAJAMARCA,CAJAMARCA,0001,1,INEI,28,3,200,97.0,100.0,46.0,77.5,357818.0,0.03554802735458151,0.12818360643522414,0.97,0.37791054459660184,Well-served,0.008569613737265187,0.12818360643522414,0.775,0.49235064403449785,Well-served
14,LAMBAYEQUE,1401,CHICLAYO,140103,ETEN,ETEN,0001,1,INEI,1,0,10,100.0,100.0,0.0,0.0,0.0,0.005759507605874934,0.0,1.0,0.3352531692019583,Well-served,0.0,0.0,0.0,0.0,Well-served
22,SAN MARTIN,2207,PICOTA,220701,PICOTA,PICOTA,0001,1,INEI,4,0,87,100.0,100.0,0.0,0.0,1348.0,0.008885787944332127,0.00048290332368601394,1.0,0.3364562304226727,Well-served,0.0,0.00048290332368601394,0.0,9.65806647372028e-05,Well-served
06,CAJAMARCA,0611,SAN MIGUEL,061108,NANCHOC,NANCHOC,0001,1,INEI,2,0,50,80.0,100.0,0.0,0.0,0.0,0.0026773654781055587,0.0,0.8,0.2675591218260352,Moderate-Low,0.0,0.0,0.0,0.0,Well-served
22,SAN MARTIN,2202,BELLAVISTA,220201,BELLAVISTA,BELLAVISTA,0001,1,INEI,6,1,66,98.48484848484848,100.0,53.03030303030303,71.21212121212122,52608.0,0.01116372222309821,0.018846126151686814,0.9848484848484849,0.3382861110744233,Well-served,0.004186395833661829,0.018846126151686814,0.7121212121212122,0.431879231669797,Well-served
06,CAJAMARCA,0603,CELENDIN,060309,SOROCHUCO,SOROCHUCO,0001,1,INEI,7,0,95,100.0,100.0,0.0,1.0526315789473684,0.0,0.020223277599006252,0.0,1.0,0.3400744258663354,Well-served,0.0,0.0,0.010526315789473684,0.00631578947368421,Well-served
01,AMAZONAS,0101,CHACHAPOYAS,010106,CHUQUIBAMBA,CHUQUIBAMBA,0001,1,INEI,4,0,38,89.47368421052632,100.0,0.0,0.0,0.0,0.010477345393720968,0.0,0.8947368421052632,0.30173806249966134,Moderate-High,0.0,0.0,0.0,0.0,Well-served
02,ANCASH,0206,CARHUAZ,020601,CARHUAZ,CARHUAZ,0001,1,INEI,7,1,161,98.13664596273291,100.0,43.47826086956522,98.75776397515529,29100.0,0.017272177811355205,0.010424693411916177,0.9813664596273292,0.33635444361686684,Well-served,0.005551771439364173,0.010424693411916177,0.9875776397515529,0.5957418768211878,Well-served
02,ANCASH,0206,CARHUAZ,020603,AMASHCA,AMASHCA,0001,1,INEI,2,0,29,100.0,100.0,31.03448275862069,100.0,0.0,0.07298102557204361,0.0,1.0,0.35766034185734785,Well-served,0.0,0.0,1.0,0.6,Well-served
02,ANCASH,0220,YUNGAY,022007,SHUPLUY,SHUPLUY,0001,1,INEI,3,0,34,91.17647058823529,100.0,0.0,38.23529411764706,0.0,0.0086812827049095,0.0,0.9117647058823529,0.30681532952908747,Moderate-High,0.0,0.0,0.38235294117647056,0.22941176470588232,Well-served
02,ANCASH,0218,SANTA,021807,SAMANCO,SAMANCO,0001,1,INEI,3,0,17,82.3529411764706,100.0,0.0,5.882352941176471,0.0,0.009675333563530243,0.0,0.823529411764706,0.27773491510941206,Moderate-Low,0.0,0.0,0.05882352941176471,0.03529411764705882,Well-served
02,ANCASH,0210,HUARI,021013,RAPAYAN,RAPAYAN,0001,1,INEI,1,0,29,75.86206896551724,100.0,0.0,0.0,0.0,0.0033285679384406717,0.0,0.7586206896551724,0.25398308586453766,Moderate-Low,0.0,0.0,0.0,0.0,Well-served
02,ANCASH,0210,HUARI,021001,HUARI,HUARI,0001,1,INEI,5,1,64,90.625,100.0,37.5,81.25,15499.0,0.0060332581539047254,0.005552313511728139,0.90625,0.3059451905552109,Moderate-High,0.002714966169257126,0.005552313511728139,0.8125,0.489153455936197,Well-served
02,ANCASH,0210,HUARI,021004,CHAVIN DE HUANTAR,CHAVIN DE HUANTAR,0001,1,INEI,4,0,97,86.5979381443299,92.78350515463917,0.0,0.0,0.0,0.004599854219876019,0.0,0.865979381443299,0.29019307855439164,Moderate-High,0.0,0.0,0.0,0.0,Well-served
10,HUANUCO,1005,HUAMALIES,100504,JACAS GRANDE,JACAS GRANDE,0001,1,INEI,5,0,202,78.21782178217822,97.02970297029702,0.0,0.0,0.0,0.010999974126684091,0.0,0.7821782178217822,0.26439273064948876,Moderate-Low,0.0,0.0,0.0,0.0,Well-served
02,ANCASH,0210,HUARI,021014,SAN MARCOS,SAN MARCOS,0001,1,INEI,5,0,155,81.29032258064517,93.54838709677419,0.0,0.0,0.0,0.004295140863070555,0.0,0.8129032258064517,0.2723994555565074,Moderate-Low,0.0,0.0,0.0,0.0,Well-served
02,ANCASH,0201,HUARAZ,020101,HUARAZ,HUARAZ,0001,1,INEI,12,1,221,88.68778280542986,100.0,19.90950226244344,79.63800904977376,137424.0,0.013686926054166089,0.04923034596010889,0.8868778280542986,0.3165983666895245,Moderate-High,0.002566298635156142,0.04923034596010889,0.7963800904977376,0.48818738321769556,Well-served
10,HUANUCO,1005,HUAMALIES,100509,PUÑOS,PUÑOS,0001,1,INEI,2,0,120,85.0,100.0,0.0,0.0,0.0,0.009804615759775403,0.0,0.85,0.2866015385865918,Moderate-High,0.0,0.0,0.0,0.0,Well-served
25,UCAYALI,2504,PURUS,250401,PURUS,ESPERANZA,0001,1,INEI,8,0,64,45.3125,79.6875,0.0,0.0,0.0,0.0002089968055336576,0.0,0.453125,0.1511113322685112,Underserved,0.0,0.0,0.0,0.0,Well-served
13,LA LIBERTAD,1303,BOLIVAR,130302,BAMBAMARCA,BAMBAMARCA,0001,1,INEI,2,0,50,64.0,100.0,0.0,0.0,0.0,0.005867434875131278,0.0,0.64,0.2152891449583771,Moderate-Low,0.0,0.0,0.0,0.0,Well-served
06,CAJAMARCA,0610,SAN MARCOS,061003,EDUARDO VILLANUEVA,LA GRAMA,0001,1,INEI,1,0,11,100.0,100.0,0.0,0.0,2.0,0.007730901833681543,7.164737740148575e-07,1.0,0.3359105394358185,Well-served,0.0,7.164737740148575e-07,0.0,1.432947548029715e-07,Well-served
02,ANCASH,0217,RECUAY,021705,LLACLLIN,LLACLLIN,0001,1,INEI,2,0,19,73.6842105263158,100.0,0.0,0.0,0.0,0.010050997623018075,0.0,0.736842105263158,0.24896436762872534,Moderate-Low,0.0,0.0,0.0,0.0,Well-served
10,HUANUCO,1010,LAURICOCHA,101001,JESUS,JESUS,0001,1,INEI,1,0,549,32.240437158469945,63.02367941712204,0.0,0.0,0.0,0.0010608061902319002,0.0,0.3224043715846994,0.1078217259249771,Underserved,0.0,0.0,0.0,0.0,Well-served
10,HUANUCO,1002,AMBO,100208,TOMAY KICHWA,TOMAY KICHWA,0001,1,INEI,2,0,39,100.0,100.0,0.0,0.0,0.0,0.023207891426001496,0.0,1.0,0.34106929714200046,Well-served,0.0,0.0,0.0,0.0,Well-served
10,HUANUCO,1010,LAURICOCHA,101002,BAÑOS,BAÑOS,0001,1,INEI,1,0,231,39.82683982683983,73.5930735930736,0.0,0.0,0.0,0.0025119125779370344,0.0,0.3982683982683983,0.13359343694877845,Underserved,0.0,0.0,0.0,0.0,Well-served
13,LA LIBERTAD,1303,BOLIVAR,130305,UCHUMARCA,UCHUMARCA,0001,1,INEI,1,0,60,81.66666666666667,100.0,0.0,0.0,0.0,0.002180500621043659,0.0,0.8166666666666668,0.2729490557625701,Moderate-Low,0.0,0.0,0.0,0.0,Well-served
22,SAN MARTIN,2204,HUALLAGA,220404,PISCOYACU,PISCOYACU,0001,1,INEI,4,0,30,100.0,100.0,0.0,0.0,0.0,0.010737331652673729,0.0,1.0,0.33691244388422453,Well-served,0.0,0.0,0.0,0.0,Well-served
06,CAJAMARCA,0611,SAN MIGUEL,061102,BOLIVAR,BOLIVAR,0001,1,INEI,2,0,41,100.0,100.0,0.0,0.0,0.0,0.011380094768470777,0.0,1.0,0.33712669825615693,Well-served,0.0,0.0,0.0,0.0,Well-served
16,LORETO,1606,UCAYALI,160602,INAHUAYA,INAHUAYA,0001,1,INEI,2,0,8,50.0,100.0,0.0,0.0,0.0,0.0015327687629186695,0.0,0.5,0.16717758958763954,Underserved,0.0,0.0,0.0,0.0,Well-served
22,SAN MARTIN,2207,PICOTA,220706,SAN CRISTOBAL,PUERTO RICO,0001,1,INEI,1,0,17,100.0,100.0,0.0,0.0,0.0,0.01604417800123786,0.0,1.0,0.33868139266707925,Well-served,0.0,0.0,0.0,0.0,Well-served
06,CAJAMARCA,0611,SAN MIGUEL,061101,SAN MIGUEL,SAN MIGUEL DE PALLAQUES,0001,1,INEI,9,0,104,90.38461538461539,100.0,0.0,0.0,853.0,0.012195142816541979,0.0003055760646173367,0.9038461538461539,0.30544895757577106,Moderate-High,0.0,0.0003055760646173367,0.0,6.111521292346735e-05,Well-served
06,CAJAMARCA,0603,CELENDIN,060310,SUCRE,SUCRE,0001,1,INEI,5,0,62,95.16129032258064,100.0,0.0,11.290322580645162,269.0,0.009176620235487055,9.636572260499834e-05,0.9516129032258064,0.3202952963946328,Moderate-High,0.0,9.636572260499834e-05,0.11290322580645162,0.06776120862839198,Well-served
15,LIMA,1503,CAJATAMBO,150301,CAJATAMBO,CAJATAMBO,0001,1,INEI,1,0,160,40.0,73.125,0.0,0.0,0.0,0.0008736297242953543,0.0,0.4,0.13362454324143178,Underserved,0.0,0.0,0.0,0.0,Well-served
02,ANCASH,0205,BOLOGNESI,020502,ABELARDO PARDO LEZAMETA,LLACLLA,0001,1,INEI,1,0,10,100.0,100.0,0.0,0.0,0.0,0.04050471297044797,0.0,1.0,0.34683490432348263,Well-served,0.0,0.0,0.0,0.0,Well-served
19,PASCO,1902,DANIEL ALCIDES CARRION,190204,PAUCAR,PAUCAR,0001,1,INEI,3,0,64,92.1875,100.0,0.0,0.0,0.0,0.013472049981562387,0.0,0.921875,0.31178234999385407,Moderate-High,0.0,0.0,0.0,0.0,Well-served
15,LIMA,1503,CAJATAMBO,150302,COPA,COPA,0001,1,INEI,2,0,15,26.666666666666668,40.0,0.0,0.0,0.0,0.004697196500582875,0.0,0.26666666666666666,0.09045462105574983,Underserved,0.0,0.0,0.0,0.0,Well-served
02,ANCASH,0214,OCROS,021406,CONGAS,CONGAS,0001,1,INEI,1,0,116,96.55172413793103,100.0,0.0,0.0,0.0,0.004423601997877148,0.0,0.9655172413793103,0.3233136144590624,Moderate-High,0.0,0.0,0.0,0.0,Well-served
02,ANCASH,0205,BOLOGNESI,020512,MANGAS,MANGAS,0001,1,INEI,2,0,25,80.0,100.0,0.0,0.0,0.0,0.007654699343648145,0.0,0.8,0.2692182331145494,Moderate-Low,0.0,0.0,0.0,0.0,Well-served
02,ANCASH,0214,OCROS,021401,OCROS,OCROS,0001,1,INEI,1,0,72,58.333333333333336,91.66666666666667,0.0,0.0,0.0,0.002131433448295377,0.0,0.5833333333333334,0.1951549222605429,Moderate-Low,0.0,0.0,0.0,0.0,Well-served
02,ANCASH,0205,BOLOGNESI,020511,LA PRIMAVERA,GORGORILLO,0001,1,INEI,0,0,13,69.23076923076923,100.0,0.0,0.0,0.0,0.0,0.0,0.6923076923076923,0.23076923076923075,Moderate-Low,0.0,0.0,0.0,0.0,Well-served
02,ANCASH,0214,OCROS,021403,CAJAMARQUILLA,CAJAMARQUILLA,0001,1,INEI,1,0,16,81.25,100.0,0.0,0.0,0.0,0.006134127942897686,0.0,0.8125,0.27287804264763255,Moderate-Low,0.0,0.0,0.0,0.0,Well-served
02,ANCASH,0205,BOLOGNESI,020514,SAN MIGUEL DE CORPANQUI,CORPANQUI,0001,1,INEI,1,0,11,100.0,100.0,0.0,0.0,0.0,0.011289946493417618,0.0,1.0,0.3370966488311392,Well-served,0.0,0.0,0.0,0.0,Well-served
10,HUANUCO,1002,AMBO,100206,SAN FRANCISCO,MOSCA,0001,1,INEI,3,0,56,100.0,100.0,0.0,0.0,0.0,0.012179950724726735,0.0,1.0,0.3373933169082422,Well-served,0.0,0.0,0.0,0.0,Well-served
10,HUANUCO,1002,AMBO,100207,SAN RAFAEL,SAN RAFAEL,0001,1,INEI,10,0,157,91.71974522292993,100.0,0.0,0.0,0.0,0.01095880854275451,0.0,0.9171974522292993,0.3093854202573512,Moderate-High,0.0,0.0,0.0,0.0,Well-served
02,ANCASH,0205,BOLOGNESI,020510,HUAYLLACAYAN,HUAYLLACAYAN,0001,1,INEI,2,0,96,79.16666666666667,100.0,0.0,0.0,0.0,0.00820852495150268,0.0,0.7916666666666667,0.2666250638727231,Moderate-Low,0.0,0.0,0.0,0.0,Well-served
02,ANCASH,0205,BOLOGNESI,020513,PACLLON,PACLLON,0001,1,INEI,2,0,26,65.38461538461539,88.46153846153847,0.0,0.0,0.0,0.004580569955980861,0.0,0.6538461538461539,0.21947557460071157,Moderate-Low,0.0,0.0,0.0,0.0,Well-served
02,ANCASH,0205,BOLOGNESI,020515,TICLLOS,TICLLOS,0001,1,INEI,1,0,35,74.28571428571429,100.0,0.0,0.0,0.0,0.0052105495537487796,0.0,0.7428571428571429,0.2493558974702972,Moderate-Low,0.0,0.0,0.0,0.0,Well-served
02,ANCASH,0219,SIHUAS,021903,ALFONSO UGARTE,ULLULLUCO,0001,1,INEI,1,0,16,81.25,100.0,0.0,0.0,15602.0,0.005410027541043393,0.005589211911089903,0.8125,0.2744997464840444,Moderate-Low,0.0,0.005589211911089903,0.0,0.0011178423822179808,Well-served
10,HUANUCO,1007,MARAÑON,100702,CHOLON,SAN PEDRO DE CHONTA,0001,1,INEI,4,0,68,54.411764705882355,76.47058823529412,0.0,0.0,0.0,0.0008765047587588601,0.0,0.5441176470588236,0.18166471727252748,Underserved,0.0,0.0,0.0,0.0,Well-served
02,ANCASH,0219,SIHUAS,021906,HUAYLLABAMBA,HUAYLLABAMBA,0001,1,INEI,3,0,56,94.64285714285714,100.0,0.0,62.5,0.0,0.005228153919920313,0.0,0.9464285714285714,0.31721890844949724,Moderate-High,0.0,0.0,0.625,0.375,Well-served
25,UCAYALI,2501,CORONEL PORTILLO,250107,MANANTAY,SAN FERNANDO,0001,1,INEI,14,0,35,97.14285714285714,100.0,2.857142857142857,42.857142857142854,10967.0,0.010483924801211861,0.0039287839398104716,0.9714285714285714,0.3286137600565312,Moderate-High,0.0,0.0039287839398104716,0.42857142857142855,0.25792861393081923,Well-served
02,ANCASH,0209,CORONGO,020904,CUSCA,CUSCA,0001,1,INEI,4,0,28,85.71428571428571,100.0,0.0,0.0,0.0,0.00452519874554564,0.0,0.8571428571428571,0.28722268529613426,Moderate-High,0.0,0.0,0.0,0.0,Well-served
02,ANCASH,0215,PALLASCA,021511,TAUCA,TAUCA,0001,1,INEI,2,0,70,81.42857142857143,92.85714285714286,0.0,0.0,0.0,0.004845734411419221,0.0,0.8142857142857143,0.27304381623237783,Moderate-Low,0.0,0.0,0.0,0.0,Well-served
13,LA LIBERTAD,1308,PATAZ,130811,SANTIAGO DE CHALLAS,CHALLAS,0001,1,INEI,2,0,40,95.0,100.0,0.0,0.0,0.0,0.007392485396659466,0.0,0.95,0.31913082846555313,Moderate-High,0.0,0.0,0.0,0.0,Well-served
02,ANCASH,0215,PALLASCA,021501,CABANA,CABANA,0001,1,INEI,1,0,109,94.4954128440367,99.08256880733946,0.0,0.0,117.0,0.003329603135779804,4.191371577986916e-05,0.944954128440367,0.3161085484306422,Moderate-High,0.0,4.191371577986916e-05,0.0,8.382743155973832e-06,Well-served
02,ANCASH,0219,SIHUAS,021908,RAGASH,RAGASH,0001,1,INEI,2,0,59,77.96610169491525,100.0,16.949152542372882,76.27118644067797,0.0,0.004616707165520023,0.0,0.7796610169491526,0.2614259080382242,Moderate-Low,0.0,0.0,0.7627118644067796,0.45762711864406774,Well-served
02,ANCASH,0214,OCROS,021402,ACAS,ACAS,0001,1,INEI,1,0,34,88.23529411764706,100.0,0.0,0.0,0.0,0.001891997399175478,0.0,0.8823529411764706,0.29474831285854863,Moderate-High,0.0,0.0,0.0,0.0,Well-served
19,PASCO,1901,PASCO,190103,HUARIACA,HUARIACA,0001,1,INEI,4,0,86,95.34883720930233,100.0,0.0,0.0,26733.0,0.015681226268375405,0.009576746700369593,0.9534883720930233,0.3262487816872561,Moderate-High,0.0,0.009576746700369593,0.0,0.0019153493400739187,Well-served
02,ANCASH,0214,OCROS,021410,SANTIAGO DE CHILCAS,SANTIAGO DE CHILCAS,0001,1,INEI,1,0,40,97.5,100.0,0.0,0.0,0.0,0.005435654715080887,0.0,0.975,0.32681188490502694,Moderate-High,0.0,0.0,0.0,0.0,Well-served
19,PASCO,1902,DANIEL ALCIDES CARRION,190205,SAN PEDRO DE PILLAO,SAN PEDRO DE PILLAO,0001,1,INEI,2,0,69,88.40579710144928,100.0,0.0,0.0,0.0,0.01260387718056753,0.0,0.8840579710144928,0.29888728273168674,Moderate-High,0.0,0.0,0.0,0.0,Well-served
19,PASCO,1901,PASCO,190106,PALLANCHACRA,PALLANCHACRA,0001,1,INEI,6,0,53,100.0,100.0,0.0,0.0,0.0,0.03989230753764257,0.0,1.0,0.34663076917921415,Well-served,0.0,0.0,0.0,0.0,Well-served
19,PASCO,1902,DANIEL ALCIDES CARRION,190207,TAPUC,TAPUC,0001,1,INEI,3,0,53,100.0,100.0,0.0,0.0,0.0,0.03105476381900266,0.0,1.0,0.3436849212730009,Well-served,0.0,0.0,0.0,0.0,Well-served
02,ANCASH,0214,OCROS,021408,SAN CRISTOBAL DE RAJAN,RAJAN,0001,1,INEI,1,0,23,91.30434782608695,100.0,0.0,0.0,0.0,0.006830072824384109,0.0,0.9130434782608695,0.30662451702841786,Moderate-High,0.0,0.0,0.0,0.0,Well-served
02,ANCASH,0214,OCROS,021407,LLIPA,LLIPA,0001,1,INEI,1,0,18,83.33333333333333,100.0,0.0,0.0,0.0,0.015322401047161479,0.0,0.8333333333333333,0.28288524479349825,Moderate-High,0.0,0.0,0.0,0.0,Well-served
19,PASCO,1902,DANIEL ALCIDES CARRION,190206,SANTA ANA DE TUSI,SANTA ANA DE TUSI,0001,1,INEI,18,0,171,100.0,100.0,0.0,0.0,17.0,0.030455635976469927,6.090027079126289e-06,1.0,0.343487242001183,Well-served,0.0,6.090027079126289e-06,0.0,1.218005415825258e-06,Well-served
19,PASCO,1902,DANIEL ALCIDES CARRION,190202,CHACAYAN,CHACAYAN,0001,1,INEI,6,0,85,98.82352941176471,100.0,0.0,0.0,0.0,0.01808328413689801,0.0,0.9882352941176471,0.33543952608484834,Well-served,0.0,0.0,0.0,0.0,Well-served
02,ANCASH,0205,BOLOGNESI,020506,CANIS,CANIS,0001,1,INEI,1,0,9,100.0,100.0,0.0,0.0,0.0,0.02326157475879864,0.0,1.0,0.3410871915862662,Well-served,0.0,0.0,0.0,0.0,Well-served
02,ANCASH,0217,RECUAY,021709,TAPACOCHA,TAPACOCHA,0001,1,INEI,1,0,41,97.5609756097561,100.0,0.0,0.0,0.0,0.006162390475290255,0.0,0.975609756097561,0.3272573821909504,Moderate-High,0.0,0.0,0.0,0.0,Well-served
02,ANCASH,0211,HUARMEY,021102,COCHAPETI,COCHAPETI,0001,1,INEI,1,0,60,81.66666666666667,100.0,0.0,0.0,0.0,0.00489197969495966,0.0,0.8166666666666668,0.27385288212054215,Moderate-Low,0.0,0.0,0.0,0.0,Well-served
17,MADRE DE DIOS,1703,TAHUAMANU,170301,IÑAPARI,IÑAPARI,0001,1,INEI,5,0,7,85.71428571428571,85.71428571428571,0.0,0.0,0.0,0.00017377695038203563,0.0,0.8571428571428571,0.28577221136441305,Moderate-High,0.0,0.0,0.0,0.0,Well-served
10,HUANUCO,1008,PACHITEA,100803,MOLINO,MOLINO,0001,1,INEI,5,0,120,76.66666666666667,98.33333333333333,0.0,0.0,0.0,0.010152949045603193,0.0,0.7666666666666667,0.25893987190408996,Moderate-Low,0.0,0.0,0.0,0.0,Well-served
10,HUANUCO,1011,YAROWILCA,101103,CHACABAMBA,CHACABAMBA,0001,1,INEI,0,0,55,96.36363636363636,100.0,0.0,0.0,0.0,0.0,0.0,0.9636363636363636,0.32121212121212117,Moderate-High,0.0,0.0,0.0,0.0,Well-served
10,HUANUCO,1010,LAURICOCHA,101005,RONDOS,RONDOS,0001,1,INEI,2,0,304,73.6842105263158,100.0,0.0,0.0,0.0,0.0055897749144726335,0.0,0.736842105263158,0.2474772933925435,Moderate-Low,0.0,0.0,0.0,0.0,Well-served
02,ANCASH,0217,RECUAY,021703,COTAPARACO,COTAPARACO,0001,1,INEI,1,0,77,37.66233766233766,79.22077922077922,0.0,0.0,0.0,0.0027540429382560106,0.0,0.37662337662337664,0.12645913985387755,Underserved,0.0,0.0,0.0,0.0,Well-served
02,ANCASH,0211,HUARMEY,021105,MALVAS,MALVAS,0001,1,INEI,2,0,54,87.03703703703704,100.0,0.0,0.0,0.0,0.005749252054225633,0.0,0.8703703703703703,0.29203987414153193,Moderate-High,0.0,0.0,0.0,0.0,Well-served
10,HUANUCO,1005,HUAMALIES,100503,CHAVIN DE PARIARCA,CHAVIN DE PARIARCA,0001,1,INEI,3,0,131,88.54961832061069,100.0,0.0,0.0,0.0,0.015852091319126835,0.0,0.8854961832061069,0.30044942484174453,Moderate-High,0.0,0.0,0.0,0.0,Well-served
02,ANCASH,0212,HUAYLAS,021209,SANTO TORIBIO,SANTO TORIBIO,0001,1,INEI,2,0,17,82.3529411764706,100.0,0.0,0.0,0.0,0.011416291289249812,0.0,0.823529411764706,0.2783152343513186,Moderate-Low,0.0,0.0,0.0,0.0,Well-served
02,ANCASH,0213,MARISCAL LUZURIAGA,021302,CASCA,CASCA,0001,1,INEI,2,0,64,100.0,100.0,17.1875,90.625,0.0,0.012691489587814474,0.0,1.0,0.3375638298626048,Well-served,0.0,0.0,0.90625,0.54375,Well-served
10,HUANUCO,1004,HUACAYBAMBA,100402,CANCHABAMBA,CANCHABAMBA,0001,1,INEI,2,0,31,80.64516129032258,100.0,0.0,0.0,0.0,0.005229124835391709,0.0,0.8064516129032258,0.2705602459128725,Moderate-Low,0.0,0.0,0.0,0.0,Well-served
10,HUANUCO,1007,MARAÑON,100703,SAN BUENAVENTURA,SAN BUENAVENTURA,0001,1,INEI,1,0,88,55.68181818181818,98.86363636363636,0.0,0.0,0.0,0.005208990220511009,0.0,0.5568181818181818,0.18734239067956426,Underserved,0.0,0.0,0.0,0.0,Well-served
02,ANCASH,0213,MARISCAL LUZURIAGA,021304,FIDEL OLIVAS ESCUDERO,SANACHGAN,0001,1,INEI,2,0,51,82.3529411764706,100.0,0.0,0.0,721.0,0.004516373627848712,0.00025828879553235615,0.823529411764706,0.2761013580626957,Moderate-Low,0.0,0.00025828879553235615,0.0,5.1657759106471235e-05,Well-served
02,ANCASH,0212,HUAYLAS,021202,HUALLANCA,HUALLANCA,0001,1,INEI,3,0,31,96.7741935483871,100.0,0.0,0.0,0.0,0.0074097257490618965,0.0,0.967741935483871,0.32505055374431097,Moderate-High,0.0,0.0,0.0,0.0,Well-served
02,ANCASH,0216,POMABAMBA,021601,POMABAMBA,POMABAMBA,0001,1,INEI,6,1,245,88.57142857142857,100.0,48.16326530612245,88.57142857142857,20833.0,0.008406470835063596,0.007463149067025763,0.8857142857142857,0.30052796853879166,Moderate-High,0.0031524265631488486,0.007463149067025763,0.8857142857142857,0.5335516865546063,Well-served
13,LA LIBERTAD,1312,VIRU,131203,GUADALUPITO,GUADALUPITO,0001,1,INEI,1,0,28,75.0,82.14285714285714,0.0,0.0,0.0,0.0011273816370705229,0.0,0.75,0.25037579387902353,Moderate-Low,0.0,0.0,0.0,0.0,Well-served
02,ANCASH,0212,HUAYLAS,021210,YURACMARCA,YURACMARCA,0001,1,INEI,3,0,49,57.142857142857146,87.75510204081633,0.0,0.0,0.0,0.002641024492624023,0.0,0.5714285714285715,0.19135653197373184,Underserved,0.0,0.0,0.0,0.0,Well-served
02,ANCASH,0218,SANTA,021801,CHIMBOTE,CHIMBOTE,0001,1,INEI,24,2,111,81.08108108108108,90.09009009009009,12.612612612612613,21.62162162162162,1052122.0,0.007990485396332726,0.37690891003203,0.8108108108108109,0.3985700687463912,Well-served,0.001498216011812386,0.37690891003203,0.2162162162162162,0.20541115493849818,Well-served
02,ANCASH,0218,SANTA,021804,MACATE,MACATE,0001,1,INEI,3,0,155,61.935483870967744,90.96774193548387,0.0,0.0,0.0,0.002461570684505367,0.0,0.6193548387096774,0.20727213646472759,Moderate-Low,0.0,0.0,0.0,0.0,Well-served
02,ANCASH,0216,POMABAMBA,021604,QUINUABAMBA,QUINUABAMBA,0001,1,INEI,2,0,59,79.66101694915254,100.0,0.0,0.0,127643.0,0.006444343561113533,0.04572643096828923,0.7966101694915254,0.2829269813403094,Moderate-High,0.0,0.04572643096828923,0.0,0.009145286193657847,Well-served
02,ANCASH,0209,CORONGO,020905,LA PAMPA,LA PAMPA,0001,1,INEI,1,0,10,100.0,100.0,0.0,0.0,0.0,0.005095317931682284,0.0,1.0,0.33503177264389405,Well-served,0.0,0.0,0.0,0.0,Well-served
02,ANCASH,0209,CORONGO,020906,YANAC,YANAC,0001,1,INEI,1,0,12,100.0,100.0,0.0,0.0,0.0,0.01029465085605069,0.0,1.0,0.33676488361868356,Well-served,0.0,0.0,0.0,0.0,Well-served
02,ANCASH,0219,SIHUAS,021909,SAN JUAN,CHULLIN,0001,1,INEI,3,0,123,92.6829268292683,100.0,0.0,13.821138211382113,0.0,0.006842688541041551,0.0,0.926829268292683,0.3112239856112415,Moderate-High,0.0,0.0,0.13821138211382114,0.08292682926829269,Well-served
13,LA LIBERTAD,1305,JULCAN,130503,CARABAMBA,CARABAMBA,0001,1,INEI,4,0,50,86.0,100.0,0.0,14.0,1747.0,0.008215189307656367,0.000625839841601978,0.86,0.28961367638308605,Moderate-High,0.0,0.000625839841601978,0.14,0.0841251679683204,Well-served
13,LA LIBERTAD,1301,TRUJILLO,130108,POROTO,POROTO,0001,1,INEI,1,0,36,83.33333333333333,100.0,0.0,0.0,0.0,0.0032013880102461966,0.0,0.8333333333333333,0.2788449071145265,Moderate-Low,0.0,0.0,0.0,0.0,Well-served
13,LA LIBERTAD,1310,SANTIAGO DE CHUCO,131003,CACHICADAN,CACHICADAN,0001,1,INEI,1,0,61,32.78688524590164,73.77049180327869,1.639344262295082,27.868852459016395,0.0,0.0017842392503152219,0.0,0.32786885245901637,0.10988436390311052,Underserved,0.0,0.0,0.27868852459016397,0.16721311475409836,Well-served
13,LA LIBERTAD,1310,SANTIAGO DE CHUCO,131006,QUIRUVILCA,QUIRUVILCA,0001,1,INEI,7,0,100,69.0,100.0,3.0,26.0,0.0,0.0060837089211788235,0.0,0.69,0.23202790297372625,Moderate-Low,0.0,0.0,0.26,0.156,Well-served
13,LA LIBERTAD,1308,PATAZ,130808,PARCOY,PARCOY,0001,1,INEI,5,0,86,100.0,100.0,0.0,0.0,42.0,0.008682580333666314,1.5045949254312008e-05,1.0,0.33623254209430686,Well-served,0.0,1.5045949254312008e-05,0.0,3.0091898508624017e-06,Well-served
13,LA LIBERTAD,1306,OTUZCO,130610,PARANDAY,PARANDAY,0001,1,INEI,1,0,27,100.0,100.0,0.0,0.0,0.0,0.021719335654297886,0.0,1.0,0.34057311188476597,Well-served,0.0,0.0,0.0,0.0,Well-served
13,LA LIBERTAD,1306,OTUZCO,130602,AGALLPAMPA,AGALLPAMPA,0001,1,INEI,8,0,114,94.73684210526316,100.0,7.017543859649122,64.03508771929825,0.0,0.014912292337392323,0.0,0.9473684210526316,0.3207602377966746,Moderate-High,0.0,0.0,0.6403508771929824,0.38421052631578945,Well-served
13,LA LIBERTAD,1306,OTUZCO,130606,LA CUESTA,LA CUESTA,0001,1,INEI,1,0,40,100.0,100.0,0.0,0.0,0.0,0.011613628059653939,0.0,1.0,0.3372045426865513,Well-served,0.0,0.0,0.0,0.0,Well-served
13,LA LIBERTAD,1309,SANCHEZ CARRION,130907,SARIN,SARIN,0001,1,INEI,5,0,126,90.47619047619048,100.0,0.0,0.0,0.0,0.007183884532603026,0.0,0.9047619047619048,0.3039819297648359,Moderate-High,0.0,0.0,0.0,0.0,Well-served
13,LA LIBERTAD,1309,SANCHEZ CARRION,130904,CURGOS,CURGOS,0001,1,INEI,1,0,59,79.66101694915254,100.0,0.0,32.20338983050848,0.0,0.004904672665658459,0.0,0.7966101694915254,0.26717161405239465,Moderate-Low,0.0,0.0,0.3220338983050848,0.19322033898305085,Well-served
13,LA LIBERTAD,1308,PATAZ,130810,PIAS,PIAS,0001,1,INEI,1,0,42,92.85714285714286,100.0,0.0,0.0,0.0,0.0015551254468620583,0.0,0.9285714285714286,0.31004218467276357,Moderate-High,0.0,0.0,0.0,0.0,Well-served
13,LA LIBERTAD,1306,OTUZCO,130604,CHARAT,CHARAT,0001,1,INEI,3,0,70,98.57142857142857,100.0,0.0,0.0,0.0,0.021948126150780747,0.0,0.9857142857142857,0.3358874706216888,Well-served,0.0,0.0,0.0,0.0,Well-served
13,LA LIBERTAD,1306,OTUZCO,130601,OTUZCO,OTUZCO,0001,1,INEI,10,1,170,91.76470588235294,100.0,24.11764705882353,73.52941176470588,11678.0,0.011974477700610603,0.004183490366472753,0.9176470588235294,0.3112683422968709,Moderate-High,0.0026942574826373856,0.004183490366472753,0.7352941176470589,0.4425520201580574,Well-served
13,LA LIBERTAD,1309,SANCHEZ CARRION,130901,HUAMACHUCO,HUAMACHUCO,0001,1,INEI,6,1,118,79.66101694915254,98.30508474576271,33.05084745762712,72.88135593220339,34105.0,0.006959123294250243,0.012217669031388358,0.7966101694915254,0.271928987272388,Moderate-Low,0.0026096712353438412,0.012217669031388358,0.728813559322034,0.44025360364656685,Well-served
13,LA LIBERTAD,1309,SANCHEZ CARRION,130903,COCHORCO,ARICAPAMPA,0001,1,INEI,5,0,111,90.990990990991,100.0,0.0,0.0,54.0,0.009180127741031024,1.9344791898401152e-05,0.9099099099099099,0.3063697941476131,Moderate-High,0.0,1.9344791898401152e-05,0.0,3.868958379680231e-06,Well-served
22,SAN MARTIN,2210,TOCACHE,221003,POLVORA,POLVORA,0001,1,INEI,9,0,87,60.91954022988506,87.35632183908046,0.0,1.1494252873563218,0.0,0.0019186682932495376,0.0,0.6091954022988506,0.2037046901973667,Moderate-Low,0.0,0.0,0.011494252873563218,0.006896551724137931,Well-served
13,LA LIBERTAD,1306,OTUZCO,130614,USQUIL,USQUIL,0001,1,INEI,12,0,287,92.6829268292683,100.0,0.0,0.6968641114982579,0.0,0.012369360306128644,0.0,0.926829268292683,0.3130662095329372,Moderate-High,0.0,0.0,0.006968641114982579,0.004181184668989547,Well-served
13,LA LIBERTAD,1309,SANCHEZ CARRION,130906,SANAGORAN,SANAGORAN,0001,1,INEI,4,0,120,80.83333333333333,100.0,0.0,12.5,0.0,0.005718576775427918,0.0,0.8083333333333332,0.27135063670292037,Moderate-Low,0.0,0.0,0.125,0.075,Well-served
13,LA LIBERTAD,1309,SANCHEZ CARRION,130902,CHUGAY,CHUGAY,0001,1,INEI,6,0,119,85.71428571428571,100.0,0.0,0.0,0.0,0.006935828862180729,0.0,0.8571428571428571,0.28802622866834593,Moderate-High,0.0,0.0,0.0,0.0,Well-served
13,LA LIBERTAD,1306,OTUZCO,130605,HUARANCHAL,HUARANCHAL,0001,1,INEI,2,0,100,78.0,100.0,0.0,0.0,0.0,0.007119267851670791,0.0,0.78,0.26237308928389025,Moderate-Low,0.0,0.0,0.0,0.0,Well-served
13,LA LIBERTAD,1308,PATAZ,130809,PATAZ,PATAZ,0001,1,INEI,5,0,124,77.41935483870968,98.38709677419355,0.0,0.0,0.0,0.0061342231069088145,0.0,0.7741935483870968,0.26010925716466854,Moderate-Low,0.0,0.0,0.0,0.0,Well-served
22,SAN MARTIN,2207,PICOTA,220709,TINGO DE PONASA,TINGO DE PONASA,0001,1,INEI,5,0,104,80.76923076923077,100.0,0.0,0.0,37.0,0.0071984595691478165,1.3254764819274865e-05,0.8076923076923077,0.27163467400875824,Moderate-Low,0.0,1.3254764819274865e-05,0.0,2.6509529638549733e-06,Well-served
06,CAJAMARCA,0611,SAN MIGUEL,061111,SAN SILVESTRE DE COCHAN,SAN SILVESTRE DE COCHAN,0001,1,INEI,6,0,49,100.0,100.0,0.0,0.0,0.0,0.021502952637628865,0.0,1.0,0.34050098421254293,Well-served,0.0,0.0,0.0,0.0,Well-served
22,SAN MARTIN,2207,PICOTA,220703,CASPISAPA,CASPISAPA,0001,1,INEI,1,0,26,100.0,100.0,0.0,0.0,254.0,0.006348841379617374,9.099216929988691e-05,1.0,0.33547994451630575,Well-served,0.0,9.099216929988691e-05,0.0,1.819843385997738e-05,Well-served
14,LAMBAYEQUE,1401,CHICLAYO,140109,NUEVA ARICA,NUEVA ARICA,0001,1,INEI,2,0,12,91.66666666666667,100.0,0.0,0.0,0.0,0.004541391788907831,0.0,0.9166666666666667,0.3070693528185249,Moderate-High,0.0,0.0,0.0,0.0,Well-served
22,SAN MARTIN,2207,PICOTA,220707,SAN HILARION,SAN CRISTOBAL DE SISA,0001,1,INEI,3,0,33,100.0,100.0,0.0,0.0,280.0,0.013937903950578708,0.00010030632836208005,1.0,0.33801273675964694,Well-served,0.0,0.00010030632836208005,0.0,2.0061265672416012e-05,Well-served
06,CAJAMARCA,0611,SAN MIGUEL,061109,NIEPOS,NIEPOS,0001,1,INEI,4,0,63,98.41269841269842,100.0,0.0,0.0,0.0,0.012402273394635942,0.0,0.9841269841269842,0.33217641917387336,Moderate-High,0.0,0.0,0.0,0.0,Well-served
06,CAJAMARCA,0612,SAN PABLO,061204,TUMBADEN,TUMBADEN,0001,1,INEI,3,0,32,84.375,100.0,0.0,0.0,0.0,0.005643993296440574,0.0,0.84375,0.2831313310988135,Moderate-High,0.0,0.0,0.0,0.0,Well-served
14,LAMBAYEQUE,1401,CHICLAYO,140114,SANTA ROSA,SANTA ROSA,0001,1,INEI,2,0,4,100.0,100.0,0.0,50.0,0.0,0.07056976693703608,0.0,1.0,0.356856588979012,Well-served,0.0,0.0,0.5,0.3,Well-served
06,CAJAMARCA,0611,SAN MIGUEL,061103,CALQUIS,CALQUIS,0001,1,INEI,2,0,37,43.24324324324324,100.0,0.0,0.0,0.0,0.00283541871000524,0.0,0.4324324324324324,0.14508928371414587,Underserved,0.0,0.0,0.0,0.0,Well-served
14,LAMBAYEQUE,1401,CHICLAYO,140116,CAYALTI,CAYALTI,0001,1,INEI,3,0,31,100.0,100.0,0.0,0.0,0.0,0.008757995087105905,0.0,1.0,0.3362526650290353,Well-served,0.0,0.0,0.0,0.0,Well-served
06,CAJAMARCA,0603,CELENDIN,060311,UTCO,UTCO,0001,1,INEI,1,0,44,84.0909090909091,100.0,13.636363636363637,79.54545454545455,0.0,0.004868786889092735,0.0,0.8409090909090909,0.2819259592660612,Moderate-Low,0.0,0.0,0.7954545454545454,0.47727272727272724,Well-served
06,CAJAMARCA,0611,SAN MIGUEL,061106,LA FLORIDA,LA FLORIDA,0001,1,INEI,1,0,31,90.3225806451613,100.0,0.0,0.0,0.0,0.008739612917710367,0.0,0.903225806451613,0.3039884731231078,Moderate-High,0.0,0.0,0.0,0.0,Well-served
14,LAMBAYEQUE,1401,CHICLAYO,140108,MONSEFU,MONSEFU,0001,1,INEI,3,0,56,100.0,100.0,0.0,87.5,0.0,0.03074103370946461,0.0,1.0,0.3435803445698215,Well-served,0.0,0.0,0.875,0.525,Well-served
14,LAMBAYEQUE,1401,CHICLAYO,140113,REQUE,REQUE,0001,1,INEI,3,0,25,100.0,100.0,0.0,44.0,9.0,0.031748965238235165,3.2241319830668587e-06,1.0,0.3439173964567394,Well-served,0.0,3.2241319830668587e-06,0.44,0.2640006448263966,Well-served
06,CAJAMARCA,0611,SAN MIGUEL,061107,LLAPA,LLAPA,0001,1,INEI,7,0,39,97.43589743589743,100.0,0.0,0.0,0.0,0.023658520430153762,0.0,0.9743589743589743,0.3326724982630427,Moderate-High,0.0,0.0,0.0,0.0,Well-served
06,CAJAMARCA,0601,CAJAMARCA,060105,ENCAÑADA,ENCAÑADA,0001,1,INEI,13,0,200,89.0,100.0,0.0,0.0,0.0,0.00987715618142948,0.0,0.89,0.29995905206047646,Moderate-High,0.0,0.0,0.0,0.0,Well-served
16,LORETO,1606,UCAYALI,160604,PAMPA HERMOSA,PAMPA HERMOSA,0001,1,INEI,3,0,31,22.580645161290324,48.38709677419355,0.0,0.0,0.0,0.0001937593014884605,0.0,0.22580645161290325,0.07533340363813057,Underserved,0.0,0.0,0.0,0.0,Well-served
14,LAMBAYEQUE,1401,CHICLAYO,140106,LA VICTORIA,LA VICTORIA,0001,1,INEI,6,0,35,100.0,100.0,40.0,100.0,2963.0,0.07036106914162382,0.0010614558962030113,1.0,0.35714084167927557,Well-served,0.0,0.0010614558962030113,1.0,0.6002122911792406,Well-served
14,LAMBAYEQUE,1401,CHICLAYO,140115,SAÑA,SAÑA,0001,1,INEI,4,0,38,94.73684210526316,100.0,0.0,0.0,0.0,0.006110816110639775,0.0,0.9473684210526316,0.3178264123877571,Moderate-High,0.0,0.0,0.0,0.0,Well-served
22,SAN MARTIN,2207,PICOTA,220705,PUCACACA,PUCACACA,0001,1,INEI,2,0,36,94.44444444444444,100.0,0.0,0.0,56.0,0.004756960312018651,2.006126567241601e-05,0.9444444444444444,0.3164071553407118,Moderate-High,0.0,2.006126567241601e-05,0.0,4.012253134483202e-06,Well-served
14,LAMBAYEQUE,1401,CHICLAYO,140119,PUCALA,PUCALA,0001,1,INEI,2,0,27,96.29629629629629,100.0,0.0,7.407407407407407,0.0,0.005485945458461396,0.0,0.9629629629629629,0.3228163028071414,Moderate-High,0.0,0.0,0.07407407407407407,0.04444444444444444,Well-served
14,LAMBAYEQUE,1401,CHICLAYO,140101,CHICLAYO,CHICLAYO,0001,1,INEI,17,4,9,100.0,100.0,88.88888888888889,100.0,580691.0,0.1727810420373206,0.2080249361532308,1.0,0.46026865939685047,Well-served,0.09147231637269913,0.2080249361532308,1.0,0.659899450505186,Well-served
06,CAJAMARCA,0611,SAN MIGUEL,061104,CATILLUC,CATILLUC,0001,1,INEI,2,0,33,81.81818181818181,100.0,0.0,0.0,0.0,0.00476087272138848,0.0,0.8181818181818181,0.2743142303010689,Moderate-Low,0.0,0.0,0.0,0.0,Well-served
14,LAMBAYEQUE,1401,CHICLAYO,140118,POMALCA,POMALCA,0001,1,INEI,2,0,21,90.47619047619048,100.0,14.285714285714286,100.0,0.0,0.012518599223572624,0.0,0.9047619047619048,0.3057601679951591,Moderate-High,0.0,0.0,1.0,0.6,Well-served
14,LAMBAYEQUE,1403,LAMBAYEQUE,140311,SAN JOSE,SAN JOSE,0001,1,INEI,2,0,19,100.0,100.0,15.789473684210526,94.73684210526316,0.0,0.0212253981541138,0.0,1.0,0.34040846605137126,Well-served,0.0,0.0,0.9473684210526316,0.5684210526315789,Well-served
10,HUANUCO,1010,LAURICOCHA,101006,SAN FRANCISCO DE ASIS,HUARIN,0001,1,INEI,2,0,147,87.07482993197279,100.0,0.0,0.0,0.0,0.011185984497677383,0.0,0.8707482993197279,0.2939780946058017,Moderate-High,0.0,0.0,0.0,0.0,Well-served
10,HUANUCO,1001,HUANUCO,100107,SAN FRANCISCO DE CAYRAN,CAYRAN,0001,1,INEI,2,0,71,56.33802816901409,100.0,4.225352112676056,47.88732394366197,4925.0,0.006519889012118996,0.0017643166685115867,0.5633802816901409,0.19055482912359045,Underserved,0.0,0.0017643166685115867,0.4788732394366197,0.2876768069956741,Well-served
01,AMAZONAS,0106,RODRIGUEZ DE MENDOZA,010601,SAN NICOLAS,MENDOZA,0001,1,INEI,1,1,36,88.88888888888889,100.0,77.77777777777777,100.0,12799.0,0.0047198392759298415,0.00458507391680808,0.8888888888888888,0.29939793402720893,Moderate-High,0.010619638370842144,0.00458507391680808,1.0,0.60304094245753,Well-served
06,CAJAMARCA,0604,CHOTA,060402,ANGUIA,ANGUIA,0001,1,INEI,5,0,28,100.0,100.0,0.0,0.0,0.0,0.01576804163181863,0.0,1.0,0.3385893472106062,Well-served,0.0,0.0,0.0,0.0,Well-served
01,AMAZONAS,0106,RODRIGUEZ DE MENDOZA,010606,LONGAR,LONGAR,0001,1,INEI,2,0,35,77.14285714285714,100.0,8.571428571428571,48.57142857142857,0.0,0.011727266969213678,0.0,0.7714285714285714,0.261051946132595,Moderate-Low,0.0,0.0,0.4857142857142857,0.2914285714285714,Well-served
01,AMAZONAS,0101,CHACHAPOYAS,010111,LEVANTO,LEVANTO,0001,1,INEI,1,0,32,96.875,100.0,0.0,84.375,0.0,0.006440473259311799,0.0,0.96875,0.32506349108643723,Moderate-High,0.0,0.0,0.84375,0.50625,Well-served
06,CAJAMARCA,0604,CHOTA,060406,CHOROPAMPA,CHOROPAMPA,0001,1,INEI,4,0,27,88.88888888888889,100.0,0.0,0.0,0.0,0.009286069765579328,0.0,0.8888888888888888,0.2993916528848227,Moderate-High,0.0,0.0,0.0,0.0,Well-served
22,SAN MARTIN,2205,LAMAS,220505,CUÑUMBUQUI,CUÑUMBUQUI,0001,1,INEI,8,0,27,96.29629629629629,100.0,0.0,11.11111111111111,1439.0,0.021216341922606633,0.00051550288040369,0.9629629629629629,0.32823160258865774,Moderate-High,0.0,0.00051550288040369,0.1111111111111111,0.0667697672427474,Well-served
14,LAMBAYEQUE,1401,CHICLAYO,140102,CHONGOYAPE,CHONGOYAPE,0001,1,INEI,3,0,67,67.16417910447761,97.01492537313433,0.0,0.0,0.0,0.00199673791406253,0.0,0.6716417910447761,0.22454617631961285,Moderate-Low,0.0,0.0,0.0,0.0,Well-served
06,CAJAMARCA,0604,CHOTA,060413,PACCHA,PACCHA,0001,1,INEI,10,0,22,100.0,100.0,0.0,0.0,0.0,0.04910072719838177,0.0,1.0,0.34970024239946057,Well-served,0.0,0.0,0.0,0.0,Well-served
06,CAJAMARCA,0603,CELENDIN,060302,CHUMUCH,CHUMUCH,0001,1,INEI,2,0,25,80.0,100.0,0.0,0.0,10.0,0.00470076792841515,3.5823688700742875e-06,0.8,0.2682347834324284,Moderate-Low,0.0,3.5823688700742875e-06,0.0,7.164737740148576e-07,Well-served
01,AMAZONAS,0106,RODRIGUEZ DE MENDOZA,010602,CHIRIMOTO,CHIRIMOTO,0001,1,INEI,5,0,40,95.0,100.0,0.0,0.0,0.0,0.015679404815570563,0.0,0.95,0.3218931349385235,Moderate-High,0.0,0.0,0.0,0.0,Well-served
06,CAJAMARCA,0604,CHOTA,060410,LAJAS,LAJAS,0001,1,INEI,15,0,49,100.0,100.0,2.0408163265306123,57.142857142857146,0.0,0.05963962519960072,0.0,1.0,0.35321320839986686,Well-served,0.0,0.0,0.5714285714285715,0.3428571428571429,Well-served
14,LAMBAYEQUE,1403,LAMBAYEQUE,140312,TUCUME,TUCUME,0001,1,INEI,6,0,56,100.0,100.0,0.0,0.0,0.0,0.045375526067132306,0.0,1.0,0.3484585086890441,Well-served,0.0,0.0,0.0,0.0,Well-served
01,AMAZONAS,0106,RODRIGUEZ DE MENDOZA,010611,TOTORA,TOTORA,0001,1,INEI,1,0,7,100.0,100.0,0.0,0.0,0.0,0.024791238410549574,0.0,1.0,0.3415970794701832,Well-served,0.0,0.0,0.0,0.0,Well-served
22,SAN MARTIN,2203,EL DORADO,220305,SHATOJA,SHATOJA,0001,1,INEI,2,0,10,90.0,100.0,0.0,0.0,0.0,0.015599864682711405,0.0,0.9,0.3051999548942371,Moderate-High,0.0,0.0,0.0,0.0,Well-served
22,SAN MARTIN,2203,EL DORADO,220302,AGUA BLANCA,AGUA BLANCA,0001,1,INEI,2,0,35,88.57142857142857,100.0,0.0,0.0,0.0,0.006327817967814948,0.0,0.8857142857142857,0.2973473678940335,Moderate-High,0.0,0.0,0.0,0.0,Well-served
14,LAMBAYEQUE,1401,CHICLAYO,140117,PATAPO,PATAPO,0001,1,INEI,3,0,36,100.0,100.0,2.7777777777777777,38.888888888888886,0.0,0.00782224960297713,0.0,1.0,0.33594074986765904,Well-served,0.0,0.0,0.38888888888888884,0.23333333333333328,Well-served
06,CAJAMARCA,0607,HUALGAYOC,060702,CHUGUR,CHUGUR,0001,1,INEI,3,0,23,91.30434782608695,100.0,0.0,0.0,0.0,0.013653954836148148,0.0,0.9130434782608695,0.30889914436567256,Moderate-High,0.0,0.0,0.0,0.0,Well-served
06,CAJAMARCA,0603,CELENDIN,060312,LA LIBERTAD DE PALLAN,LA LIBERTAD DE PALLAN,0001,1,INEI,3,0,52,96.15384615384616,100.0,0.0,0.0,35.0,0.00852125879090917,1.2538291045260006e-05,0.9615384615384616,0.32335741954013864,Moderate-High,0.0,1.2538291045260006e-05,0.0,2.5076582090520015e-06,Well-served
06,CAJAMARCA,0613,SANTA CRUZ,061303,CATACHE,CATACHE,0001,1,INEI,6,0,83,80.72289156626506,90.36144578313252,0.0,0.0,0.0,0.005111323585714574,0.0,0.8072289156626506,0.27078007974945506,Moderate-Low,0.0,0.0,0.0,0.0,Well-served
01,AMAZONAS,0105,LUYA,010509,LUYA,LUYA,0001,1,INEI,7,0,23,100.0,100.0,0.0,13.043478260869565,0.0,0.03510121776077347,0.0,1.0,0.34503373925359115,Well-served,0.0,0.0,0.13043478260869565,0.07826086956521738,Well-served
22,SAN MARTIN,2209,SAN MARTIN,220906,EL PORVENIR,PELEJO,0001,1,INEI,3,0,18,66.66666666666667,100.0,0.0,0.0,0.0,0.0029588863985131188,0.0,0.6666666666666667,0.22320851768839328,Moderate-Low,0.0,0.0,0.0,0.0,Well-served
22,SAN MARTIN,2208,RIOJA,220808,YORONGOS,YORONGOS,0001,1,INEI,2,0,13,92.3076923076923,100.0,0.0,23.076923076923077,1.0,0.011798332187330667,3.5823688700742874e-07,0.923076923076923,0.3116252045003802,Moderate-High,0.0,3.5823688700742874e-07,0.23076923076923075,0.13846161010891583,Well-served
22,SAN MARTIN,2205,LAMAS,220503,BARRANQUITA,BARRANQUITA,0001,1,INEI,7,0,32,62.5,100.0,0.0,0.0,852.0,0.0031959887634819945,0.0003052178277303293,0.625,0.20950040219707075,Moderate-Low,0.0,0.0003052178277303293,0.0,6.104356554606586e-05,Well-served
06,CAJAMARCA,0604,CHOTA,060414,PION,PION,0001,1,INEI,4,0,16,93.75,100.0,0.0,0.0,0.0,0.013635667883717553,0.0,0.9375,0.31704522262790585,Moderate-High,0.0,0.0,0.0,0.0,Well-served
01,AMAZONAS,0105,LUYA,010502,CAMPORREDONDO,CAMPORREDONDO,0001,1,INEI,6,0,47,82.97872340425532,100.0,0.0,0.0,0.0,0.01320644370804092,0.0,0.8297872340425532,0.2809978925835313,Moderate-Low,0.0,0.0,0.0,0.0,Well-served
14,LAMBAYEQUE,1402,FERREÑAFE,140203,INCAHUASI,INCAHUASI,0001,1,INEI,2,0,150,47.333333333333336,99.33333333333333,0.0,0.0,0.0,0.0022060144672670706,0.0,0.4733333333333334,0.15851311593353348,Underserved,0.0,0.0,0.0,0.0,Well-served
06,CAJAMARCA,0606,CUTERVO,060604,CUJILLO,CUJILLO,0001,1,INEI,4,0,28,100.0,100.0,0.0,0.0,0.0,0.01949137336133383,0.0,1.0,0.33983045778711124,Well-served,0.0,0.0,0.0,0.0,Well-served
01,AMAZONAS,0106,RODRIGUEZ DE MENDOZA,010608,MILPUC,MILPUC,0001,1,INEI,2,0,19,100.0,100.0,0.0,0.0,0.0,0.022454882259323333,0.0,1.0,0.3408182940864411,Well-served,0.0,0.0,0.0,0.0,Well-served
22,SAN MARTIN,2209,SAN MARTIN,220904,CHAZUTA,CHAZUTA,0001,1,INEI,7,0,75,78.66666666666667,93.33333333333333,0.0,0.0,4388.0,0.003549866883543181,0.0015719434601885974,0.7866666666666667,0.2639294923367995,Moderate-Low,0.0,0.0015719434601885974,0.0,0.00031438869203771953,Well-served
06,CAJAMARCA,0604,CHOTA,060401,CHOTA,CHOTA,0001,1,INEI,34,1,120,100.0,100.0,36.666666666666664,96.66666666666667,24225.0,0.06143584515285863,0.008678288587754962,1.0,0.3567047112468712,Well-served,0.004065607399821527,0.008678288587754962,0.9666666666666667,0.5825487791975152,Well-served
01,AMAZONAS,0103,BONGARA,010306,FLORIDA,FLORIDA (POMACOCHAS),0001,1,INEI,3,0,37,86.48648648648648,100.0,0.0,0.0,0.0,0.006509601834740521,0.0,0.8648648648648648,0.2904581555665351,Moderate-High,0.0,0.0,0.0,0.0,Well-served
16,LORETO,1602,ALTO AMAZONAS,160211,TENIENTE CESAR LOPEZ ROJAS,SHUCUSHUYACU,0001,1,INEI,7,0,34,64.70588235294117,94.11764705882354,0.0,0.0,0.0,0.0025596292886309858,0.0,0.6470588235294117,0.21653948427268088,Moderate-Low,0.0,0.0,0.0,0.0,Well-served
06,CAJAMARCA,0608,JAEN,060807,POMAHUACA,POMAHUACA,0001,1,INEI,5,0,95,65.26315789473684,90.52631578947368,0.0,0.0,1110.0,0.0029597522579977906,0.00039764294457824594,0.6526315789473683,0.21866299138331477,Moderate-Low,0.0,0.00039764294457824594,0.0,7.95285889156492e-05,Well-served
06,CAJAMARCA,0608,JAEN,060804,COLASAY,COLASAY,0001,1,INEI,10,0,137,91.24087591240875,100.0,0.0,0.0,1074.0,0.007970076910471692,0.0003847464166459785,0.9124087591240876,0.3069211941504017,Moderate-High,0.0,0.0003847464166459785,0.0,7.69492833291957e-05,Well-served
06,CAJAMARCA,0608,JAEN,060810,SAN FELIPE,SAN FELIPE,0001,1,INEI,2,0,82,67.07317073170732,100.0,0.0,0.0,169.0,0.003759147210998744,6.054203390425546e-05,0.6707317073170732,0.2248504655206587,Moderate-Low,0.0,6.054203390425546e-05,0.0,1.2108406780851092e-05,Well-served
22,SAN MARTIN,2208,RIOJA,220802,AWAJUN,BAJO NARANJILLO,0001,1,INEI,4,0,23,86.95652173913044,100.0,0.0,0.0,6107.0,0.003808237024366755,0.0021877526689543674,0.8695652173913043,0.2918537356948751,Moderate-High,0.0,0.0021877526689543674,0.0,0.0004375505337908735,Well-served
01,AMAZONAS,0107,UTCUBAMBA,010701,BAGUA GRANDE,BAGUA GRANDE,0001,1,INEI,31,1,136,97.05882352941177,100.0,5.147058823529412,22.794117647058822,75723.0,0.020507933596565726,0.027126771794863527,0.9705882352941176,0.33940764689518227,Well-served,0.0014884790513636414,0.027126771794863527,0.22794117647058823,0.14248775605159836,Well-served
06,CAJAMARCA,0608,JAEN,060801,JAEN,JAEN,0001,1,INEI,22,2,146,96.57534246575342,100.0,30.82191780821918,55.47945205479452,209371.0,0.019019069955346895,0.07500441526963236,0.9657534246575342,0.3532589699608378,Well-served,0.003890264309048229,0.07500441526963236,0.5547945205479452,0.34865564824450324,Well-served
16,LORETO,1602,ALTO AMAZONAS,160201,YURIMAGUAS,YURIMAGUAS,0001,1,INEI,32,1,130,88.46153846153847,100.0,4.615384615384615,28.46153846153846,167885.0,0.006910676536711588,0.060142599775242174,0.8846153846153847,0.3172228869757795,Moderate-High,0.0004859069439875335,0.060142599775242174,0.2846153846153846,0.1828949321130767,Well-served
01,AMAZONAS,0102,BAGUA,010204,EL PARCO,EL PARCO,0001,1,INEI,2,0,12,100.0,100.0,8.333333333333334,100.0,0.0,0.052980657983652396,0.0,1.0,0.35099355266121746,Well-served,0.0,0.0,1.0,0.6,Well-served
06,CAJAMARCA,0608,JAEN,060806,LAS PIRIAS,LAS PIRIAS,0001,1,INEI,2,0,43,100.0,100.0,4.651162790697675,41.86046511627907,275.0,0.014728292963286102,9.85151439270429e-05,1.0,0.33827560270240437,Well-served,0.0,9.85151439270429e-05,0.4186046511627907,0.25118249372645984,Well-served
16,LORETO,1605,REQUENA,160509,TAPICHE,IBERIA,0001,1,INEI,2,0,16,56.25,75.0,0.0,0.0,0.0,0.00046178061997936094,0.0,0.5625,0.18765392687332647,Underserved,0.0,0.0,0.0,0.0,Well-served
16,LORETO,1605,REQUENA,160508,SOPLIN,NUEVA ALEJANDRIA (CURINGA),0001,1,INEI,2,0,14,21.428571428571427,28.571428571428573,0.0,0.0,0.0,0.00020551686056598993,0.0,0.21428571428571427,0.07149707704876009,Underserved,0.0,0.0,0.0,0.0,Well-served
01,AMAZONAS,0102,BAGUA,010203,COPALLIN,COPALLIN,0001,1,INEI,3,0,34,100.0,100.0,0.0,50.0,0.0,0.014591889044326069,0.0,1.0,0.3381972963481087,Well-served,0.0,0.0,0.5,0.3,Well-served
06,CAJAMARCA,0608,JAEN,060805,HUABAL,HUABAL,0001,1,INEI,3,0,31,100.0,100.0,0.0,0.0,367.0,0.017004217139230123,0.00013147293753172634,1.0,0.3390452300255873,Well-served,0.0,0.00013147293753172634,0.0,2.629458750634527e-05,Well-served
22,SAN MARTIN,2201,MOYOBAMBA,220103,HABANA,HABANA,0001,1,INEI,1,0,9,100.0,100.0,11.11111111111111,77.77777777777777,38.0,0.007011522327805488,1.3613001706282293e-05,1.0,0.33567504510983726,Well-served,0.0,1.3613001706282293e-05,0.7777777777777777,0.4666693892670078,Well-served
22,SAN MARTIN,2205,LAMAS,220502,ALONSO DE ALVARADO,ROQUE,0001,1,INEI,5,0,70,87.14285714285714,100.0,0.0,0.0,2178.0,0.008145073377756417,0.0007802399399021798,0.8714285714285714,0.29345129491541,Moderate-High,0.0,0.0007802399399021798,0.0,0.00015604798798043597,Well-served
06,CAJAMARCA,0606,CUTERVO,060608,SAN ANDRES DE CUTERVO,SAN ANDRES DE CUTERVO,0001,1,INEI,4,0,15,100.0,100.0,0.0,0.0,0.0,0.015461896228077468,0.0,1.0,0.33848729874269246,Well-served,0.0,0.0,0.0,0.0,Well-served
01,AMAZONAS,0105,LUYA,010523,TRITA,TRITA,0001,1,INEI,1,0,5,100.0,100.0,0.0,0.0,0.0,0.037262847328388894,0.0,1.0,0.34575428244279627,Well-served,0.0,0.0,0.0,0.0,Well-served
14,LAMBAYEQUE,1403,LAMBAYEQUE,140304,JAYANCA,JAYANCA,0001,1,INEI,2,0,76,78.94736842105263,88.15789473684211,0.0,0.0,0.0,0.0013954515166981268,0.0,0.7894736842105263,0.26362304524240815,Moderate-Low,0.0,0.0,0.0,0.0,Well-served
01,AMAZONAS,0105,LUYA,010512,OCALLI,OCALLI,0001,1,INEI,5,0,49,97.95918367346938,100.0,0.0,0.0,0.0,0.014006073000172429,0.0,0.9795918367346939,0.3311993032449554,Moderate-High,0.0,0.0,0.0,0.0,Well-served
01,AMAZONAS,0101,CHACHAPOYAS,010114,MOLINOPAMPA,MOLINOPAMPA,0001,1,INEI,3,0,34,70.58823529411765,100.0,0.0,0.0,0.0,0.00425005466324408,0.0,0.7058823529411765,0.23671080253480684,Moderate-Low,0.0,0.0,0.0,0.0,Well-served
14,LAMBAYEQUE,1403,LAMBAYEQUE,140302,CHOCHOPE,CHOCHOPE,0001,1,INEI,1,0,24,83.33333333333333,100.0,0.0,0.0,0.0,0.006207236211972328,0.0,0.8333333333333333,0.2798468565151018,Moderate-Low,0.0,0.0,0.0,0.0,Well-served
01,AMAZONAS,0101,CHACHAPOYAS,010121,SONCHE,SAN JUAN DE SONCHE,0001,1,INEI,2,0,20,100.0,100.0,0.0,30.0,0.0,0.00802310266734304,0.0,1.0,0.3360077008891143,Well-served,0.0,0.0,0.3,0.18,Well-served
22,SAN MARTIN,2201,MOYOBAMBA,220105,SORITOR,SORITOR,0001,1,INEI,5,0,57,77.19298245614036,98.24561403508773,0.0,0.0,23898.0,0.004133934065648212,0.008561145125703532,0.7719298245614036,0.2615416345842517,Moderate-Low,0.0,0.008561145125703532,0.0,0.0017122290251407064,Well-served
06,CAJAMARCA,0606,CUTERVO,060609,SAN JUAN DE CUTERVO,SAN JUAN DE CUTERVO,0001,1,INEI,5,0,34,100.0,100.0,0.0,0.0,0.0,0.03526416794127714,0.0,1.0,0.3450880559804257,Well-served,0.0,0.0,0.0,0.0,Well-served
16,LORETO,1605,REQUENA,160504,EMILIO SAN MARTIN,TAMANCO,0001,1,INEI,2,0,53,15.09433962264151,58.490566037735846,0.0,0.0,0.0,0.0002081138582859926,0.0,0.1509433962264151,0.05038383669490036,Underserved,0.0,0.0,0.0,0.0,Well-served
16,LORETO,1602,ALTO AMAZONAS,160210,SANTA CRUZ,SANTA CRUZ,0001,1,INEI,8,0,51,74.50980392156863,96.07843137254902,0.0,0.0,0.0,0.0017007505314790682,0.0,0.7450980392156863,0.24893292991572177,Moderate-Low,0.0,0.0,0.0,0.0,Well-served
22,SAN MARTIN,2208,RIOJA,220805,PARDO MIGUEL,NARANJOS,0001,1,INEI,9,0,57,77.19298245614036,91.2280701754386,0.0,0.0,13359.0,0.0037217329746368137,0.004785686573532241,0.7719298245614036,0.2601457480365242,Moderate-Low,0.0,0.004785686573532241,0.0,0.0009571373147064482,Well-served
01,AMAZONAS,0102,BAGUA,010202,ARAMANGO,ARAMANGO,0001,1,INEI,18,0,103,80.58252427184466,99.02912621359224,0.0,0.0,0.0,0.010577347178815404,0.0,0.8058252427184466,0.27213419663242067,Moderate-Low,0.0,0.0,0.0,0.0,Well-served
16,LORETO,1605,REQUENA,160503,CAPELO,FLOR DE PUNGA,0001,1,INEI,2,0,16,31.25,87.5,0.0,0.0,0.0,0.0012055525928610067,0.0,0.3125,0.10456851753095366,Underserved,0.0,0.0,0.0,0.0,Well-served
01,AMAZONAS,0103,BONGARA,010312,YAMBRASBAMBA,YAMBRASBAMBA,0001,1,INEI,6,0,58,53.44827586206897,82.75862068965517,0.0,0.0,0.0,0.0017213618705545083,0.0,0.5344827586206897,0.17873470683041473,Underserved,0.0,0.0,0.0,0.0,Well-served
16,LORETO,1605,REQUENA,160506,PUINAHUA,BRETAÑA,0001,1,INEI,4,0,25,32.0,96.0,0.0,0.0,0.0,0.0003073072267451555,0.0,0.32,0.10676910240891505,Underserved,0.0,0.0,0.0,0.0,Well-served
06,CAJAMARCA,0604,CHOTA,060417,TACABAMBA,TACABAMBA,0001,1,INEI,13,0,83,100.0,100.0,0.0,0.0,0.0,0.032386542932336844,0.0,1.0,0.3441288476441123,Well-served,0.0,0.0,0.0,0.0,Well-served
06,CAJAMARCA,0604,CHOTA,060409,HUAMBOS,HUAMBOS,0001,1,INEI,8,0,79,96.20253164556962,100.0,0.0,0.0,0.0,0.015671571797076993,0.0,0.9620253164556962,0.3258989627509244,Moderate-High,0.0,0.0,0.0,0.0,Well-served
22,SAN MARTIN,2209,SAN MARTIN,220907,HUIMBAYOC,HUIMBAYOC,0001,1,INEI,10,0,21,100.0,100.0,0.0,0.0,1593.0,0.0028175780265884487,0.000570671361002834,1.0,0.33446274979586377,Well-served,0.0,0.000570671361002834,0.0,0.0001141342722005668,Well-served
22,SAN MARTIN,2204,HUALLAGA,220402,ALTO SAPOSOA,PASARRAYA,0001,1,INEI,4,0,27,66.66666666666667,74.07407407407408,0.0,0.0,0.0,0.0014001413677202882,0.0,0.6666666666666667,0.22268893601146234,Moderate-Low,0.0,0.0,0.0,0.0,Well-served
01,AMAZONAS,0105,LUYA,010522,TINGO,TINGO,0001,1,INEI,3,0,28,100.0,100.0,0.0,0.0,0.0,0.013260968473529002,0.0,1.0,0.337753656157843,Well-served,0.0,0.0,0.0,0.0,Well-served
01,AMAZONAS,0106,RODRIGUEZ DE MENDOZA,010609,OMIA,OMIA,0001,1,INEI,4,0,60,90.0,100.0,0.0,20.0,0.0,0.008568634665362833,0.0,0.9,0.30285621155512094,Moderate-High,0.0,0.0,0.2,0.12,Well-served
22,SAN MARTIN,2209,SAN MARTIN,220905,CHIPURANA,NAVARRO,0001,1,INEI,3,0,14,92.85714285714286,100.0,0.0,0.0,0.0,0.004733641691440086,0.0,0.9285714285714286,0.3111016900876229,Moderate-High,0.0,0.0,0.0,0.0,Well-served
22,SAN MARTIN,2205,LAMAS,220501,LAMAS,LAMAS,0001,1,INEI,6,1,26,100.0,100.0,46.15384615384615,100.0,35250.0,0.022339381438403305,0.012627850267011863,1.0,0.3449890772351384,Well-served,0.00837726803940124,0.012627850267011863,1.0,0.6042010236612826,Well-served
01,AMAZONAS,0101,CHACHAPOYAS,010119,SAN ISIDRO DE MAINO,MAINO,0001,1,INEI,1,0,91,46.15384615384615,97.8021978021978,0.0,6.593406593406593,0.0,0.004465280556092901,0.0,0.4615384615384615,0.1553345806981848,Underserved,0.0,0.0,0.06593406593406594,0.03956043956043956,Well-served
01,AMAZONAS,0103,BONGARA,010307,JAZAN,PEDRO RUIZ GALLO,0001,1,INEI,1,0,62,96.7741935483871,100.0,0.0,0.0,207.0,0.0063594057015769305,7.415503561053775e-05,0.967741935483871,0.32472516540701946,Moderate-High,0.0,7.415503561053775e-05,0.0,1.4831007122107551e-05,Well-served
06,CAJAMARCA,0606,CUTERVO,060615,TORIBIO CASANOVA,LA SACILIA,0001,1,INEI,2,0,33,100.0,100.0,0.0,0.0,0.0,0.007440280370185554,0.0,1.0,0.3358134267900618,Well-served,0.0,0.0,0.0,0.0,Well-served
01,AMAZONAS,0103,BONGARA,010308,RECTA,RECTA,0001,1,INEI,1,0,29,100.0,100.0,0.0,0.0,0.0,0.017182553692414657,0.0,1.0,0.33906085123080487,Well-served,0.0,0.0,0.0,0.0,Well-served
22,SAN MARTIN,2208,RIOJA,220809,YURACYACU,YURACYACU,0001,1,INEI,1,0,8,100.0,100.0,0.0,0.0,1774.0,0.007770935335306102,0.0006355122375511786,1.0,0.33613548252428577,Well-served,0.0,0.0006355122375511786,0.0,0.0001271024475102357,Well-served
16,LORETO,1606,UCAYALI,160605,SARAYACU,DOS DE MAYO,0001,1,INEI,11,0,89,40.449438202247194,83.14606741573034,0.0,0.0,0.0,0.00085011016352368,0.0,0.40449438202247195,0.1351148307286652,Underserved,0.0,0.0,0.0,0.0,Well-served
01,AMAZONAS,0103,BONGARA,010305,CUISPES,CUISPES,0001,1,INEI,0,0,42,64.28571428571429,100.0,0.0,0.0,0.0,0.0,0.0,0.6428571428571429,0.2142857142857143,Moderate-Low,0.0,0.0,0.0,0.0,Well-served
01,AMAZONAS,0103,BONGARA,010310,SHIPASBAMBA,SHIPASBAMBA,0001,1,INEI,1,0,20,85.0,100.0,0.0,0.0,0.0,0.00384280911912744,0.0,0.85,0.2846142697063758,Moderate-High,0.0,0.0,0.0,0.0,Well-served
01,AMAZONAS,0103,BONGARA,010302,CHISQUILLA,CHISQUILLA,0001,1,INEI,1,0,44,59.09090909090909,100.0,0.0,0.0,0.0,0.0029788051047461832,0.0,0.5909090909090909,0.19796263200461237,Moderate-Low,0.0,0.0,0.0,0.0,Well-served
01,AMAZONAS,0103,BONGARA,010301,JUMBILLA,JUMBILLA,0001,1,INEI,3,0,40,55.0,100.0,0.0,0.0,0.0,0.009113503744486193,0.0,0.55,0.18637116791482874,Underserved,0.0,0.0,0.0,0.0,Well-served
22,SAN MARTIN,2208,RIOJA,220804,NUEVA CAJAMARCA,NUEVA CAJAMARCA,0001,1,INEI,12,0,46,95.65217391304348,100.0,0.0,0.0,48320.0,0.01732259231562014,0.01731000638019896,0.9565217391304348,0.33038477927541793,Moderate-High,0.0,0.01731000638019896,0.0,0.003462001276039792,Well-served
06,CAJAMARCA,0606,CUTERVO,060603,CHOROS,CHOROS,0001,1,INEI,5,0,41,92.6829268292683,100.0,0.0,0.0,0.0,0.009276769968555853,0.0,0.926829268292683,0.3120353460870796,Moderate-High,0.0,0.0,0.0,0.0,Well-served
06,CAJAMARCA,0603,CELENDIN,060301,CELENDIN,CELENDIN,0001,1,INEI,5,1,82,76.82926829268293,97.5609756097561,36.58536585365854,59.75609756097561,24508.0,0.005973230902528413,0.008779669626778064,0.7682926829268293,0.2610151944853786,Moderate-Low,0.0026879539061377858,0.008779669626778064,0.5975609756097561,0.3608301100724368,Well-served
14,LAMBAYEQUE,1402,FERREÑAFE,140206,PUEBLO NUEVO,PUEBLO NUEVO,0001,1,INEI,1,0,15,100.0,100.0,46.666666666666664,100.0,0.0,0.015403159527608972,0.0,1.0,0.3384677198425363,Well-served,0.0,0.0,1.0,0.6,Well-served
01,AMAZONAS,0105,LUYA,010513,OCUMAL,COLLONCE,0001,1,INEI,8,0,52,90.38461538461539,100.0,0.0,0.0,0.0,0.010589515486318316,0.0,0.9038461538461539,0.3048118897774907,Moderate-High,0.0,0.0,0.0,0.0,Well-served
01,AMAZONAS,0101,CHACHAPOYAS,010120,SOLOCO,SOLOCO,0001,1,INEI,1,0,16,56.25,93.75,0.0,0.0,0.0,0.006448531351187504,0.0,0.5625,0.18964951045039583,Underserved,0.0,0.0,0.0,0.0,Well-served
06,CAJAMARCA,0613,SANTA CRUZ,061301,SANTA CRUZ,SANTA CRUZ DE SUCCHABAMBA,0001,1,INEI,5,0,57,98.24561403508773,100.0,0.0,0.0,0.0,0.022855224815291498,0.0,0.9824561403508772,0.3351037883887229,Well-served,0.0,0.0,0.0,0.0,Well-served
01,AMAZONAS,0101,CHACHAPOYAS,010115,MONTEVIDEO,MONTEVIDEO,0001,1,INEI,1,0,19,94.73684210526316,94.73684210526316,0.0,0.0,0.0,0.003924429662915512,0.0,0.9473684210526316,0.31709761690518234,Moderate-High,0.0,0.0,0.0,0.0,Well-served
06,CAJAMARCA,0613,SANTA CRUZ,061310,UTICYACU,UTICYACU,0001,1,INEI,3,0,13,100.0,100.0,0.0,0.0,0.0,0.03332983984389592,0.0,1.0,0.3444432799479653,Well-served,0.0,0.0,0.0,0.0,Well-served
06,CAJAMARCA,0613,SANTA CRUZ,061305,LA ESPERANZA,LA ESPERANZA,0001,1,INEI,3,0,35,100.0,100.0,0.0,0.0,0.0,0.024166550636787958,0.0,1.0,0.3413888502122626,Well-served,0.0,0.0,0.0,0.0,Well-served
14,LAMBAYEQUE,1402,FERREÑAFE,140201,FERREÑAFE,FERREÑAFE,0001,1,INEI,2,1,27,100.0,100.0,66.66666666666667,100.0,22245.0,0.015931916857258997,0.007968979551480253,1.0,0.34130029880291307,Well-served,0.017923406464416373,0.007968979551480253,1.0,0.6051784772031793,Well-served
06,CAJAMARCA,0603,CELENDIN,060307,MIGUEL IGLESIAS,CHALAN,0001,1,INEI,5,0,28,89.28571428571429,100.0,0.0,0.0,0.0,0.009171608425546013,0.0,0.8928571428571429,0.30067625042756296,Moderate-High,0.0,0.0,0.0,0.0,Well-served
06,CAJAMARCA,0607,HUALGAYOC,060701,BAMBAMARCA,BAMBAMARCA,0001,1,INEI,31,1,227,100.0,100.0,23.348017621145374,55.947136563876654,13449.0,0.032910286107271286,0.004817927893362909,1.0,0.34590940466687803,Well-served,0.0023886497981084,0.004817927893362909,0.5594713656387665,0.33712413492155413,Well-served
14,LAMBAYEQUE,1402,FERREÑAFE,140204,MANUEL ANTONIO MESONES MURO,MANUEL ANTONIO MESONES MURO,0001,1,INEI,1,0,43,90.69767441860465,100.0,18.6046511627907,97.67441860465117,0.0,0.0022913065071373745,0.0,0.9069767441860465,0.30308935023106126,Moderate-High,0.0,0.0,0.9767441860465117,0.586046511627907,Well-served
22,SAN MARTIN,2209,SAN MARTIN,220908,JUAN GUERRA,JUAN GUERRA,0001,1,INEI,1,0,39,79.48717948717949,100.0,0.0,23.076923076923077,511.0,0.002512018081250725,0.0001830590492607961,0.7948717948717949,0.2658556240007688,Moderate-Low,0.0,0.0001830590492607961,0.23076923076923075,0.1384981502713906,Well-served
01,AMAZONAS,0101,CHACHAPOYAS,010113,MARISCAL CASTILLA,DURAZNOPAMPA,0001,1,INEI,4,0,74,70.27027027027027,100.0,0.0,0.0,0.0,0.024455796284648057,0.0,0.7027027027027027,0.24238616632911691,Moderate-Low,0.0,0.0,0.0,0.0,Well-served
22,SAN MARTIN,2206,MARISCAL CACERES,220604,PACHIZA,PACHIZA,0001,1,INEI,5,0,73,78.08219178082192,98.63013698630137,0.0,0.0,0.0,0.0013399487590227072,0.0,0.7808219178082192,0.2607206221890806,Moderate-Low,0.0,0.0,0.0,0.0,Well-served
22,SAN MARTIN,2203,EL DORADO,220301,SAN JOSE DE SISA,SAN JOSE DE SISA,0001,1,INEI,5,0,31,96.7741935483871,100.0,0.0,0.0,16725.0,0.007817535507604396,0.005991511935199246,0.967741935483871,0.3271836609755582,Moderate-High,0.0,0.005991511935199246,0.0,0.0011983023870398492,Well-served
14,LAMBAYEQUE,1403,LAMBAYEQUE,140305,MOCHUMI,MOCHUMI,0001,1,INEI,5,0,48,100.0,100.0,0.0,8.333333333333334,0.0,0.023350849095336138,0.0,1.0,0.34111694969844536,Well-served,0.0,0.0,0.08333333333333334,0.05,Well-served
01,AMAZONAS,0105,LUYA,010503,COCABAMBA,COCABAMBA,0001,1,INEI,2,0,120,33.333333333333336,80.0,0.0,0.0,0.0,0.0028134923029451303,0.0,0.33333333333333337,0.1120489418787595,Underserved,0.0,0.0,0.0,0.0,Well-served
01,AMAZONAS,0105,LUYA,010521,SANTO TOMAS,SANTO TOMAS,0001,1,INEI,2,0,157,74.52229299363057,100.0,0.0,0.0,0.0,0.01071345396044492,0.0,0.7452229299363057,0.2519787946322502,Moderate-Low,0.0,0.0,0.0,0.0,Well-served
06,CAJAMARCA,0613,SANTA CRUZ,061309,SEXI,SEXI,0001,1,INEI,1,0,41,65.85365853658537,100.0,0.0,0.0,0.0,0.0025197231373210293,0.0,0.6585365853658537,0.22035210283439155,Moderate-Low,0.0,0.0,0.0,0.0,Well-served
06,CAJAMARCA,0613,SANTA CRUZ,061304,CHANCAYBAÑOS,CHANCAYBAÑOS,0001,1,INEI,6,0,34,100.0,100.0,0.0,0.0,0.0,0.022594307482050782,0.0,1.0,0.3408647691606836,Well-served,0.0,0.0,0.0,0.0,Well-served
06,CAJAMARCA,0604,CHOTA,060408,CONCHAN,CONCHAN,0001,1,INEI,6,0,45,100.0,100.0,0.0,6.666666666666667,0.0,0.01888174057725867,0.0,1.0,0.3396272468590862,Well-served,0.0,0.0,0.06666666666666667,0.04,Well-served
14,LAMBAYEQUE,1403,LAMBAYEQUE,140303,ILLIMO,ILLIMO,0001,1,INEI,2,0,26,100.0,100.0,0.0,0.0,0.0,0.03990129373783349,0.0,1.0,0.3466337645792778,Well-served,0.0,0.0,0.0,0.0,Well-served
22,SAN MARTIN,2205,LAMAS,220511,ZAPATERO,ZAPATERO,0001,1,INEI,9,0,27,100.0,100.0,0.0,14.814814814814815,0.0,0.02489200984858605,0.0,1.0,0.3416306699495287,Well-served,0.0,0.0,0.14814814814814814,0.08888888888888888,Well-served
06,CAJAMARCA,0604,CHOTA,060419,CHALAMARCA,CHALAMARCA,0001,1,INEI,12,0,42,100.0,100.0,0.0,7.142857142857143,0.0,0.032550770379542814,0.0,1.0,0.3441835901265142,Well-served,0.0,0.0,0.07142857142857144,0.042857142857142864,Well-served
22,SAN MARTIN,2209,SAN MARTIN,220910,MORALES,MORALES,0001,1,INEI,2,0,37,97.29729729729729,100.0,24.324324324324323,89.1891891891892,41784.0,0.019054239125641265,0.014968570086718404,0.9729729729729729,0.33566526072844416,Well-served,0.0,0.014968570086718404,0.8918918918918919,0.5381288491524788,Well-served
01,AMAZONAS,0106,RODRIGUEZ DE MENDOZA,010610,SANTA ROSA,SANTA ROSA DE HUAYABAMBA,0001,1,INEI,1,0,11,100.0,100.0,0.0,100.0,0.0,0.02384314519418923,0.0,1.0,0.34128104839806306,Well-served,0.0,0.0,1.0,0.6,Well-served
16,LORETO,1601,MAYNAS,160112,BELEN,BELEN,0001,1,INEI,9,1,63,79.36507936507937,100.0,23.80952380952381,57.142857142857146,0.0,0.006646921713282303,0.0,0.7936507936507937,0.2667659051213586,Moderate-Low,0.0016617304283205758,0.0,0.5714285714285715,0.34318948894280704,Well-served
24,TUMBES,2401,TUMBES,240106,SAN JUAN DE LA VIRGEN,SAN JUAN DE LA VIRGEN,0001,1,INEI,3,0,9,66.66666666666667,77.77777777777777,0.0,55.55555555555556,0.0,0.012477920417342199,0.0,0.6666666666666667,0.22638152902800296,Moderate-Low,0.0,0.0,0.5555555555555556,0.3333333333333333,Well-served
24,TUMBES,2401,TUMBES,240102,CORRALES,SAN PEDRO DE LOS INCAS,0001,1,INEI,4,0,22,95.45454545454545,100.0,50.0,90.9090909090909,5682.0,0.014918217810386296,0.0020355019919762103,0.9545454545454546,0.323833058115939,Moderate-High,0.0,0.0020355019919762103,0.9090909090909091,0.5458616458529406,Well-served
24,TUMBES,2403,ZARUMILLA,240304,PAPAYAL,PAPAYAL,0001,1,INEI,5,0,27,51.851851851851855,70.37037037037037,0.0,0.0,27.0,0.011827752647568562,9.672395949200576e-06,0.5185185185185186,0.17678531452067878,Underserved,0.0,9.672395949200576e-06,0.0,1.9344791898401153e-06,Well-served
24,TUMBES,2401,TUMBES,240101,TUMBES,TUMBES,0001,1,INEI,13,4,23,95.65217391304348,100.0,56.52173913043478,100.0,379532.0,0.041069637736229556,0.13596236219970345,0.9565217391304348,0.3778512463554559,Well-served,0.028432826125082,0.13596236219970345,1.0,0.6328790376649571,Well-served
24,TUMBES,2403,ZARUMILLA,240302,AGUAS VERDES,AGUAS VERDES,0001,1,INEI,4,0,17,76.47058823529412,88.23529411764706,0.0,0.0,3074.0,0.04032167436466295,0.001101220190660836,0.7647058823529411,0.268709592302755,Moderate-Low,0.0,0.001101220190660836,0.0,0.0002202440381321672,Well-served
16,LORETO,1601,MAYNAS,160104,INDIANA,INDIANA,0001,1,INEI,5,0,64,40.625,81.25,0.0,0.0,0.0,0.0007165205312380723,0.0,0.40625,0.13565550684374603,Underserved,0.0,0.0,0.0,0.0,Well-served
24,TUMBES,2403,ZARUMILLA,240301,ZARUMILLA,ZARUMILLA,0001,1,INEI,2,0,8,87.5,100.0,0.0,0.0,10708.0,0.008518352836975995,0.003836000586075547,0.875,0.29578478447435047,Moderate-High,0.0,0.003836000586075547,0.0,0.0007672001172151095,Well-served
16,LORETO,1601,MAYNAS,160108,PUNCHANA,PUNCHANA,0001,1,INEI,13,2,60,81.66666666666667,96.66666666666667,15.0,35.0,494182.0,0.003914076056599535,0.17703422129510515,0.8166666666666668,0.33253832133945715,Moderate-High,0.0013548724811306082,0.17703422129510515,0.35,0.24567781875524713,Well-served
22,SAN MARTIN,2208,RIOJA,220807,SAN FERNANDO,SAN FERNANDO,0001,1,INEI,2,0,12,100.0,100.0,0.0,0.0,1788.0,0.013953498086324147,0.0006405275539692827,1.0,0.33819800854676446,Well-served,0.0,0.0006405275539692827,0.0,0.00012810551079385653,Well-served
01,AMAZONAS,0107,UTCUBAMBA,010702,CAJARURO,CAJARURO,0001,1,INEI,29,0,148,81.08108108108108,97.97297297297297,4.054054054054054,12.162162162162161,0.0,0.007762057474213866,0.0,0.8108108108108109,0.2728576227616749,Moderate-Low,0.0,0.0,0.12162162162162161,0.07297297297297296,Well-served
24,TUMBES,2402,CONTRALMIRANTE VILLAR,240203,CANOAS DE PUNTA SAL,CANCAS,0001,1,INEI,3,0,41,53.65853658536585,78.04878048780488,0.0,0.0,0.0,0.002298490633845907,0.0,0.5365853658536586,0.1796279521625015,Underserved,0.0,0.0,0.0,0.0,Well-served
16,LORETO,1603,LORETO,160301,NAUTA,NAUTA,0001,1,INEI,10,0,194,30.927835051546392,72.16494845360825,0.0,0.0,2814.0,0.0007140835525541879,0.0010080786000389046,0.30927835051546393,0.10366683755601899,Underserved,0.0,0.0010080786000389046,0.0,0.00020161572000778092,Well-served
24,TUMBES,2402,CONTRALMIRANTE VILLAR,240202,CASITAS,CAÑAVERAL,0001,1,INEI,3,0,39,41.02564102564103,64.1025641025641,0.0,0.0,5.0,0.00167694746017381,1.7911844350371437e-06,0.4102564102564103,0.13731171630033973,Underserved,0.0,1.7911844350371437e-06,0.0,3.582368870074288e-07,Well-served
16,LORETO,1601,MAYNAS,160103,FERNANDO LORES,TAMSHIYACU,0001,1,INEI,11,0,154,59.09090909090909,87.66233766233766,0.0,0.0,0.0,0.0011617870468522361,0.0,0.5909090909090909,0.19735695931864772,Moderate-Low,0.0,0.0,0.0,0.0,Well-served
16,LORETO,1604,MARISCAL RAMON CASTILLA,160404,SAN PABLO,SAN PABLO DE LORETO,0001,1,INEI,3,0,56,28.571428571428573,51.785714285714285,0.0,0.0,0.0,0.0002839258318977336,0.0,0.28571428571428575,0.09533273718206116,Underserved,0.0,0.0,0.0,0.0,Well-served
16,LORETO,1604,MARISCAL RAMON CASTILLA,160401,RAMON CASTILLA,CABALLOCOCHA,0001,1,INEI,7,0,111,25.225225225225227,59.45945945945946,0.0,0.0,0.0,0.0004903328574474676,0.0,0.2522522522522523,0.08424752836989992,Underserved,0.0,0.0,0.0,0.0,Well-served
16,LORETO,1607,DATEM DEL MARAÑON,160705,PASTAZA,ULLPAYACU,0001,1,INEI,8,0,89,30.337078651685392,61.79775280898876,0.0,0.0,0.0,0.00042424579706068315,0.0,0.3033707865168539,0.10126501077130486,Underserved,0.0,0.0,0.0,0.0,Well-served
16,LORETO,1601,MAYNAS,160105,LAS AMAZONAS,FRANCISCO DE ORELLANA,0001,1,INEI,5,0,81,40.74074074074074,70.37037037037037,0.0,0.0,0.0,0.0003586316157307493,0.0,0.4074074074074074,0.1359220130077127,Underserved,0.0,0.0,0.0,0.0,Well-served
16,LORETO,1604,MARISCAL RAMON CASTILLA,160402,PEBAS,PEBAS,0001,1,INEI,7,0,91,40.65934065934066,67.03296703296704,0.0,0.0,0.0,0.0003001573262989763,0.0,0.4065934065934066,0.13563118797323517,Underserved,0.0,0.0,0.0,0.0,Well-served
16,LORETO,1607,DATEM DEL MARAÑON,160704,MORONA,PUERTO ALEGRIA,0001,1,INEI,9,0,81,23.45679012345679,53.08641975308642,0.0,0.0,0.0,0.00039327618917989307,0.0,0.23456790123456792,0.0783203924745826,Underserved,0.0,0.0,0.0,0.0,Well-served
06,CAJAMARCA,0609,SAN IGNACIO,060902,CHIRINOS,CHIRINOS,0001,1,INEI,8,0,82,89.02439024390245,100.0,0.0,0.0,0.0,0.010788208411292301,0.0,0.8902439024390244,0.3003440369501056,Moderate-High,0.0,0.0,0.0,0.0,Well-served
06,CAJAMARCA,0609,SAN IGNACIO,060907,TABACONAS,TABACONAS,0001,1,INEI,6,0,104,53.84615384615385,99.03846153846153,0.0,0.0,343.0,0.003721107255034271,0.00012287525224354806,0.5384615384615384,0.1807685069896054,Underserved,0.0,0.00012287525224354806,0.0,2.4575050448709613e-05,Well-served
06,CAJAMARCA,0609,SAN IGNACIO,060901,SAN IGNACIO,SAN IGNACIO,0001,1,INEI,15,0,99,92.92929292929293,100.0,0.0,0.0,9644.0,0.020215827770991172,0.003454836538299643,0.9292929292929293,0.31765453120074,Moderate-High,0.0,0.003454836538299643,0.0,0.0006909673076599286,Well-served
06,CAJAMARCA,0609,SAN IGNACIO,060905,NAMBALLE,NAMBALLE,0001,1,INEI,9,0,39,79.48717948717949,100.0,0.0,0.0,0.0,0.0068282050975733205,0.0,0.7948717948717949,0.2672333333231227,Moderate-Low,0.0,0.0,0.0,0.0,Well-served
06,CAJAMARCA,0609,SAN IGNACIO,060906,SAN JOSE DE LOURDES,SAN JOSE DE LOURDES,0001,1,INEI,14,0,95,75.78947368421052,100.0,0.0,0.0,0.0,0.004952979304837614,0.0,0.7578947368421052,0.2542825720489809,Moderate-Low,0.0,0.0,0.0,0.0,Well-served
06,CAJAMARCA,0609,SAN IGNACIO,060903,HUARANGO,HUARANGO,0001,1,INEI,13,0,92,82.6086956521739,100.0,0.0,0.0,0.0,0.006923013351092588,0.0,0.826086956521739,0.2776699899576105,Moderate-Low,0.0,0.0,0.0,0.0,Well-served
01,AMAZONAS,0102,BAGUA,010205,IMAZA,CHIRIACO,0001,1,INEI,39,0,153,84.9673202614379,95.42483660130719,0.0,0.0,0.0,0.004093910884752758,0.0,0.8496732026143791,0.2845890378330439,Moderate-High,0.0,0.0,0.0,0.0,Well-served
01,AMAZONAS,0104,CONDORCANQUI,010402,EL CENEPA,HUAMPAMI,0001,1,INEI,11,0,92,35.869565217391305,58.69565217391305,0.0,0.0,0.0,0.0009439758146382434,0.0,0.358695652173913,0.11987987599618376,Underserved,0.0,0.0,0.0,0.0,Well-served
01,AMAZONAS,0104,CONDORCANQUI,010403,RIO SANTIAGO,PUERTO GALILEA,0001,1,INEI,13,0,96,35.416666666666664,61.458333333333336,0.0,0.0,0.0,0.0007756035135922267,0.0,0.35416666666666663,0.11831409006008628,Underserved,0.0,0.0,0.0,0.0,Well-served
20,PIURA,2004,MORROPON,200407,SAN JUAN DE BIGOTE,BIGOTE,0001,1,INEI,3,0,33,90.9090909090909,100.0,0.0,0.0,0.0,0.0057474636106495695,0.0,0.9090909090909091,0.30494612423385287,Moderate-High,0.0,0.0,0.0,0.0,Well-served
20,PIURA,2004,MORROPON,200402,BUENOS AIRES,BUENOS AIRES,0001,1,INEI,5,0,30,80.0,100.0,0.0,0.0,0.0,0.009683164612276493,0.0,0.8,0.2698943882040922,Moderate-Low,0.0,0.0,0.0,0.0,Well-served
20,PIURA,2003,HUANCABAMBA,200302,CANCHAQUE,CANCHAQUE,0001,1,INEI,7,0,80,93.75,100.0,0.0,0.0,0.0,0.010782432723301734,0.0,0.9375,0.3160941442411006,Moderate-High,0.0,0.0,0.0,0.0,Well-served
20,PIURA,2004,MORROPON,200404,LA MATANZA,LA MATANZA,0001,1,INEI,6,0,47,55.319148936170215,85.1063829787234,0.0,0.0,0.0,0.0027781476358882426,0.0,0.5531914893617021,0.1853232123325301,Underserved,0.0,0.0,0.0,0.0,Well-served
20,PIURA,2001,PIURA,200105,CATACAOS,CATACAOS,0001,1,INEI,12,0,66,71.21212121212122,72.72727272727273,1.5151515151515151,30.303030303030305,8172.0,0.0025328947978869734,0.0029275118406247077,0.7121212121212122,0.23919387291990793,Moderate-Low,0.0,0.0029275118406247077,0.30303030303030304,0.18240368418630676,Well-served
20,PIURA,2001,PIURA,200115,VEINTISEIS DE OCTUBRE,SAN MARTIN,0001,1,INEI,7,1,7,100.0,100.0,100.0,100.0,76096.0,0.04686680834922366,0.0272603941537173,1.0,0.35804240083431366,Well-served,0.015064331255107605,0.0272603941537173,1.0,0.608464945081765,Well-served
20,PIURA,2003,HUANCABAMBA,200305,LALAQUIZ,TUNAL,0001,1,INEI,6,0,55,100.0,100.0,0.0,0.0,0.0,0.01973364643600405,0.0,1.0,0.339911215478668,Well-served,0.0,0.0,0.0,0.0,Well-served
20,PIURA,2004,MORROPON,200408,SANTA CATALINA DE MOSSA,PALTASHACO,0001,1,INEI,5,0,40,100.0,100.0,0.0,0.0,0.0,0.029819182572718032,0.0,1.0,0.34327306085757264,Well-served,0.0,0.0,0.0,0.0,Well-served
20,PIURA,2004,MORROPON,200410,YAMANGO,YAMANGO,0001,1,INEI,6,0,87,100.0,100.0,0.0,0.0,0.0,0.013170011483283518,0.0,1.0,0.3377233371610945,Well-served,0.0,0.0,0.0,0.0,Well-served
20,PIURA,2004,MORROPON,200405,MORROPON,MORROPON,0001,1,INEI,7,0,35,100.0,100.0,0.0,0.0,0.0,0.019487216109575455,0.0,1.0,0.3398290720365251,Well-served,0.0,0.0,0.0,0.0,Well-served
20,PIURA,2003,HUANCABAMBA,200301,HUANCABAMBA,HUANCABAMBA,0001,1,INEI,9,0,90,97.77777777777777,100.0,0.0,0.0,1.0,0.009747825437587267,3.5823688700742874e-07,0.9777777777777777,0.329175320484084,Moderate-High,0.0,3.5823688700742874e-07,0.0,7.164737740148575e-08,Well-served
20,PIURA,2004,MORROPON,200403,CHALACO,CHALACO,0001,1,INEI,7,0,81,100.0,100.0,0.0,0.0,0.0,0.022521909764738914,0.0,1.0,0.34084063658824626,Well-served,0.0,0.0,0.0,0.0,Well-served
20,PIURA,2001,PIURA,200101,PIURA,PIURA,0001,1,INEI,10,1,40,92.5,100.0,42.5,55.0,367008.0,0.024583194944956723,0.1314758034268224,0.925,0.36035299945725974,Well-served,0.005531218862615263,0.1314758034268224,0.55,0.35740140445788754,Well-served
20,PIURA,2001,PIURA,200104,CASTILLA,CASTILLA,0001,1,INEI,17,2,36,86.11111111111111,97.22222222222223,33.333333333333336,55.55555555555556,204707.0,0.012489461480568082,0.07333359842862971,0.8611111111111112,0.3156447236734363,Moderate-High,0.003306033921326845,0.07333359842862971,0.5555555555555556,0.34866125980332463,Well-served
20,PIURA,2004,MORROPON,200409,SANTO DOMINGO,SANTO DOMINGO,0001,1,INEI,5,0,61,96.72131147540983,100.0,0.0,0.0,0.0,0.012644935312316268,0.0,0.9672131147540983,0.32661935002213816,Moderate-High,0.0,0.0,0.0,0.0,Well-served
20,PIURA,2004,MORROPON,200401,CHULUCANAS,CHULUCANAS,0001,1,INEI,11,1,121,72.72727272727273,92.56198347107438,7.43801652892562,46.28099173553719,44283.0,0.00630828544795432,0.015863804067349968,0.7272727272727273,0.24981493892934387,Moderate-Low,0.0012903311143542926,0.015863804067349968,0.4628099173553719,0.281116777449564,Well-served
20,PIURA,2006,SULLANA,200606,MIGUEL CHECA,SOJO,0001,1,INEI,2,0,13,84.61538461538461,84.61538461538461,0.0,30.76923076923077,0.0,0.002007139027183851,0.0,0.8461538461538461,0.28272032839367667,Moderate-Low,0.0,0.0,0.3076923076923077,0.18461538461538463,Well-served
20,PIURA,2005,PAITA,200503,ARENAL,ARENAL,0001,1,INEI,1,0,6,100.0,100.0,0.0,0.0,0.0,0.057612058956180635,0.0,1.0,0.3525373529853935,Well-served,0.0,0.0,0.0,0.0,Well-served
20,PIURA,2005,PAITA,200505,LA HUACA,LA HUACA,0001,1,INEI,5,0,21,100.0,100.0,0.0,0.0,0.0,0.0041559759597083745,0.0,1.0,0.33471865865323613,Well-served,0.0,0.0,0.0,0.0,Well-served
20,PIURA,2006,SULLANA,200602,BELLAVISTA,BELLAVISTA,0001,1,INEI,1,0,1,100.0,100.0,100.0,100.0,0.0,0.2397311884833033,0.0,1.0,0.41324372949443444,Well-served,0.0,0.0,1.0,0.6,Well-served
20,PIURA,2005,PAITA,200504,COLAN,SAN LUCAS (PUEBLO NUEVO DE COLAN),0001,1,INEI,3,0,19,100.0,100.0,0.0,5.2631578947368425,0.0,0.011700301256946696,0.0,1.0,0.33723343375231557,Well-served,0.0,0.0,0.052631578947368425,0.031578947368421054,Well-served
20,PIURA,2003,HUANCABAMBA,200303,EL CARMEN DE LA FRONTERA,SAPALACHE,0001,1,INEI,7,0,56,89.28571428571429,100.0,0.0,0.0,0.0,0.004983609130298257,0.0,0.8928571428571429,0.2992802506624804,Moderate-High,0.0,0.0,0.0,0.0,Well-served
20,PIURA,2006,SULLANA,200608,SALITRAL,SALITRAL,0001,1,INEI,2,0,14,100.0,100.0,50.0,100.0,0.0,0.03060292768396073,0.0,1.0,0.3435343092279869,Well-served,0.0,0.0,1.0,0.6,Well-served
20,PIURA,2005,PAITA,200507,VICHAYAL,SAN FELIPE DE VICHAYAL,0001,1,INEI,2,0,17,88.23529411764706,100.0,0.0,0.0,0.0,0.006058287385273151,0.0,0.8823529411764706,0.2961370761872479,Moderate-High,0.0,0.0,0.0,0.0,Well-served
20,PIURA,2002,AYABACA,200202,FRIAS,FRIAS,0001,1,INEI,9,0,161,83.85093167701864,100.0,0.0,0.0,0.0,0.007696118590983026,0.0,0.8385093167701864,0.28206847845372307,Moderate-Low,0.0,0.0,0.0,0.0,Well-served
20,PIURA,2005,PAITA,200502,AMOTAPE,AMOTAPE,0001,1,INEI,2,0,10,90.0,100.0,0.0,0.0,0.0,0.014957790350998895,0.0,0.9,0.3049859301169996,Moderate-High,0.0,0.0,0.0,0.0,Well-served
20,PIURA,2005,PAITA,200506,TAMARINDO,TAMARINDO,0001,1,INEI,1,0,8,87.5,100.0,0.0,0.0,0.0,0.007372718118125422,0.0,0.875,0.29412423937270843,Moderate-High,0.0,0.0,0.0,0.0,Well-served
20,PIURA,2002,AYABACA,200206,PACAIPAMPA,PACAIPAMPA,0001,1,INEI,11,0,185,80.54054054054055,100.0,0.0,0.0,0.0,0.005439488307563175,0.0,0.8054054054054055,0.27028163123765625,Moderate-Low,0.0,0.0,0.0,0.0,Well-served
20,PIURA,2006,SULLANA,200603,IGNACIO ESCUDERO,SAN JACINTO,0001,1,INEI,6,0,32,62.5,100.0,0.0,0.0,0.0,0.01526548232331596,0.0,0.625,0.2134218274411053,Moderate-Low,0.0,0.0,0.0,0.0,Well-served
20,PIURA,2002,AYABACA,200208,SAPILLICA,SAPILLICA,0001,1,INEI,4,0,73,83.56164383561644,100.0,0.0,0.0,0.0,0.006962734238447813,0.0,0.8356164383561644,0.28085972419820404,Moderate-Low,0.0,0.0,0.0,0.0,Well-served
20,PIURA,2002,AYABACA,200204,LAGUNAS,LAGUNAS,0001,1,INEI,4,0,62,75.80645161290323,100.0,0.0,0.0,0.0,0.010072052396576632,0.0,0.7580645161290324,0.25604552284186965,Moderate-Low,0.0,0.0,0.0,0.0,Well-served
20,PIURA,2001,PIURA,200114,TAMBO GRANDE,TAMBO GRANDE,0001,1,INEI,26,0,228,92.54385964912281,100.0,0.0,0.0,0.0,0.008386258114597138,0.0,0.9254385964912281,0.31127495153527507,Moderate-High,0.0,0.0,0.0,0.0,Well-served
20,PIURA,2006,SULLANA,200601,SULLANA,SULLANA,0001,1,INEI,24,1,92,94.56521739130434,100.0,13.043478260869565,42.391304347826086,174175.0,0.021855366225095197,0.0623959097945189,0.9456521739130435,0.34330114997755246,Well-served,0.002048940583602675,0.0623959097945189,0.42391304347826086,0.26723679616258084,Well-served
20,PIURA,2006,SULLANA,200607,QUERECOTILLO,QUERECOTILLO,0001,1,INEI,9,0,35,100.0,100.0,0.0,20.0,0.0,0.015539569201227281,0.0,1.0,0.3385131897337424,Well-served,0.0,0.0,0.2,0.12,Well-served
20,PIURA,2007,TALARA,200703,LA BREA,NEGRITOS,0001,1,INEI,4,0,27,33.333333333333336,51.851851851851855,0.0,14.814814814814815,0.0,0.0023174160399576592,0.0,0.33333333333333337,0.11188358312443034,Underserved,0.0,0.0,0.14814814814814814,0.08888888888888888,Well-served
20,PIURA,2001,PIURA,200111,LAS LOMAS,LAS LOMAS,0001,1,INEI,14,0,104,90.38461538461539,100.0,0.0,0.0,0.0,0.012124010428807081,0.0,0.9038461538461539,0.3053233880916536,Moderate-High,0.0,0.0,0.0,0.0,Well-served
20,PIURA,2002,AYABACA,200205,MONTERO,MONTERO,0001,1,INEI,4,0,54,98.14814814814815,100.0,0.0,0.0,0.0,0.014784493487680503,0.0,0.9814814814814815,0.332088658323054,Moderate-High,0.0,0.0,0.0,0.0,Well-served
20,PIURA,2002,AYABACA,200207,PAIMAS,PAIMAS,0001,1,INEI,4,0,52,55.76923076923077,100.0,0.0,0.0,0.0,0.005924247453066717,0.0,0.5576923076923077,0.18787218504845815,Underserved,0.0,0.0,0.0,0.0,Well-served
20,PIURA,2002,AYABACA,200209,SICCHEZ,SICCHEZ,0001,1,INEI,2,0,28,100.0,100.0,0.0,0.0,0.0,0.02722106333846712,0.0,1.0,0.34240702111282234,Well-served,0.0,0.0,0.0,0.0,Well-served
20,PIURA,2002,AYABACA,200203,JILILI,JILILI,0001,1,INEI,3,0,24,91.66666666666667,100.0,0.0,0.0,0.0,0.014744900468705805,0.0,0.9166666666666667,0.3104705223784575,Moderate-High,0.0,0.0,0.0,0.0,Well-served
20,PIURA,2002,AYABACA,200201,AYABACA,AYABACA,0001,1,INEI,31,0,359,91.64345403899722,99.44289693593315,0.0,0.0,0.0,0.009639232659567875,0.0,0.9164345403899722,0.30869125768318,Moderate-High,0.0,0.0,0.0,0.0,Well-served
20,PIURA,2007,TALARA,200701,PARIÑAS,TALARA,0001,1,INEI,7,1,49,22.448979591836736,44.89795918367347,12.244897959183673,28.571428571428573,119420.0,0.0029876749006981936,0.042780649046427144,0.22448979591836735,0.09008603995516423,Underserved,0.0009603240752244195,0.042780649046427144,0.28571428571428575,0.18017676605290178,Well-served
20,PIURA,2007,TALARA,200704,LOBITOS,LOBITOS,0001,1,INEI,1,0,8,75.0,75.0,0.0,0.0,0.0,0.002012102498112608,0.0,0.75,0.2506707008327042,Moderate-Low,0.0,0.0,0.0,0.0,Well-served
20,PIURA,2002,AYABACA,200210,SUYO,SUYO,0001,1,INEI,9,0,144,58.333333333333336,93.75,0.0,0.0,0.0,0.004032219595402865,0.0,0.5833333333333334,0.19578851764291208,Moderate-Low,0.0,0.0,0.0,0.0,Well-served
20,PIURA,2007,TALARA,200702,EL ALTO,EL ALTO,0001,1,INEI,5,0,5,80.0,80.0,0.0,0.0,0.0,0.004976126424278195,0.0,0.8,0.2683253754747594,Moderate-Low,0.0,0.0,0.0,0.0,Well-served
20,PIURA,2006,SULLANA,200605,MARCAVELICA,MARCAVELICA,0001,1,INEI,10,0,105,31.428571428571427,35.23809523809524,7.619047619047619,20.0,0.0,0.002902843106269266,0.0,0.3142857142857143,0.10572951913066117,Underserved,0.0,0.0,0.2,0.12,Well-served
20,PIURA,2007,TALARA,200705,LOS ORGANOS,LOS ORGANOS,0001,1,INEI,3,0,18,72.22222222222223,100.0,0.0,0.0,0.0,0.008777678709405136,0.0,0.7222222222222223,0.2436666336438758,Moderate-Low,0.0,0.0,0.0,0.0,Well-served
20,PIURA,2007,TALARA,200706,MANCORA,MANCORA,0001,1,INEI,2,0,6,83.33333333333333,100.0,0.0,0.0,0.0,0.009773086091988526,0.0,0.8333333333333333,0.2810354731417739,Moderate-Low,0.0,0.0,0.0,0.0,Well-served
20,PIURA,2006,SULLANA,200604,LANCONES,LANCONES,0001,1,INEI,14,0,241,56.43153526970954,92.9460580912863,0.0,0.0,0.0,0.0031372704962926838,0.0,0.5643153526970954,0.18915087439779604,Underserved,0.0,0.0,0.0,0.0,Well-served
14,LAMBAYEQUE,1403,LAMBAYEQUE,140308,OLMOS,OLMOS,0001,1,INEI,18,0,234,64.52991452991454,88.88888888888889,0.0,0.0,0.0,0.0015488097866311807,0.0,0.6452991452991453,0.21561598502859217,Moderate-Low,0.0,0.0,0.0,0.0,Well-served
20,PIURA,2005,PAITA,200501,PAITA,PAITA,0001,1,INEI,6,1,12,91.66666666666667,100.0,33.333333333333336,50.0,95014.0,0.004090240293607799,0.03403751958212384,0.9166666666666667,0.3182648088474661,Moderate-High,0.0015338401101029242,0.03403751958212384,0.5,0.3071142719384453,Well-served
20,PIURA,2008,SECHURA,200801,SECHURA,SECHURA,0001,1,INEI,7,0,64,39.0625,54.6875,0.0,0.0,24.0,0.0005845161410540422,8.597685288178291e-06,0.390625,0.13040603794211406,Underserved,0.0,8.597685288178291e-06,0.0,1.7195370576356583e-06,Well-served
09,HUANCAVELICA,0906,HUAYTARA,090607,PILPICHACA,PILPICHACA,0001,1,INEI,9,0,597,37.3534338358459,76.88442211055276,0.0,0.0,72.0,0.001994434568307518,2.579305586453487e-05,0.373534338358459,0.1251848553275437,Underserved,0.0,2.579305586453487e-05,0.0,5.158611172906974e-06,Well-served
09,HUANCAVELICA,0903,ANGARAES,090311,SANTO TOMAS DE PATA,SANTO TOMAS DE PATA,0001,1,INEI,1,0,47,74.46808510638297,100.0,0.0,0.0,1.0,0.003471035278770198,3.5823688700742874e-07,0.7446808510638298,0.24938408152649563,Moderate-Low,0.0,3.5823688700742874e-07,0.0,7.164737740148575e-08,Well-served
09,HUANCAVELICA,0903,ANGARAES,090310,SAN ANTONIO DE ANTAPARCO,ANTAPARCO,0001,1,INEI,2,0,20,100.0,100.0,0.0,0.0,0.0,0.028530322466833225,0.0,1.0,0.34284344082227775,Well-served,0.0,0.0,0.0,0.0,Well-served
09,HUANCAVELICA,0903,ANGARAES,090309,JULCAMARCA,JULCAMARCA,0001,1,INEI,0,0,24,87.5,100.0,0.0,0.0,182.0,0.0,6.519911343535204e-05,0.875,0.2916883997044784,Moderate-High,0.0,6.519911343535204e-05,0.0,1.3039822687070408e-05,Well-served
09,HUANCAVELICA,0903,ANGARAES,090301,LIRCAY,LIRCAY,0001,1,INEI,12,1,282,76.59574468085107,100.0,16.666666666666668,38.652482269503544,48647.0,0.007017880951239982,0.017427149842250387,0.7659574468085107,0.26346749253400037,Moderate-Low,0.0013158526783574966,0.017427149842250387,0.38652482269503546,0.23566349412114285,Well-served
09,HUANCAVELICA,0903,ANGARAES,090305,CHINCHO,CHINCHO,0001,1,INEI,2,0,30,86.66666666666667,100.0,0.0,16.666666666666668,1.0,0.005559078969462826,3.5823688700742874e-07,0.8666666666666667,0.2907420346243388,Moderate-High,0.0,3.5823688700742874e-07,0.16666666666666669,0.10000007164737741,Well-served
05,AYACUCHO,0506,LUCANAS,050617,SAN PEDRO,SAN PEDRO,0001,1,INEI,2,0,131,41.98473282442748,70.99236641221374,0.0,7.633587786259542,0.0,0.0013275380639741151,0.0,0.41984732824427484,0.14039162210274964,Underserved,0.0,0.0,0.07633587786259542,0.04580152671755725,Well-served
05,AYACUCHO,0507,PARINACOCHAS,050708,UPAHUACHO,UPAHUACHO,0001,1,INEI,5,0,147,75.51020408163265,94.5578231292517,0.0,0.0,0.0,0.004185171284447589,0.0,0.7551020408163265,0.25309573736692464,Moderate-Low,0.0,0.0,0.0,0.0,Well-served
05,AYACUCHO,0506,LUCANAS,050621,SANTA LUCIA,SANTA LUCIA,0001,1,INEI,4,0,68,44.11764705882353,79.41176470588235,0.0,0.0,0.0,0.0018682040927169108,0.0,0.4411764705882353,0.14768155822698403,Underserved,0.0,0.0,0.0,0.0,Well-served
05,AYACUCHO,0506,LUCANAS,050615,SAN CRISTOBAL,SAN CRISTOBAL,0001,1,INEI,2,0,64,64.0625,84.375,0.0,6.25,0.0,0.0023703105643005655,0.0,0.640625,0.21433177018810018,Moderate-Low,0.0,0.0,0.0625,0.0375,Well-served
05,AYACUCHO,0507,PARINACOCHAS,050703,CORONEL CASTAÑEDA,ANISO,0001,1,INEI,2,0,65,16.923076923076923,64.61538461538461,0.0,0.0,0.0,0.0008930043054601152,0.0,0.16923076923076924,0.05670792451207645,Underserved,0.0,0.0,0.0,0.0,Well-served
05,AYACUCHO,0510,VICTOR FAJARDO,051011,SARHUA,SARHUA,0001,1,INEI,4,0,74,40.54054054054054,79.72972972972973,0.0,0.0,0.0,0.005097844561050817,0.0,0.40540540540540543,0.1368344166554854,Underserved,0.0,0.0,0.0,0.0,Well-served
05,AYACUCHO,0511,VILCAS HUAMAN,051101,VILCAS HUAMAN,VILCAS HUAMAN,0001,1,INEI,5,0,99,85.85858585858585,100.0,0.0,0.0,2198.0,0.010958040186646688,0.0007874046776423284,0.8585858585858586,0.29011043448338253,Moderate-High,0.0,0.0007874046776423284,0.0,0.0001574809355284657,Well-served
05,AYACUCHO,0510,VICTOR FAJARDO,051012,VILCANCHOS,VILCANCHOS,0001,1,INEI,4,0,175,59.42857142857143,90.28571428571429,0.0,0.0,0.0,0.003863558840761628,0.0,0.5942857142857143,0.19938309104215865,Moderate-Low,0.0,0.0,0.0,0.0,Well-served
05,AYACUCHO,0506,LUCANAS,050619,SANCOS,SANCOS,0001,1,INEI,6,0,213,44.13145539906103,81.22065727699531,0.0,0.0,0.0,0.0019262482011621605,0.0,0.4413145539906103,0.14774693406392414,Underserved,0.0,0.0,0.0,0.0,Well-served
05,AYACUCHO,0508,PAUCAR DEL SARA SARA,050806,OYOLO,OYOLO,0001,1,INEI,1,0,104,44.23076923076923,57.69230769230769,0.0,0.0,0.0,0.0006078955436972519,0.0,0.44230769230769235,0.14763852928379653,Underserved,0.0,0.0,0.0,0.0,Well-served
05,AYACUCHO,0506,LUCANAS,050614,SAISA,SAISA,0001,1,INEI,1,0,102,35.294117647058826,81.37254901960785,0.0,0.0,0.0,0.0008389049901669568,0.0,0.35294117647058826,0.11792669382025173,Underserved,0.0,0.0,0.0,0.0,Well-served
05,AYACUCHO,0506,LUCANAS,050605,CHAVIÑA,CHAVIÑA,0001,1,INEI,1,0,120,38.333333333333336,86.66666666666667,9.166666666666666,40.833333333333336,0.0,0.0013157568104306073,0.0,0.38333333333333336,0.12821636338125464,Underserved,0.0,0.0,0.4083333333333334,0.24500000000000002,Well-served
05,AYACUCHO,0506,LUCANAS,050616,SAN JUAN,SAN JUAN,0001,1,INEI,1,0,37,97.29729729729729,100.0,0.0,70.27027027027027,0.0,0.010305955604558027,0.0,0.9729729729729729,0.32775964285917697,Moderate-High,0.0,0.0,0.7027027027027027,0.42162162162162165,Well-served
05,AYACUCHO,0510,VICTOR FAJARDO,051008,HUAMANQUIQUIA,HUAMANQUIQUIA,0001,1,INEI,3,0,56,100.0,100.0,0.0,0.0,0.0,0.019997616663114365,0.0,1.0,0.33999920555437146,Well-served,0.0,0.0,0.0,0.0,Well-served
05,AYACUCHO,0510,VICTOR FAJARDO,051002,ALCAMENCA,ALCAMENCA,0001,1,INEI,3,0,36,100.0,100.0,30.555555555555557,69.44444444444444,0.0,0.012486153935273659,0.0,1.0,0.3374953846450912,Well-served,0.0,0.0,0.6944444444444444,0.41666666666666663,Well-served
05,AYACUCHO,0508,PAUCAR DEL SARA SARA,050803,CORCULLA,CORCULLA,0001,1,INEI,1,0,20,90.0,100.0,0.0,0.0,0.0,0.004784110275743106,0.0,0.9,0.3015947034252477,Moderate-High,0.0,0.0,0.0,0.0,Well-served
05,AYACUCHO,0508,PAUCAR DEL SARA SARA,050810,SARA SARA,QUILCATA,0001,1,INEI,1,0,18,88.88888888888889,100.0,0.0,0.0,0.0,0.005676183956268078,0.0,0.8888888888888888,0.2981883576150523,Moderate-High,0.0,0.0,0.0,0.0,Well-served
05,AYACUCHO,0508,PAUCAR DEL SARA SARA,050801,PAUSA,PAUSA,0001,1,INEI,3,0,33,81.81818181818181,100.0,0.0,0.0,0.0,0.005758407306907075,0.0,0.8181818181818181,0.27464674182957505,Moderate-Low,0.0,0.0,0.0,0.0,Well-served
05,AYACUCHO,0508,PAUCAR DEL SARA SARA,050809,SAN JOSE DE USHUA,SAN JOSE DE USHUA,0001,1,INEI,1,0,13,100.0,100.0,0.0,0.0,0.0,0.01698168281044909,0.0,1.0,0.3389938942701497,Well-served,0.0,0.0,0.0,0.0,Well-served
05,AYACUCHO,0508,PAUCAR DEL SARA SARA,050807,PARARCA,PARARCA,0001,1,INEI,1,0,10,90.0,100.0,0.0,0.0,0.0,0.008517929446263957,0.0,0.9,0.3028393098154213,Moderate-High,0.0,0.0,0.0,0.0,Well-served
05,AYACUCHO,0507,PARINACOCHAS,050705,PULLO,PULLO,0001,1,INEI,4,0,212,32.54716981132076,66.50943396226415,0.0,0.0,0.0,0.001235433280031168,0.0,0.3254716981132076,0.10890237713107957,Underserved,0.0,0.0,0.0,0.0,Well-served
05,AYACUCHO,0507,PARINACOCHAS,050706,PUYUSCA,INCUYO,0001,1,INEI,4,0,85,61.1764705882353,100.0,0.0,0.0,0.0,0.0030015277128940636,0.0,0.611764705882353,0.20492207786508232,Moderate-Low,0.0,0.0,0.0,0.0,Well-served
05,AYACUCHO,0508,PAUCAR DEL SARA SARA,050804,LAMPA,LAMPA,0001,1,INEI,3,0,43,76.74418604651163,97.67441860465117,0.0,0.0,0.0,0.005152629809785412,0.0,0.7674418604651163,0.25753149675830056,Moderate-Low,0.0,0.0,0.0,0.0,Well-served
05,AYACUCHO,0508,PAUCAR DEL SARA SARA,050805,MARCABAMBA,MARCABAMBA,0001,1,INEI,1,0,21,80.95238095238095,100.0,0.0,0.0,0.0,0.004009824854401356,0.0,0.8095238095238095,0.2711778781260703,Moderate-Low,0.0,0.0,0.0,0.0,Well-served
05,AYACUCHO,0508,PAUCAR DEL SARA SARA,050802,COLTA,COLTA,0001,1,INEI,1,0,30,76.66666666666667,93.33333333333333,0.0,0.0,0.0,0.001944924614320322,0.0,0.7666666666666667,0.256203863760329,Moderate-Low,0.0,0.0,0.0,0.0,Well-served
05,AYACUCHO,0507,PARINACOCHAS,050702,CHUMPI,CHUMPI,0001,1,INEI,4,0,71,78.87323943661971,98.59154929577464,0.0,39.436619718309856,0.0,0.00518779124329055,0.0,0.7887323943661971,0.2646400618698292,Moderate-Low,0.0,0.0,0.39436619718309857,0.23661971830985912,Well-served
05,AYACUCHO,0508,PAUCAR DEL SARA SARA,050808,SAN JAVIER DE ALPABAMBA,SAN JAVIER DE ALPABAMBA,0001,1,INEI,1,0,21,66.66666666666667,100.0,0.0,0.0,0.0,0.004106972432213475,0.0,0.6666666666666667,0.22359121303296006,Moderate-Low,0.0,0.0,0.0,0.0,Well-served
05,AYACUCHO,0507,PARINACOCHAS,050701,CORACORA,CORACORA,0001,1,INEI,9,1,378,58.46560846560847,88.62433862433862,14.814814814814815,23.80952380952381,11635.0,0.0031292638143991343,0.0041680861803314335,0.5846560846560847,0.19731781155027173,Moderate-Low,0.0007823159535997836,0.0041680861803314335,0.2380952380952381,0.1438472232839291,Well-served
05,AYACUCHO,0506,LUCANAS,050609,LEONCIO PRADO,TAMBO QUEMADO,0001,1,INEI,4,0,116,42.241379310344826,59.48275862068966,0.0,0.0,0.0,0.0017393411266445268,0.0,0.42241379310344823,0.14138437807669757,Underserved,0.0,0.0,0.0,0.0,Well-served
05,AYACUCHO,0506,LUCANAS,050606,CHIPAO,CHIPAO,0001,1,INEI,5,0,195,39.48717948717949,85.64102564102564,0.0,0.0,0.0,0.0020877433963521308,0.0,0.3948717948717949,0.13231984608938233,Underserved,0.0,0.0,0.0,0.0,Well-served
05,AYACUCHO,0506,LUCANAS,050611,LUCANAS,LUCANAS,0001,1,INEI,4,0,425,35.76470588235294,59.76470588235294,0.0,0.23529411764705882,0.0,0.0015942149681133085,0.0,0.35764705882352943,0.1197470912638809,Underserved,0.0,0.0,0.002352941176470588,0.0014117647058823528,Well-served
05,AYACUCHO,0506,LUCANAS,050603,CABANA,CABANA,0001,1,INEI,2,0,65,36.92307692307692,55.38461538461539,0.0,0.0,0.0,0.0023829181268739856,0.0,0.3692307692307692,0.12387122911921439,Underserved,0.0,0.0,0.0,0.0,Well-served
05,AYACUCHO,0506,LUCANAS,050612,OCAÑA,OCAÑA,0001,1,INEI,3,0,161,57.142857142857146,86.95652173913044,0.0,0.0,0.0,0.0016865722338285215,0.0,0.5714285714285715,0.1910383812208,Underserved,0.0,0.0,0.0,0.0,Well-served
05,AYACUCHO,0506,LUCANAS,050613,OTOCA,OTOCA,0001,1,INEI,3,0,147,48.29931972789116,92.51700680272108,0.0,0.0,0.0,0.002021947854900419,0.0,0.4829931972789116,0.161671715044604,Underserved,0.0,0.0,0.0,0.0,Well-served
05,AYACUCHO,0506,LUCANAS,050604,CARMEN SALCEDO,ANDAMARCA,0001,1,INEI,1,0,63,47.61904761904762,60.317460317460316,0.0,0.0,0.0,0.0010403240118560403,0.0,0.4761904761904762,0.15907693340077741,Underserved,0.0,0.0,0.0,0.0,Well-served
05,AYACUCHO,0507,PARINACOCHAS,050707,SAN FRANCISCO DE RAVACAYCO,SAN FRANCISCO DE RAVACAYCO,0001,1,INEI,1,0,56,60.714285714285715,85.71428571428571,0.0,0.0,0.0,0.004685720567601717,0.0,0.6071428571428572,0.20394285923681962,Moderate-Low,0.0,0.0,0.0,0.0,Well-served
05,AYACUCHO,0509,SUCRE,050911,SORAS,SORAS,0001,1,INEI,1,0,81,28.395061728395063,74.07407407407408,0.0,0.0,140.0,0.001372117848813419,5.0153164181040026e-05,0.28395061728395066,0.09512429609898171,Underserved,0.0,5.0153164181040026e-05,0.0,1.0030632836208006e-05,Well-served
05,AYACUCHO,0506,LUCANAS,050607,HUAC-HUAS,HUAC-HUAS,0001,1,INEI,3,0,140,82.14285714285714,100.0,0.0,0.0,0.0,0.004634987750654963,0.0,0.8214285714285714,0.2753545197264088,Moderate-Low,0.0,0.0,0.0,0.0,Well-served
05,AYACUCHO,0506,LUCANAS,050608,LARAMATE,LARAMATE,0001,1,INEI,2,0,144,43.75,65.97222222222223,0.0,0.0,0.0,0.0012384228828860142,0.0,0.4375,0.14624614096096197,Underserved,0.0,0.0,0.0,0.0,Well-served
05,AYACUCHO,0506,LUCANAS,050610,LLAUTA,LLAUTA,0001,1,INEI,3,0,76,40.78947368421053,75.0,0.0,0.0,0.0,0.0029357323767265704,0.0,0.40789473684210525,0.1369434897396106,Underserved,0.0,0.0,0.0,0.0,Well-served
05,AYACUCHO,0509,SUCRE,050910,SANTIAGO DE PAUCARAY,SANTIAGO DE PAUCARAY,0001,1,INEI,2,0,48,95.83333333333333,100.0,0.0,0.0,0.0,0.015686861370265707,0.0,0.9583333333333333,0.324673398234533,Moderate-High,0.0,0.0,0.0,0.0,Well-served
05,AYACUCHO,0510,VICTOR FAJARDO,051004,ASQUIPATA,ASQUIPATA,0001,1,INEI,3,0,16,93.75,100.0,0.0,0.0,0.0,0.020297481649323202,0.0,0.9375,0.3192658272164411,Moderate-High,0.0,0.0,0.0,0.0,Well-served
05,AYACUCHO,0506,LUCANAS,050602,AUCARA,AUCARA,0001,1,INEI,5,0,175,31.428571428571427,54.857142857142854,0.0,0.0,0.0,0.0027675030292280546,0.0,0.3142857142857143,0.10568440577164744,Underserved,0.0,0.0,0.0,0.0,Well-served
05,AYACUCHO,0509,SUCRE,050906,MORCOLLA,MORCOLLA,0001,1,INEI,3,0,73,80.82191780821918,100.0,0.0,0.0,0.0,0.005012597052079436,0.0,0.8082191780821918,0.2710772583780904,Moderate-Low,0.0,0.0,0.0,0.0,Well-served
05,AYACUCHO,0510,VICTOR FAJARDO,051003,APONGO,APONGO,0001,1,INEI,1,0,29,31.03448275862069,96.55172413793103,0.0,0.0,0.0,0.0027462080983440412,0.0,0.3103448275862069,0.10436367856151697,Underserved,0.0,0.0,0.0,0.0,Well-served
05,AYACUCHO,0507,PARINACOCHAS,050704,PACAPAUSA,PACAPAUSA,0001,1,INEI,1,0,59,67.79661016949153,91.52542372881356,0.0,0.0,0.0,0.0032822129657140387,0.0,0.6779661016949153,0.22708277155354312,Moderate-Low,0.0,0.0,0.0,0.0,Well-served
05,AYACUCHO,0506,LUCANAS,050601,PUQUIO,PUQUIO,0001,1,INEI,3,1,240,58.75,76.66666666666667,42.083333333333336,64.58333333333333,19647.0,0.0016771238415434475,0.007038280119034953,0.5875,0.19873846798685946,Moderate-Low,0.0012578428811575856,0.007038280119034953,0.6458333333333333,0.3891592246000385,Well-served
05,AYACUCHO,0506,LUCANAS,050620,SANTA ANA DE HUAYCAHUACHO,SANTA ANA DE HUAYCAHUACHO,0001,1,INEI,1,0,7,100.0,100.0,0.0,0.0,0.0,0.010610821728621893,0.0,1.0,0.3368702739095406,Well-served,0.0,0.0,0.0,0.0,Well-served
05,AYACUCHO,0511,VILCAS HUAMAN,051102,ACCOMARCA,ACCOMARCA,0001,1,INEI,3,0,28,100.0,100.0,0.0,0.0,0.0,0.01675017273992361,0.0,1.0,0.3389167242466412,Well-served,0.0,0.0,0.0,0.0,Well-served
05,AYACUCHO,0509,SUCRE,050902,BELEN,BELEN,0001,1,INEI,1,0,4,100.0,100.0,0.0,0.0,0.0,0.01328026057277646,0.0,1.0,0.3377600868575921,Well-served,0.0,0.0,0.0,0.0,Well-served
05,AYACUCHO,0510,VICTOR FAJARDO,051006,CAYARA,CAYARA,0001,1,INEI,1,0,31,100.0,100.0,0.0,0.0,0.0,0.007602805598439651,0.0,1.0,0.33586760186614656,Well-served,0.0,0.0,0.0,0.0,Well-served
05,AYACUCHO,0510,VICTOR FAJARDO,051009,HUANCARAYLLA,HUANCARAYLLA,0001,1,INEI,3,0,57,50.87719298245614,96.49122807017544,0.0,10.526315789473685,0.0,0.008930897427132326,0.0,0.5087719298245613,0.17256760908389787,Underserved,0.0,0.0,0.10526315789473685,0.06315789473684211,Well-served
05,AYACUCHO,0510,VICTOR FAJARDO,051007,COLCA,COLCA,0001,1,INEI,2,0,23,100.0,100.0,0.0,17.391304347826086,0.0,0.015119322729170468,0.0,1.0,0.33837310757639016,Well-served,0.0,0.0,0.17391304347826086,0.10434782608695652,Well-served
05,AYACUCHO,0511,VILCAS HUAMAN,051107,SAURAMA,SAURAMA,0001,1,INEI,1,0,15,100.0,100.0,0.0,0.0,0.0,0.005410237458386042,0.0,1.0,0.335136745819462,Well-served,0.0,0.0,0.0,0.0,Well-served
05,AYACUCHO,0510,VICTOR FAJARDO,051001,HUANCAPI,HUANCAPI,0001,1,INEI,1,0,122,63.9344262295082,87.70491803278688,3.278688524590164,5.737704918032787,726.0,0.0020171895028156936,0.0002600799799673933,0.639344262295082,0.21387384392595504,Moderate-Low,0.0,0.0002600799799673933,0.05737704918032786,0.034478245504190194,Well-served
05,AYACUCHO,0502,CANGALLO,050206,TOTOS,TOTOS,0001,1,INEI,3,0,74,91.89189189189189,100.0,0.0,0.0,19.0,0.012568927109078755,6.806500853141147e-06,0.9189189189189189,0.3104982175096169,Moderate-High,0.0,6.806500853141147e-06,0.0,1.3613001706282295e-06,Well-served
05,AYACUCHO,0502,CANGALLO,050204,MARIA PARADO DE BELLIDO,POMABAMBA,0001,1,INEI,3,0,67,92.53731343283582,100.0,0.0,26.865671641791046,140.0,0.010994309336620213,5.0153164181040026e-05,0.9253731343283582,0.31213919894305314,Moderate-High,0.0,5.0153164181040026e-05,0.26865671641791045,0.16120406048358246,Well-served
05,AYACUCHO,0504,HUANTA,050405,LURICOCHA,LURICOCHA,0001,1,INEI,3,0,77,98.7012987012987,100.0,14.285714285714286,68.83116883116882,0.0,0.010209750009727384,0.0,0.987012987012987,0.33240757900757145,Moderate-High,0.0,0.0,0.6883116883116882,0.4129870129870129,Well-served
05,AYACUCHO,0504,HUANTA,050410,UCHURACCAY,HUAYNACANCHA,0001,1,INEI,6,0,75,94.66666666666667,100.0,0.0,0.0,0.0,0.011334300842830528,0.0,0.9466666666666668,0.3193336558364991,Moderate-High,0.0,0.0,0.0,0.0,Well-served
05,AYACUCHO,0505,LA MAR,050507,SANTA ROSA,SANTA ROSA,0001,1,INEI,5,0,47,95.74468085106383,97.87234042553192,0.0,34.04255319148936,0.0,0.006205783915860516,0.0,0.9574468085106383,0.321217530808833,Moderate-High,0.0,0.0,0.3404255319148936,0.20425531914893616,Well-served
05,AYACUCHO,0505,LA MAR,050503,AYNA,SAN FRANCISCO,0001,1,INEI,3,1,48,75.0,100.0,33.333333333333336,87.5,8291.0,0.005077267587803391,0.0029701420301785917,0.75,0.2526824698726607,Moderate-Low,0.0038079506908525436,0.0029701420301785917,0.875,0.5263556185442062,Well-served
05,AYACUCHO,0502,CANGALLO,050201,CANGALLO,CANGALLO,0001,1,INEI,5,1,80,96.25,100.0,33.75,76.25,5778.0,0.013100590500610607,0.0020698927331289233,0.9625,0.32589016107791313,Moderate-High,0.005895265725274773,0.0020698927331289233,0.7625,0.4590930316916807,Well-served
05,AYACUCHO,0511,VILCAS HUAMAN,051104,CONCEPCION,CONCEPCION,0001,1,INEI,2,0,76,86.84210526315789,100.0,0.0,0.0,0.0,0.004558476014831376,0.0,0.8684210526315789,0.29099317621547005,Moderate-High,0.0,0.0,0.0,0.0,Well-served
05,AYACUCHO,0511,VILCAS HUAMAN,051108,VISCHONGO,VISCHONGO,0001,1,INEI,6,0,63,96.82539682539682,100.0,0.0,0.0,228.0,0.010937046206429326,8.167801023769376e-05,0.9682539682539683,0.32642423082354505,Moderate-High,0.0,8.167801023769376e-05,0.0,1.6335602047538754e-05,Well-served
05,AYACUCHO,0502,CANGALLO,050203,LOS MOROCHUCOS,PAMPA CANGALLO,0001,1,INEI,6,0,141,94.32624113475177,100.0,0.7092198581560284,25.53191489361702,2372.0,0.01161298065061756,0.000849737895981621,0.9432624113475176,0.31857504329803893,Moderate-High,0.0,0.000849737895981621,0.2553191489361702,0.15336143694089843,Well-served
05,AYACUCHO,0502,CANGALLO,050202,CHUSCHI,CHUSCHI,0001,1,INEI,5,0,95,56.8421052631579,85.26315789473684,0.0,0.0,118.0,0.005861971742260844,4.2271952666876595e-05,0.5684210526315789,0.19144176544216887,Underserved,0.0,4.2271952666876595e-05,0.0,8.45439053337532e-06,Well-served
05,AYACUCHO,0502,CANGALLO,050205,PARAS,PARAS,0001,1,INEI,5,0,303,38.943894389438945,76.56765676567657,0.0,0.0,12.0,0.0031054624602331426,4.2988426440891455e-06,0.38943894389438943,0.13084956839908887,Underserved,0.0,4.2988426440891455e-06,0.0,8.597685288178291e-07,Well-served
05,AYACUCHO,0501,HUAMANGA,050106,OCROS,OCROS,0001,1,INEI,6,0,133,88.7218045112782,100.0,0.0,0.0,81.0,0.009628515281629385,2.9017187847601728e-05,0.8872180451127819,0.29895852586075294,Moderate-High,0.0,2.9017187847601728e-05,0.0,5.803437569520346e-06,Well-served
05,AYACUCHO,0501,HUAMANGA,050105,CHIARA,CHIARA,0001,1,INEI,5,0,91,78.02197802197803,100.0,0.0,17.582417582417584,0.0,0.005308615677943776,0.0,0.7802197802197803,0.2618427986325747,Moderate-Low,0.0,0.0,0.17582417582417584,0.1054945054945055,Well-served
05,AYACUCHO,0505,LA MAR,050506,LUIS CARRANZA,PAMPAS,0001,1,INEI,1,0,47,72.34042553191489,100.0,0.0,0.0,0.0,0.0036079226314463847,0.0,0.7234042553191489,0.2423373926501984,Moderate-Low,0.0,0.0,0.0,0.0,Well-served
05,AYACUCHO,0501,HUAMANGA,050104,CARMEN ALTO,CARMEN ALTO,0001,1,INEI,3,0,12,100.0,100.0,41.666666666666664,100.0,4918.0,0.0839021683057121,0.0017618090103025347,1.0,0.36188799243867154,Well-served,0.0,0.0017618090103025347,1.0,0.6003523618020605,Well-served
05,AYACUCHO,0501,HUAMANGA,050110,SAN JUAN BAUTISTA,SAN JUAN BAUTISTA,0001,1,INEI,7,1,15,100.0,100.0,80.0,100.0,380350.0,0.22586835638431665,0.13625539997327552,1.0,0.4540412521191974,Well-served,0.07260054312353034,0.13625539997327552,1.0,0.6417711886193611,Well-served
05,AYACUCHO,0501,HUAMANGA,050102,ACOCRO,ACOCRO,0001,1,INEI,5,0,109,83.4862385321101,99.08256880733946,0.0,0.0,129.0,0.005612020706524511,4.621255842395831e-05,0.8348623853211009,0.2801735395286831,Moderate-Low,0.0,4.621255842395831e-05,0.0,9.242511684791662e-06,Well-served
05,AYACUCHO,0501,HUAMANGA,050114,VINCHOS,VINCHOS,0001,1,INEI,10,0,279,74.55197132616487,100.0,0.0,0.0,21.0,0.005277359293194728,7.522974627156004e-06,0.7455197132616488,0.2502681985098235,Moderate-Low,0.0,7.522974627156004e-06,0.0,1.5045949254312008e-06,Well-served
05,AYACUCHO,0501,HUAMANGA,050116,ANDRES AVELINO CACERES DORREGARAY,JARDIN,0001,1,INEI,3,0,14,100.0,100.0,100.0,100.0,10107.0,0.15844008423912276,0.0036207002169840823,1.0,0.38735359481870224,Well-served,0.0,0.0036207002169840823,1.0,0.6007241400433968,Well-served
05,AYACUCHO,0501,HUAMANGA,050112,SOCOS,SOCOS,0001,1,INEI,5,0,70,95.71428571428571,100.0,0.0,48.57142857142857,0.0,0.014219584568443102,0.0,0.9571428571428571,0.3237874805704334,Moderate-High,0.0,0.0,0.4857142857142857,0.2914285714285714,Well-served
05,AYACUCHO,0501,HUAMANGA,050113,TAMBILLO,TAMBILLO,0001,1,INEI,4,0,66,87.87878787878788,100.0,24.242424242424242,75.75757575757575,0.0,0.012793651608279565,0.0,0.8787878787878788,0.29719384346538613,Moderate-High,0.0,0.0,0.7575757575757575,0.4545454545454545,Well-served
05,AYACUCHO,0501,HUAMANGA,050115,JESUS NAZARENO,LAS NAZARENAS,0001,1,INEI,2,1,12,100.0,100.0,75.0,100.0,8625.0,0.0608007754762669,0.003089793150439073,1.0,0.3546301895422353,Well-served,0.06840087241080027,0.003089793150439073,1.0,0.6142981331122479,Well-served
05,AYACUCHO,0501,HUAMANGA,050101,AYACUCHO,AYACUCHO,0001,1,INEI,12,2,45,100.0,100.0,51.111111111111114,100.0,101339.0,0.07076396820404379,0.03630336789244582,1.0,0.3690224453654965,Well-served,0.02653648807651642,0.03630336789244582,1.0,0.6125679711937925,Well-served
05,AYACUCHO,0501,HUAMANGA,050109,SAN JOSE DE TICLLAS,TICLLAS,0001,1,INEI,3,0,47,100.0,100.0,0.0,34.04255319148936,0.0,0.017862392937592845,0.0,1.0,0.33928746431253093,Well-served,0.0,0.0,0.3404255319148936,0.20425531914893616,Well-served
05,AYACUCHO,0501,HUAMANGA,050103,ACOS VINCHOS,ACOS VINCHOS,0001,1,INEI,3,0,61,96.72131147540983,100.0,0.0,1.639344262295082,0.0,0.009375752435089193,0.0,0.9672131147540983,0.3255296223963958,Moderate-High,0.0,0.0,0.01639344262295082,0.009836065573770493,Well-served
05,AYACUCHO,0501,HUAMANGA,050111,SANTIAGO DE PISCHA,SAN PEDRO DE CACHI,0001,1,INEI,4,0,44,100.0,100.0,0.0,0.0,0.0,0.021522013971259663,0.0,1.0,0.3405073379904199,Well-served,0.0,0.0,0.0,0.0,Well-served
05,AYACUCHO,0501,HUAMANGA,050107,PACAYCASA,PACAYCASA,0001,1,INEI,2,0,17,100.0,100.0,0.0,52.94117647058823,0.0,0.01830372209588991,0.0,1.0,0.3394345740319633,Well-served,0.0,0.0,0.5294117647058824,0.3176470588235294,Well-served
05,AYACUCHO,0501,HUAMANGA,050108,QUINUA,QUINUA,0001,1,INEI,3,0,65,96.92307692307692,100.0,0.0,16.923076923076923,0.0,0.012608619367109634,0.0,0.9692307692307692,0.3272797961992929,Moderate-High,0.0,0.0,0.16923076923076924,0.10153846153846154,Well-served
04,AREQUIPA,0403,CARAVELI,040302,ACARI,ACARI,0001,1,INEI,1,0,48,22.916666666666668,39.583333333333336,0.0,0.0,1437.0,0.0004172170830466091,0.0005147864066296752,0.22916666666666669,0.076699556718781,Underserved,0.0,0.0005147864066296752,0.0,0.00010295728132593504,Well-served
04,AREQUIPA,0403,CARAVELI,040305,BELLA UNION,BELLA UNION,0001,1,INEI,1,0,49,40.816326530612244,79.59183673469387,0.0,0.0,0.0,0.00040418152123952033,0.0,0.40816326530612246,0.13618914894245399,Underserved,0.0,0.0,0.0,0.0,Well-served
07,CALLAO,0701,CALLAO,070107,MI PERU,MI PERU,0001,1,INEI,0,0,0,0.0,0.0,0.0,0.0,21325.0,0.0,0.007639401615433418,0.0,0.0025464672051444728,Underserved,0.0,0.007639401615433418,0.0,0.0015278803230866838,Well-served
16,LORETO,1608,PUTUMAYO,160804,YAGUAS,REMANSO,0001,1,INEI,2,0,28,7.142857142857143,7.142857142857143,0.0,0.0,0.0,5.3515238664505854e-05,0.0,0.07142857142857144,0.02382736222241198,Underserved,0.0,0.0,0.0,0.0,Well-served
16,LORETO,1608,PUTUMAYO,160802,ROSA PANDURO,SANTA MERCEDES,0001,1,INEI,2,0,43,13.953488372093023,27.906976744186046,0.0,0.0,0.0,0.00013476343157042578,0.0,0.13953488372093023,0.046556549050833555,Underserved,0.0,0.0,0.0,0.0,Well-served
05,AYACUCHO,0504,HUANTA,050401,HUANTA,HUANTA,0001,1,INEI,7,1,86,88.37209302325581,98.83720930232558,62.7906976744186,89.53488372093024,15608.0,0.020522531519689375,0.005591361332411948,0.8837209302325582,0.30327827436155314,Moderate-High,0.006596527988471584,0.005591361332411948,0.8953488372093024,0.5396468801897581,Well-served
08,CUSCO,0809,LA CONVENCION,080911,INKAWASI,AMAYBAMBA,0001,1,INEI,5,0,77,63.63636363636363,100.0,0.0,0.0,0.0,0.0031222190457218125,0.0,0.6363636363636364,0.21316195180311936,Moderate-Low,0.0,0.0,0.0,0.0,Well-served
09,HUANCAVELICA,0907,TAYACAJA,090720,ANDAYMARCA,ANDAYMARCA,0001,1,INEI,4,0,34,88.23529411764706,100.0,0.0,0.0,50.0,0.012821483562264084,1.791184435037144e-05,0.8823529411764706,0.298397445527695,Moderate-High,0.0,1.791184435037144e-05,0.0,3.582368870074288e-06,Well-served
09,HUANCAVELICA,0907,TAYACAJA,090719,QUICHUAS,QUICHUAS,0001,1,INEI,2,0,55,80.0,100.0,0.0,14.545454545454545,115.0,0.008139512095844802,4.1197242005854306e-05,0.8,0.2693935697792835,Moderate-Low,0.0,4.1197242005854306e-05,0.14545454545454545,0.08728096672112844,Well-served
08,CUSCO,0809,LA CONVENCION,080912,VILLA VIRGEN,VILLA VIRGEN,0001,1,INEI,2,0,14,78.57142857142857,92.85714285714286,0.0,0.0,0.0,0.0021979829490264887,0.0,0.7857142857142857,0.2626374228877707,Moderate-Low,0.0,0.0,0.0,0.0,Well-served
03,APURIMAC,0302,ANDAHUAYLAS,030220,JOSE MARIA ARGUEDAS,HUANCABAMBA,0001,1,INEI,2,0,29,65.51724137931035,93.10344827586206,0.0,20.689655172413794,0.0,0.005508231721779081,0.0,0.6551724137931035,0.2202268818382942,Moderate-Low,0.0,0.0,0.20689655172413793,0.12413793103448276,Well-served
05,AYACUCHO,0504,HUANTA,050411,PUCACOLPA,HUALLHUA,0001,1,INEI,5,0,50,60.0,76.0,0.0,0.0,0.0,0.0033708782329235844,0.0,0.6,0.20112362607764117,Moderate-Low,0.0,0.0,0.0,0.0,Well-served
09,HUANCAVELICA,0907,TAYACAJA,090718,TINTAY PUNCU,TINTAY,0001,1,INEI,4,0,78,84.61538461538461,94.87179487179488,0.0,0.0,111.0,0.007552052817092253,3.976429445782459e-05,0.8461538461538461,0.2845818877551321,Moderate-High,0.0,3.976429445782459e-05,0.0,7.952858891564918e-06,Well-served
05,AYACUCHO,0504,HUANTA,050402,AYAHUANCO,VIRACOCHAN,0001,1,INEI,5,0,48,81.25,95.83333333333333,0.0,0.0,0.0,0.006521332175872624,0.0,0.8125,0.2730071107252909,Moderate-Low,0.0,0.0,0.0,0.0,Well-served
12,JUNIN,1206,SATIPO,120609,VIZCATAN DEL ENE,SAN MIGUEL DEL ENE,0001,1,INEI,5,0,20,90.0,100.0,0.0,0.0,0.0,0.003974346367791242,0.0,0.9,0.30132478212259706,Moderate-High,0.0,0.0,0.0,0.0,Well-served
08,CUSCO,0809,LA CONVENCION,080913,VILLA KINTIARINA,VILLA KINTIARINA,0001,1,INEI,2,0,20,85.0,95.0,0.0,0.0,0.0,0.0048550584506802915,0.0,0.85,0.28495168615022676,Moderate-High,0.0,0.0,0.0,0.0,Well-served
23,TACNA,2301,TACNA,230111,LA YARADA LOS PALOS,LOS PALOS,0001,1,INEI,5,0,61,80.32786885245902,100.0,0.0,0.0,0.0,0.004456528139265904,0.0,0.8032786885245902,0.2692450722212853,Moderate-Low,0.0,0.0,0.0,0.0,Well-served
10,HUANUCO,1007,MARAÑON,100704,LA MORADA,LA MORADA,0001,1,INEI,1,0,32,9.375,46.875,0.0,0.0,0.0,0.0005298797435875262,0.0,0.09375,0.03142662658119584,Underserved,0.0,0.0,0.0,0.0,Well-served
10,HUANUCO,1007,MARAÑON,100705,SANTA ROSA DE ALTO YANAJANCA,SANTA ROSA DE ALTO YANAJANCA,0001,1,INEI,1,0,16,18.75,43.75,0.0,0.0,0.0,0.0004629245963839253,0.0,0.1875,0.06265430819879464,Underserved,0.0,0.0,0.0,0.0,Well-served
10,HUANUCO,1001,HUANUCO,100113,SAN PABLO DE PILLAO,SAN PABLO DE PILLAO,0001,1,INEI,3,0,76,40.78947368421053,72.36842105263158,0.0,0.0,0.0,0.0024433904310123917,0.0,0.40789473684210525,0.13677937575770585,Underserved,0.0,0.0,0.0,0.0,Well-served
05,AYACUCHO,0504,HUANTA,050412,CHACA,CHACA,0001,1,INEI,1,0,26,88.46153846153847,100.0,0.0,0.0,0.0,0.0045578903193149,0.0,0.8846153846153847,0.29639109164489985,Moderate-High,0.0,0.0,0.0,0.0,Well-served
09,HUANCAVELICA,0907,TAYACAJA,090721,ROBLE,PUERTO SAN ANTONIO,0001,1,INEI,1,0,21,28.571428571428573,100.0,0.0,0.0,4.0,0.0026157375733339002,1.432947548029715e-06,0.28571428571428575,0.09611048541172255,Underserved,0.0,1.432947548029715e-06,0.0,2.86589509605943e-07,Well-served
09,HUANCAVELICA,0907,TAYACAJA,090722,PICHOS,PICHOS,0001,1,INEI,1,0,61,42.622950819672134,100.0,0.0,0.0,33.0,0.003365267961627792,1.182181727124515e-05,0.42622950819672134,0.14320219932520678,Underserved,0.0,1.182181727124515e-05,0.0,2.36436345424903e-06,Well-served
03,APURIMAC,0306,CHINCHEROS,030609,ROCCHACC,ROCCHACC,0001,1,INEI,3,0,18,100.0,100.0,0.0,0.0,0.0,0.026275836821964205,0.0,1.0,0.34209194560732137,Well-served,0.0,0.0,0.0,0.0,Well-served
03,APURIMAC,0306,CHINCHEROS,030610,EL PORVENIR,SAN PEDRO HUAMBURQUE,0001,1,INEI,3,0,10,100.0,100.0,0.0,0.0,0.0,0.02418173162471159,0.0,1.0,0.34139391054157053,Well-served,0.0,0.0,0.0,0.0,Well-served
09,HUANCAVELICA,0907,TAYACAJA,090723,SANTIAGO DE TUCUMA,SANTIAGO DE TUCUMA,0001,1,INEI,1,0,17,100.0,100.0,0.0,52.94117647058823,0.0,0.014195809127110744,0.0,1.0,0.3380652697090369,Well-served,0.0,0.0,0.5294117647058824,0.3176470588235294,Well-served
05,AYACUCHO,0505,LA MAR,050505,CHUNGUI,CHUNGUI,0001,1,INEI,4,0,73,49.31506849315068,100.0,0.0,0.0,0.0,0.0037232633346656035,0.0,0.4931506849315068,0.16562464942205748,Underserved,0.0,0.0,0.0,0.0,Well-served
03,APURIMAC,0306,CHINCHEROS,030611,LOS CHANKAS,RIO BLANCO,0001,1,INEI,1,0,36,66.66666666666667,100.0,0.0,0.0,0.0,0.0033386549129378307,0.0,0.6666666666666667,0.22333510719320152,Moderate-Low,0.0,0.0,0.0,0.0,Well-served
08,CUSCO,0809,LA CONVENCION,080902,ECHARATE,ECHARATE,0001,1,INEI,19,0,364,61.81318681318681,93.4065934065934,0.0,0.8241758241758241,0.0,0.0008666139172715645,0.0,0.6181318681318682,0.20633282734971323,Moderate-Low,0.0,0.0,0.008241758241758242,0.004945054945054945,Well-served
10,HUANUCO,1006,LEONCIO PRADO,100604,JOSE CRESPO Y CASTILLO,AUCAYACU,0001,1,INEI,2,0,62,35.483870967741936,82.25806451612904,0.0,0.0,0.0,0.0006443428220829996,0.0,0.3548387096774194,0.11849435083316746,Underserved,0.0,0.0,0.0,0.0,Well-served
10,HUANUCO,1006,LEONCIO PRADO,100603,HERMILIO VALDIZAN,HERMILIO VALDIZAN,0001,1,INEI,2,0,23,100.0,100.0,0.0,0.0,0.0,0.007917661106346844,0.0,1.0,0.3359725537021156,Well-served,0.0,0.0,0.0,0.0,Well-served
10,HUANUCO,1006,LEONCIO PRADO,100602,DANIEL ALOMIA ROBLES,DANIEL ALOMIA ROBLES (PUMAHUASI),0001,1,INEI,5,0,53,64.15094339622641,75.47169811320755,0.0,9.433962264150944,0.0,0.0034411068320924494,0.0,0.6415094339622641,0.21498351359811885,Moderate-Low,0.0,0.0,0.09433962264150944,0.05660377358490566,Well-served
10,HUANUCO,1006,LEONCIO PRADO,100601,RUPA-RUPA,TINGO MARIA,0001,1,INEI,2,1,33,72.72727272727273,96.96969696969697,36.36363636363637,60.60606060606061,166138.0,0.0036592725157865652,0.0595167599336402,0.7272727272727273,0.2634829199073847,Moderate-Low,0.004116681580259886,0.0595167599336402,0.6060606060606061,0.37636305193914366,Well-served
10,HUANUCO,1006,LEONCIO PRADO,100606,MARIANO DAMASO BERAUN,LAS PALMAS,0001,1,INEI,4,0,59,49.152542372881356,89.83050847457628,10.169491525423728,44.067796610169495,0.0,0.0025929415455604073,0.0,0.4915254237288136,0.16470612175812466,Underserved,0.0,0.0,0.44067796610169496,0.26440677966101694,Well-served
10,HUANUCO,1006,LEONCIO PRADO,100605,LUYANDO,LUYANDO /8,0001,1,INEI,5,1,47,100.0,100.0,27.659574468085108,85.1063829787234,64391.0,0.02178054566358223,0.023067231391295344,1.0,0.34828259235162584,Well-served,0.009801245548612005,0.023067231391295344,0.851063829787234,0.5172119932603219,Well-served
10,HUANUCO,1006,LEONCIO PRADO,100607,PUCAYACU,PUCAYACU,0001,1,INEI,1,0,20,35.0,70.0,0.0,0.0,0.0,0.0006348321266438244,0.0,0.35,0.11687827737554793,Underserved,0.0,0.0,0.0,0.0,Well-served
10,HUANUCO,1006,LEONCIO PRADO,100608,CASTILLO GRANDE,CASTILLO GRANDE,0001,1,INEI,1,0,17,58.8235294117647,100.0,23.529411764705884,47.05882352941177,0.0,0.0045956179331448615,0.0,0.5882352941176471,0.19761030401693064,Moderate-Low,0.0,0.0,0.4705882352941177,0.2823529411764706,Well-served
10,HUANUCO,1006,LEONCIO PRADO,100609,PUEBLO NUEVO,PUEBLO NUEVO,0001,1,INEI,1,0,30,26.666666666666668,66.66666666666667,0.0,0.0,0.0,0.0015070816052549676,0.0,0.26666666666666666,0.08939124942397386,Underserved,0.0,0.0,0.0,0.0,Well-served
10,HUANUCO,1006,LEONCIO PRADO,100610,SANTO DOMINGO DE ANDA,PACAE,0001,1,INEI,1,0,20,35.0,80.0,0.0,0.0,0.0,0.0017197734456667996,0.0,0.35,0.11723992448188893,Underserved,0.0,0.0,0.0,0.0,Well-served
21,PUNO,2111,SAN ROMAN,211105,SAN MIGUEL,SAN MIGUEL,0001,1,INEI,5,0,20,100.0,100.0,25.0,75.0,0.0,0.01984985736390922,0.0,1.0,0.3399499524546364,Well-served,0.0,0.0,0.75,0.44999999999999996,Well-served
15,LIMA,1508,HUAURA,150806,HUAURA,HUAURA,0001,1,INEI,6,0,54,81.48148148148148,100.0,5.555555555555555,33.333333333333336,0.0,0.006010325669193002,0.0,0.8148148148148148,0.27360838016133593,Moderate-Low,0.0,0.0,0.33333333333333337,0.2,Well-served
