ubigeo,distrito,ehai_base,category_base,ehai_alt,category_alt,ehai_change,rank_base,rank_alt,rank_change,category_shift
150101,LIMA,0.995543560674431,Well-served,0.8908148695953259,Well-served,-0.1047286910791051,1,2,-1,False
150113,JESUS MARIA,0.8183508517141694,Well-served,0.8910105110285017,Well-served,0.07265965931433227,2,1,1,False
070102,BELLAVISTA,0.7692952287041677,Well-served,0.8615771372225006,Well-served,0.09228190851833296,3,3,0,False
040126,YANAHUARA,0.6910291108631932,Well-served,0.7949286675918054,Well-served,0.10389955672861217,4,4,0,False
130103,FLORENCIA DE MORA,0.6588260764046998,Well-served,0.6898780116998491,Well-served,0.03105193529514927,5,16,-11,False
150110,COMAS,0.6336362517474841,Well-served,0.7318052289209865,Well-served,0.09816897717350248,6,7,-1,False
070101,CALLAO,0.6236299550936053,Well-served,0.7101349705804099,Well-served,0.08650501548680456,7,11,-4,False
150133,SAN JUAN DE MIRAFLORES,0.618834010196254,Well-served,0.6508131533306805,Well-served,0.03197914313442651,8,30,-22,False
150122,MIRAFLORES,0.6162204849342173,Well-served,0.790831935304943,Well-served,0.17461145037072567,9,6,3,False
070103,CARMEN DE LA LEGUA REYNOSO,0.6143460702102166,Well-served,0.73097037613942,Well-served,0.11662430592920336,10,9,1,False
040101,AREQUIPA,0.5813384582978733,Well-served,0.7930844304648886,Well-served,0.2117459721670153,11,5,6,False
080108,WANCHAQ,0.5777681442095073,Well-served,0.7211599204475769,Well-served,0.14339177623806965,12,10,2,False
150115,LA VICTORIA,0.5766373179362363,Well-served,0.7090300411270558,Well-served,0.13239272319081952,13,12,1,False
150141,SURQUILLO,0.5490305972339151,Well-served,0.6512283334261358,Well-served,0.10219773619222072,14,29,-15,False
150137,SANTA ANITA,0.5338923507136122,Well-served,0.6412526014099315,Well-served,0.10736025069631927,15,35,-20,False
150128,RIMAC,0.5296194649306292,Well-served,0.605790541041588,Well-served,0.07617107611095886,16,67,-51,False
130101,TRUJILLO,0.5265338526886589,Well-served,0.7033456643575833,Well-served,0.17681181166892435,17,13,4,False
150143,VILLA MARIA DEL TRIUNFO,0.5241263619869057,Well-served,0.6736666870861692,Well-served,0.14954032509926352,18,23,-5,False
150142,VILLA EL SALVADOR,0.5223216374810504,Well-served,0.6691881272788267,Well-served,0.14686648979777628,19,24,-5,False
150132,SAN JUAN DE LURIGANCHO,0.518719700374597,Well-served,0.6861489821236701,Well-served,0.16742928174907312,20,17,3,False
150130,SAN BORJA,0.5156872358819896,Well-served,0.6861193989763519,Well-served,0.17043216309436227,21,18,3,False
150116,LINCE,0.5149298480795413,Well-served,0.6826298937474066,Well-served,0.16770004566786523,22,20,2,False
150112,INDEPENDENCIA,0.5111817849512514,Well-served,0.6228726371142729,Well-served,0.11169085216302144,23,46,-23,False
150131,SAN ISIDRO,0.5090026805947796,Well-served,0.6780389849181471,Well-served,0.16903630432336747,24,22,2,False
150105,BREÑA,0.5081240863226469,Well-served,0.6823434039771351,Well-served,0.17421931765448817,25,21,4,False
150103,ATE,0.506825032235602,Well-served,0.6856514309469758,Well-served,0.17882639871137374,26,19,7,False
150111,EL AGUSTINO,0.4874161813783451,Well-served,0.6293749103821492,Well-served,0.14195872900380413,27,43,-16,False
150136,SAN MIGUEL,0.48478851212343366,Well-served,0.6959061404956535,Well-served,0.2111176283722198,28,14,14,False
150120,MAGDALENA DEL MAR,0.48346723792128193,Well-served,0.6679144279629168,Well-served,0.18444719004163485,29,25,4,False
150108,CHORRILLOS,0.48033899849617384,Well-served,0.6321422660353581,Well-served,0.15180326753918422,30,41,-11,False
070104,LA PERLA,0.47920661673818554,Well-served,0.6000062333218339,Well-served,0.12079961658364835,31,97,-66,False
040112,PAUCARPATA,0.47814270408958415,Well-served,0.6428422657909924,Well-served,0.1646995617014082,32,33,-1,False
150135,SAN MARTIN DE PORRES,0.4757980379659808,Well-served,0.6522808591663045,Well-served,0.17648282120032371,33,27,6,False
110101,ICA,0.4718940044137126,Well-served,0.6899240790015533,Well-served,0.21803007458784068,34,15,19,False
150121,PUEBLO LIBRE,0.46510611593461526,Well-served,0.7310089143654117,Well-served,0.26590279843079645,35,8,27,False
140101,CHICLAYO,0.46026865939685047,Well-served,0.659899450505186,Well-served,0.19963079110833548,36,26,10,False
150117,LOS OLIVOS,0.4602440137588438,Well-served,0.6125935311732366,Well-served,0.1523495174143928,37,59,-22,False
050110,SAN JUAN BAUTISTA,0.4540412521191974,Well-served,0.6417711886193611,Well-served,0.18772993650016373,38,34,4,False
150104,BARRANCO,0.45038770916078114,Well-served,0.6,Well-served,0.14961229083921884,39,122,-83,False
130105,LA ESPERANZA,0.44229609763327526,Well-served,0.6403448423558601,Well-served,0.19804874472258482,40,37,3,False
150114,LA MOLINA,0.43942215600778867,Well-served,0.6522667562730776,Well-served,0.21284460026528895,41,28,13,False
150140,SANTIAGO DE SURCO,0.4385524057931004,Well-served,0.6394977337360415,Well-served,0.20094532794294107,42,38,4,False
040129,JOSE LUIS BUSTAMANTE Y RIVERO,0.4339594207071878,Well-served,0.6,Well-served,0.16604057929281218,43,122,-79,False
150134,SAN LUIS,0.42972718882444283,Well-served,0.6024835846902451,Well-served,0.17275639586580227,44,76,-32,False
110501,PISCO,0.4265138665324967,Well-served,0.6443373963410878,Well-served,0.2178235298085911,45,31,14,False
220901,TARAPOTO,0.4263175636384233,Well-served,0.6409110107331354,Well-served,0.21459344709471206,46,36,10,False
130111,VICTOR LARCO HERRERA,0.4257728754365062,Well-served,0.6250337495533613,Well-served,0.1992608741168551,47,45,2,False
200602,BELLAVISTA,0.41324372949443444,Well-served,0.6,Well-served,0.18675627050556554,48,122,-74,False
150805,HUALMAY,0.4129557076196168,Well-served,0.6,Well-served,0.18704429238038317,49,122,-73,False
110113,TATE,0.40962829291570846,Well-served,0.42857142857142855,Well-served,0.01894313565572009,50,248,-198,False
110201,CHINCHA ALTA,0.4082277632143543,Well-served,0.6441865564162087,Well-served,0.23595879320185442,51,32,19,False
130102,EL PORVENIR,0.3985741536859302,Well-served,0.6153464240609083,Well-served,0.21677227037497815,52,53,-1,False
021801,CHIMBOTE,0.3985700687463912,Well-served,0.20541115493849818,Well-served,-0.19315891380789305,53,391,-338,False
040107,JACOBO HUNTER,0.3931580251926454,Well-served,0.6031534160215716,Well-served,0.20999539082892615,54,71,-17,False
120114,EL TAMBO,0.39297316021361955,Well-served,0.6127005632656808,Well-served,0.21972740305206123,55,58,-3,False
150125,PUENTE PIEDRA,0.39247681329032774,Well-served,0.6206907151367027,Well-served,0.22821390184637497,56,48,8,False
070106,VENTANILLA,0.39079698731052825,Well-served,0.6199499962777097,Well-served,0.2291530089671815,57,49,8,False
140112,PIMENTEL,0.38784589296785166,Well-served,0.6301878379836907,Well-served,0.24234194501583906,58,42,16,False
160101,IQUITOS,0.38743007525469764,Well-served,0.29278499074113856,Well-served,-0.09464508451355907,59,329,-270,False
050116,ANDRES AVELINO CACERES DORREGARAY,0.38735359481870224,Well-served,0.6007241400433968,Well-served,0.21337054522469456,60,83,-23,False
120119,HUANCAN,0.38581446578194145,Well-served,0.6,Well-served,0.21418553421805853,61,122,-61,False
190101,CHAUPIMARCA,0.38509033187826547,Well-served,0.613975177728283,Well-served,0.22888484585001756,62,55,7,False
150803,CALETA DE CARQUIN,0.38210544378121514,Well-served,0.6,Well-served,0.21789455621878484,63,122,-59,False
021803,COISHCO,0.3803762779585648,Well-served,0.6044163443430276,Well-served,0.22404006638446278,64,69,-5,False
060101,CAJAMARCA,0.37791054459660184,Well-served,0.49235064403449785,Well-served,0.11444009943789601,65,206,-141,False
240101,TUMBES,0.3778512463554559,Well-served,0.6328790376649571,Well-served,0.2550277913095012,66,40,26,False
010101,CHACHAPOYAS,0.3769305322238218,Well-served,0.6127883678594995,Well-served,0.23585783563567775,67,56,11,False
150118,LURIGANCHO,0.37615510446090583,Well-served,0.6163400554385304,Well-served,0.2401849509776246,68,51,17,False
230103,CALANA,0.3760408422284781,Well-served,0.6332500028743294,Well-served,0.2572091606458513,69,39,30,False
211306,TINICACHI,0.37271366008108314,Well-served,0.0,Well-served,-0.37271366008108314,70,1337,-1267,False
140105,JOSE LEONARDO ORTIZ,0.37168106908416,Well-served,0.6000793852941608,Well-served,0.22839831621000084,71,93,-22,False
110106,PARCONA,0.3708329114416821,Well-served,0.6000959358383405,Well-served,0.2292630243966584,72,92,-20,False
060605,LA RAMADA,0.37047426122704225,Well-served,4.155547889286174e-06,Well-served,-0.37047010567915295,73,745,-672,False
120125,PILCOMAYO,0.36958144464762843,Well-served,0.6,Well-served,0.23041855535237155,74,122,-48,False
050101,AYACUCHO,0.3690224453654965,Well-served,0.6125679711937925,Well-served,0.24354552582829597,75,60,15,False
040109,MARIANO MELGAR,0.36897223312190486,Well-served,0.6089177926999846,Well-served,0.23994555957807973,76,62,14,False
130107,MOCHE,0.36878580026287294,Well-served,0.6118921583044,Well-served,0.24310635804152708,77,61,16,False
040122,SOCABAYA,0.3679568976548673,Well-served,0.60191821523517,Well-served,0.2339613175803027,78,78,0,False
120430,SAUSA,0.3676380673885488,Well-served,0.6,Well-served,0.23236193261145116,79,122,-43,False
100102,AMARILIS,0.3656179821167518,Well-served,0.6159590981482286,Well-served,0.2503411160314768,80,52,28,False
150205,SUPE PUERTO,0.36453764175608605,Well-served,0.6,Well-served,0.23546235824391393,81,122,-41,False
040110,MIRAFLORES,0.3642954533021506,Well-served,0.6001572659933962,Well-served,0.23586181269124568,82,89,-7,False
090111,MARISCAL CACERES,0.3641016168848487,Well-served,0.0,Well-served,-0.3641016168848487,83,1337,-1254,False
130203,CHOCOPE,0.3636420268101831,Well-served,0.6174579143103694,Well-served,0.25381588750018635,84,50,34,False
040202,JOSE MARIA QUIMPER,0.3633880549329531,Well-served,0.6,Well-served,0.23661194506704686,85,122,-37,False
080106,SANTIAGO,0.363261027766639,Well-served,0.6085861547238778,Well-served,0.2453251269572388,86,63,23,False
120404,ATAURA,0.3622267806401538,Well-served,0.6,Well-served,0.2377732193598462,87,122,-35,False
050104,CARMEN ALTO,0.36188799243867154,Well-served,0.6003523618020605,Well-served,0.238464369363389,88,86,2,False
120424,PANCAN,0.36159178869864594,Well-served,0.6,Well-served,0.23840821130135403,89,122,-33,False
200101,PIURA,0.36035299945725974,Well-served,0.35740140445788754,Well-served,-0.002951594999372198,90,291,-201,False
120904,HUACHAC,0.3603069182817599,Well-served,0.0,Well-served,-0.3603069182817599,91,1337,-1246,False
120136,VIQUES,0.35971155440078223,Well-served,0.15,Well-served,-0.20971155440078224,92,427,-335,False
150107,CHACLACAYO,0.3596534621296825,Well-served,0.6000084543905334,Well-served,0.24035499226085089,93,96,-3,False
110107,PUEBLO NUEVO,0.3595541113119055,Well-served,0.6,Well-served,0.24044588868809447,94,122,-28,False
060601,CUTERVO,0.35905144475008344,Well-served,0.40273351548607267,Well-served,0.04368207073598923,95,262,-167,False
010201,BAGUA,0.35844969684541095,Well-served,0.42430284357378134,Well-served,0.0658531467283704,96,251,-155,False
110110,SAN JUAN BAUTISTA,0.35820582041522614,Well-served,0.46956521739130436,Well-served,0.11135939697607822,97,220,-123,False
200115,VEINTISEIS DE OCTUBRE,0.35804240083431366,Well-served,0.608464945081765,Well-served,0.2504225442474513,98,64,34,False
120401,JAUJA,0.3578902298003014,Well-served,0.6274675759850383,Well-served,0.26957734618473694,99,44,55,False
030712,VILCABAMBA,0.3577656233856123,Well-served,0.0,Well-served,-0.3577656233856123,100,1337,-1237,False
130704,PACASMAYO,0.3577458659130043,Well-served,0.6216049293886209,Well-served,0.2638590634756166,101,47,54,False
020603,AMASHCA,0.35766034185734785,Well-served,0.6,Well-served,0.24233965814265213,102,122,-20,False
030201,ANDAHUAYLAS,0.35762114535089407,Well-served,0.39308637202523594,Well-served,0.035465226674341876,103,269,-166,False
220507,RUMISAPA,0.35752740130419897,Well-served,0.6,Well-served,0.242472598695801,104,122,-18,False
140106,LA VICTORIA,0.35714084167927557,Well-served,0.6002122911792406,Well-served,0.243071449499965,105,87,18,False
140114,SANTA ROSA,0.356856588979012,Well-served,0.3,Well-served,-0.056856588979012024,106,322,-216,False
120212,NUEVE DE JULIO,0.3568277318618263,Well-served,0.0,Well-served,-0.3568277318618263,107,1337,-1230,False
060401,CHOTA,0.3567047112468712,Well-served,0.5825487791975152,Well-served,0.22584406795064405,108,157,-49,False
200802,BELLAVISTA DE LA UNION,0.35648415585883947,Well-served,0.0,Well-served,-0.35648415585883947,109,1337,-1228,False
120121,HUAYUCACHI,0.3562479122503306,Well-served,0.6,Well-served,0.2437520877496694,110,122,-12,False
040117,SACHACA,0.3558118821682446,Well-served,0.6,Well-served,0.24418811783175537,111,122,-11,False
030101,ABANCAY,0.35504356853112673,Well-served,0.5967438202456293,Well-served,0.2417002517145026,112,148,-36,False
050115,JESUS NAZARENO,0.3546301895422353,Well-served,0.6142981331122479,Well-served,0.2596679435700126,113,54,59,False
090203,ANTA,0.3543635154496212,Well-served,0.25217391304347825,Well-served,-0.10218960240614294,114,355,-241,False
150138,SANTA MARIA DEL MAR,0.35409233892015596,Well-served,0.0,Well-served,-0.35409233892015596,115,1337,-1222,False
120210,MATAHUASI,0.3537793246426593,Well-served,0.0,Well-served,-0.3537793246426593,116,1337,-1221,False
040104,CERRO COLORADO,0.35368603931501197,Well-served,0.6067082722987237,Well-served,0.25302223298371174,117,65,52,False
080101,CUSCO,0.353403382659202,Well-served,0.6127248673045483,Well-served,0.2593214846453463,118,57,61,False
060404,CHIGUIRIP,0.3533188995262793,Well-served,0.0,Well-served,-0.3533188995262793,119,1337,-1218,False
120215,SANTA ROSA DE OCOPA,0.3532890670062437,Well-served,0.0,Well-served,-0.3532890670062437,120,1337,-1217,False
060801,JAEN,0.3532589699608378,Well-served,0.34865564824450324,Well-served,-0.004603321716334541,121,299,-178,False
211307,UNICACHI,0.35321764087698887,Well-served,0.0,Well-served,-0.35321764087698887,122,1337,-1215,False
060410,LAJAS,0.35321320839986686,Well-served,0.3428571428571429,Well-served,-0.010356065542723947,123,304,-181,False
150605,CHANCAY,0.35292209779854666,Well-served,0.5704934834812712,Well-served,0.2175713856827245,124,163,-39,False
220801,RIOJA,0.3527422536266903,Well-served,0.5494526363007867,Well-served,0.19671038267409635,125,172,-47,False
120101,HUANCAYO,0.35257219969639286,Well-served,0.4683498442783001,Well-served,0.11577764458190726,126,222,-96,False
200503,ARENAL,0.3525373529853935,Well-served,0.0,Well-served,-0.3525373529853935,127,1337,-1210,False
120211,MITO,0.35248013249415094,Well-served,0.0,Well-served,-0.35248013249415094,128,1337,-1209,False
061302,ANDABAMBA,0.35192011591938904,Well-served,0.0,Well-served,-0.35192011591938904,129,1337,-1208,False
090206,PAUCARA,0.35186837051087777,Well-served,0.004542658669386401,Well-served,-0.34732571184149136,130,596,-466,False
120429,SAN PEDRO DE CHUNAN,0.3518112099943767,Well-served,0.6,Well-served,0.24818879000562327,131,122,9,False
060612,SANTO DOMINGO DE LA CAPILLA,0.3517269320444522,Well-served,0.015789473684210527,Well-served,-0.3359374583602417,132,569,-437,False
120906,SAN JUAN DE ISCOS,0.3516925525423392,Well-served,0.5333333333333333,Well-served,0.1816407807909941,133,184,-51,False
010204,EL PARCO,0.35099355266121746,Well-served,0.6,Well-served,0.24900644733878252,134,122,12,False
090208,ROSARIO,0.3502123043601697,Well-served,0.10003489227279452,Well-served,-0.2501774120873752,135,471,-336,False
021012,RAHUAPAMPA,0.3501751371967103,Well-served,0.09230769230769231,Well-served,-0.25786744488901797,136,479,-343,False
060614,SOCOTA,0.34993895400159836,Well-served,0.0,Well-served,-0.34993895400159836,137,1337,-1200,False
120434,YAUYOS,0.34975558596570305,Well-served,0.6,Well-served,0.2502444140342969,138,122,16,False
060413,PACCHA,0.34970024239946057,Well-served,0.0,Well-served,-0.34970024239946057,139,1337,-1198,False
140312,TUCUME,0.3484585086890441,Well-served,0.0,Well-served,-0.3484585086890441,140,1337,-1197,False
090302,ANCHONGA,0.34833558258686526,Well-served,0.18651958757484596,Well-served,-0.1618159950120193,141,404,-263,False
100605,LUYANDO,0.34828259235162584,Well-served,0.5172119932603219,Well-served,0.16892940090869601,142,190,-48,False
022006,RANRAHIRCA,0.34814906080863794,Well-served,0.6,Well-served,0.25185093919136203,143,122,21,False
120905,HUAMANCACA CHICO,0.34795618533819594,Well-served,0.6,Well-served,0.25204381466180403,144,122,22,False
110211,TAMBO DE MORA,0.347641144666584,Well-served,0.47368421052631576,Well-served,0.12604306585973174,145,217,-72,False
061311,YAUYUCAN,0.34758769388355226,Well-served,0.0,Well-served,-0.34758769388355226,146,1337,-1191,False
120425,PARCO,0.34754336387545404,Well-served,0.6,Well-served,0.25245663612454594,147,122,25,False
020611,YUNGAR,0.34752863536300777,Well-served,0.0,Well-served,-0.34752863536300777,148,1337,-1189,False
120908,TRES DE DICIEMBRE,0.3470109850983646,Well-served,0.6,Well-served,0.2529890149016354,149,122,27,False
020502,ABELARDO PARDO LEZAMETA,0.34683490432348263,Well-served,0.0,Well-served,-0.34683490432348263,150,1337,-1187,False
120420,MUQUI,0.34680451324398665,Well-served,0.4,Well-served,0.05319548675601338,151,264,-113,False
190108,SAN FRANCISCO DE ASIS DE YARUSYACAN,0.34671971482172875,Well-served,0.16271186440677965,Well-served,-0.1840078504149491,152,421,-269,False
120410,HUERTAS,0.34669279014057897,Well-served,0.6,Well-served,0.253307209859421,153,122,31,False
140303,ILLIMO,0.3466337645792778,Well-served,0.0,Well-served,-0.3466337645792778,154,1337,-1183,False
190106,PALLANCHACRA,0.34663076917921415,Well-served,0.0,Well-served,-0.34663076917921415,155,1337,-1182,False
120428,SAN LORENZO,0.3465661255392883,Well-served,0.0,Well-served,-0.3465661255392883,156,1337,-1181,False
120116,HUACRAPUQUIO,0.34655776502252544,Well-served,0.0,Well-served,-0.34655776502252544,157,1337,-1180,False
090108,IZCUCHACA,0.3463747030759177,Well-served,3.152484605665373e-06,Well-served,-0.3463715505913121,158,751,-593,False
130608,MACHE,0.34623710751119274,Well-served,0.6,Well-served,0.25376289248880723,159,122,37,False
022003,MANCOS,0.3461009514685731,Well-served,0.5032258064516129,Well-served,0.15712485498303974,160,200,-40,False
060701,BAMBAMARCA,0.34590940466687803,Well-served,0.33712413492155413,Well-served,-0.008785269745323898,161,305,-144,False
010523,TRITA,0.34575428244279627,Well-served,0.0,Well-served,-0.34575428244279627,162,1337,-1175,False
120202,ACO,0.3457392892032695,Well-served,0.0,Well-served,-0.3457392892032695,163,1337,-1174,False
120132,SAÑO,0.3457221307368086,Well-served,0.046153846153846156,Well-served,-0.2995682845829624,164,533,-369,False
120201,CONCEPCION,0.3457212283592511,Well-served,0.002138387625924744,Well-served,-0.3435828407333264,165,604,-439,False
120104,CARHUACALLANGA,0.34562183451061773,Well-served,0.0,Well-served,-0.34562183451061773,166,1337,-1171,False
120129,SAN AGUSTIN,0.345611345369318,Well-served,0.5076923076923077,Well-served,0.16208096232298969,167,197,-30,False
060407,COCHABAMBA,0.3455792952869949,Well-served,0.14042553191489363,Well-served,-0.20515376337210126,168,433,-265,False
021603,PAROBAMBA,0.34551121290238973,Well-served,0.0123788039831643,Well-served,-0.3331324089192254,169,576,-407,False
140104,ETEN PUERTO,0.3454720300882398,Well-served,0.0,Well-served,-0.3454720300882398,170,1337,-1167,False
080103,POROY,0.34535489249403967,Well-served,0.6,Well-served,0.2546451075059603,171,122,49,False
021504,HUACASCHUQUE,0.34517368483084393,Well-served,0.0,Well-served,-0.34517368483084393,172,1337,-1165,False
120117,HUALHUAS,0.34514882499323435,Well-served,0.22499999999999998,Well-served,-0.12014882499323437,173,380,-207,False
060609,SAN JUAN DE CUTERVO,0.3450880559804257,Well-served,0.0,Well-served,-0.3450880559804257,174,1337,-1163,False
010509,LUYA,0.34503373925359115,Well-served,0.07826086956521738,Well-served,-0.26677286968837377,175,504,-329,False
220501,LAMAS,0.3449890772351384,Well-served,0.6042010236612826,Well-served,0.2592119464261442,176,70,106,False
120106,CHICCHE,0.3449750334972395,Well-served,0.0,Well-served,-0.3449750334972395,177,1337,-1160,False
020105,INDEPENDENCIA,0.34483871138602373,Well-served,0.5963323062789627,Well-served,0.251493594892939,178,149,29,False
150717,SAN BARTOLOME,0.3446414398042609,Well-served,0.0,Well-served,-0.3446414398042609,179,1337,-1158,False
120409,HUARIPAMPA,0.34456127007134296,Well-served,0.6,Well-served,0.255438729928657,180,122,58,False
061306,NINABAMBA,0.3444856290796361,Well-served,0.0,Well-served,-0.3444856290796361,181,1337,-1156,False
061310,UTICYACU,0.3444432799479653,Well-served,0.0,Well-served,-0.3444432799479653,182,1337,-1155,False
120416,MASMA,0.3444271187948378,Well-served,0.5076923076923077,Well-served,0.16326518889746988,183,197,-14,False
020602,ACOPAMPA,0.34435912296740884,Well-served,0.6,Well-served,0.25564087703259114,184,122,62,False
060419,CHALAMARCA,0.3441835901265142,Well-served,0.042857142857142864,Well-served,-0.30132644726937136,185,539,-354,False
060417,TACABAMBA,0.3441288476441123,Well-served,0.0,Well-served,-0.3441288476441123,186,1337,-1151,False
140113,REQUE,0.3439173964567394,Well-served,0.2640006448263966,Well-served,-0.07991675163034279,187,347,-160,False
060703,HUALGAYOC,0.34385540648259355,Well-served,0.15199999999999997,Well-served,-0.19185540648259358,188,426,-238,False
150123,PACHACAMAC,0.3437173045718326,Well-served,0.24999999999999997,Well-served,-0.09371730457183261,189,359,-170,False
030710,SANTA ROSA,0.3436894250918302,Well-served,0.0,Well-served,-0.3436894250918302,190,1337,-1147,False
190207,TAPUC,0.3436849212730009,Well-served,0.0,Well-served,-0.3436849212730009,191,1337,-1146,False
030204,HUANCARAMA,0.34362208619614804,Well-served,0.09152542372881356,Well-served,-0.2520966624673345,192,481,-289,False
040111,MOLLEBAYA,0.34360248354726747,Well-served,0.12,Well-served,-0.22360248354726747,193,449,-256,False
061308,SAUCEPAMPA,0.3435910885540644,Well-served,0.0,Well-served,-0.3435910885540644,194,1337,-1143,False
140108,MONSEFU,0.3435803445698215,Well-served,0.525,Well-served,0.18141965543017852,195,188,7,False
200608,SALITRAL,0.3435343092279869,Well-served,0.6,Well-served,0.2564656907720131,196,122,74,False
020610,TINCO,0.34353258491951577,Well-served,0.6,Well-served,0.2564674150804842,197,122,75,False
190206,SANTA ANA DE TUSI,0.343487242001183,Well-served,1.218005415825258e-06,Well-served,-0.3434860239957672,198,768,-570,False
200601,SULLANA,0.34330114997755246,Well-served,0.26723679616258084,Well-served,-0.07606435381497162,199,344,-145,False
110210,SUNAMPE,0.34328591188539237,Well-served,0.6,Well-served,0.2567140881146076,200,122,78,False
200408,SANTA CATALINA DE MOSSA,0.34327306085757264,Well-served,0.0,Well-served,-0.34327306085757264,201,1337,-1136,False
100321,SHUNQUI,0.3432059758180335,Well-served,0.0,Well-served,-0.3432059758180335,202,1337,-1135,False
090202,ANDABAMBA,0.3431625386275741,Well-served,0.0,Well-served,-0.3431625386275741,203,1337,-1134,False
150727,SANTA CRUZ DE COCACHACRA,0.3429973851079082,Well-served,0.0,Well-served,-0.3429973851079082,204,1337,-1133,False
090310,SAN ANTONIO DE ANTAPARCO,0.34284344082227775,Well-served,0.0,Well-served,-0.34284344082227775,205,1337,-1132,False
120422,PACA,0.34279712853792005,Well-served,0.4,Well-served,0.057202871462079974,206,264,-58,False
120402,ACOLLA,0.34271153045507435,Well-served,0.168,Well-served,-0.17471153045507434,207,418,-211,False
010519,SAN JUAN DE LOPECANCHA,0.34263793713895907,Well-served,0.0,Well-served,-0.34263793713895907,208,1337,-1129,False
090507,PAUCARBAMBA,0.34260077626127905,Well-served,0.0006044172757589338,Well-served,-0.3419963589855201,209,626,-417,False
120208,MANZANARES,0.34258576465419943,Well-served,0.0,Well-served,-0.34258576465419943,210,1337,-1127,False
021901,SIHUAS,0.3425800822775029,Well-served,0.6060717602087952,Well-served,0.26349167793129225,211,66,145,False
150139,SANTA ROSA,0.342558658350693,Well-served,0.6,Well-served,0.257441341649307,212,122,90,False
090701,PAMPAS,0.34251442921549546,Well-served,0.3759664305883213,Well-served,0.033452001372825835,213,278,-65,False
200209,SICCHEZ,0.34240702111282234,Well-served,0.0,Well-served,-0.34240702111282234,214,1337,-1123,False
030601,CHINCHEROS,0.3423630496900872,Well-served,0.6020324718267089,Well-served,0.25966942213662175,215,77,138,False
021201,CARAZ,0.3423442977554178,Well-served,0.603133472270756,Well-served,0.2607891745153382,216,72,144,False
120407,EL MANTARO,0.3423282425111701,Well-served,0.0,Well-served,-0.3423282425111701,217,1337,-1120,False
030602,ANCO_HUALLO,0.3421733632687929,Well-served,0.5294117647058824,Well-served,0.18723840143708947,218,186,32,False
110204,CHINCHA BAJA,0.3421402006380799,Well-served,0.3619047619047619,Well-served,0.019764561266681968,219,286,-67,False
120901,CHUPACA,0.342119657120257,Well-served,0.6005830663572933,Well-served,0.2584634092370363,220,85,135,False
090207,POMACOCHA,0.34210525675146536,Well-served,0.6000151892440091,Well-served,0.25790993249254374,221,94,127,False
090105,CUENCA,0.34210481994936853,Well-served,0.0,Well-served,-0.34210481994936853,222,1337,-1115,False
030609,ROCCHACC,0.34209194560732137,Well-served,0.0,Well-served,-0.34209194560732137,223,1337,-1114,False
230206,QUILAHUANI,0.3420381547557215,Well-served,0.0,Well-served,-0.3420381547557215,224,1337,-1113,False
060611,SANTA CRUZ,0.34199913389339665,Well-served,0.0,Well-served,-0.34199913389339665,225,1337,-1112,False
110508,TUPAC AMARU INCA,0.3419303194022025,Well-served,0.5625,Well-served,0.22056968059779752,226,167,59,False
060606,PIMPINGOS,0.34186412410896544,Well-served,0.0,Well-served,-0.34186412410896544,227,1337,-1110,False
120412,JULCAN,0.34175582384507397,Well-served,0.55,Well-served,0.20824417615492608,228,171,57,False
210503,PILCUYO,0.34168545850058873,Well-served,0.0969230769230769,Well-served,-0.24476238157751184,229,475,-246,False
190203,GOYLLARISQUIZGA,0.3416651114540568,Well-served,0.0,Well-served,-0.3416651114540568,230,1337,-1107,False
210106,CHUCUITO,0.3416517317407839,Well-served,0.03896103896103895,Well-served,-0.3026906927797449,231,546,-315,False
220511,ZAPATERO,0.3416306699495287,Well-served,0.08888888888888888,Well-served,-0.2527417810606398,232,490,-258,False
010611,TOTORA,0.3415970794701832,Well-served,0.0,Well-served,-0.3415970794701832,233,1337,-1104,False
120602,COVIRIALI,0.3415792867240871,Well-served,0.43999999999999995,Well-served,0.09842071327591284,234,238,-4,False
120408,HUAMALI,0.3415167345049877,Well-served,0.3,Well-served,-0.04151673450498772,235,322,-87,False
030610,EL PORVENIR,0.34139391054157053,Well-served,0.0,Well-served,-0.34139391054157053,236,1337,-1101,False
061305,LA ESPERANZA,0.3413888502122626,Well-served,0.0,Well-served,-0.3413888502122626,237,1337,-1100,False
200806,RINCONADA LLICUAR,0.34135761503293366,Well-served,0.0,Well-served,-0.34135761503293366,238,1337,-1099,False
140201,FERREÑAFE,0.34130029880291307,Well-served,0.6051784772031793,Well-served,0.26387817840026623,239,68,171,False
010118,SAN FRANCISCO DE DAGUAS,0.3412887317474227,Well-served,0.03529411764705882,Well-served,-0.3059946141003639,240,552,-312,False
010610,SANTA ROSA,0.34128104839806306,Well-served,0.6,Well-served,0.2587189516019369,241,122,119,False
021808,SANTA,0.34119985258345986,Well-served,0.288,Well-served,-0.05319985258345988,242,332,-90,False
060610,SAN LUIS DE LUCMA,0.341155044545654,Well-served,0.0,Well-served,-0.341155044545654,243,1337,-1094,False
140305,MOCHUMI,0.34111694969844536,Well-served,0.05,Well-served,-0.29111694969844537,244,530,-286,False
030704,HUAYLLATI,0.3411007311996835,Well-served,0.0,Well-served,-0.3411007311996835,245,1337,-1092,False
020506,CANIS,0.3410871915862662,Well-served,0.0,Well-served,-0.3410871915862662,246,1337,-1091,False
060613,SANTO TOMAS,0.34108708522744546,Well-served,0.0,Well-served,-0.34108708522744546,247,1337,-1090,False
120111,CHUPURO,0.34107250355351443,Well-served,0.10588235294117647,Well-served,-0.23519015061233794,248,465,-217,False
100208,TOMAY KICHWA,0.34106929714200046,Well-served,0.0,Well-served,-0.34106929714200046,249,1337,-1088,False
150609,SAN MIGUEL DE ACOS,0.3410688734098773,Well-served,0.0,Well-served,-0.3410688734098773,250,1337,-1087,False
120421,MUQUIYAUYO,0.34106123538578703,Well-served,0.525,Well-served,0.183938764614213,251,188,63,False
090506,LOCROJA,0.34102289318988266,Well-served,0.00042658848504844617,Well-served,-0.3405963047048342,252,632,-380,False
120130,SAN JERONIMO DE TUNAN,0.34098749259225886,Well-served,0.0,Well-served,-0.34098749259225886,253,1337,-1084,False
120413,LEONOR ORDOÑEZ,0.34096058039797716,Well-served,0.0,Well-served,-0.34096058039797716,254,1337,-1083,False
060904,LA COIPA,0.34091773736337644,Well-served,2.4933287335717045e-05,Well-served,-0.3408928040760407,255,704,-449,False
030214,SAN MIGUEL DE CHACCRAMPA,0.340911500088787,Well-served,0.0,Well-served,-0.340911500088787,256,1337,-1081,False
130702,GUADALUPE,0.34090518203575937,Well-served,0.5683503281602761,Well-served,0.22744514612451672,257,165,92,False
061304,CHANCAYBAÑOS,0.3408647691606836,Well-served,0.0,Well-served,-0.3408647691606836,258,1337,-1079,False
200403,CHALACO,0.34084063658824626,Well-served,0.0,Well-served,-0.34084063658824626,259,1337,-1078,False
200109,LA ARENA,0.34083958352510996,Well-served,0.0,Well-served,-0.34083958352510996,260,1337,-1077,False
220803,ELIAS SOPLIN VARGAS,0.34082917724077666,Well-served,0.04393737036622507,Well-served,-0.2968918068745516,261,536,-275,False
061203,SAN LUIS,0.3408242999200728,Well-served,0.0,Well-served,-0.3408242999200728,262,1337,-1075,False
010608,MILPUC,0.3408182940864411,Well-served,0.0,Well-served,-0.3408182940864411,263,1337,-1074,False
030410,POCOHUANCA,0.34067908455583557,Well-served,0.0,Well-served,-0.34067908455583557,264,1337,-1073,False
150106,CARABAYLLO,0.3406147748861909,Well-served,0.43259933677688955,Well-served,0.09198456189069865,265,242,23,False
021301,PISCOBAMBA,0.34059244256131704,Well-served,0.00014350969693517596,Well-served,-0.3404489328643819,266,660,-394,False
030413,SORAYA,0.3405814560791338,Well-served,0.0,Well-served,-0.3405814560791338,267,1337,-1070,False
130610,PARANDAY,0.34057311188476597,Well-served,0.0,Well-served,-0.34057311188476597,268,1337,-1069,False
050111,SANTIAGO DE PISCHA,0.3405073379904199,Well-served,0.0,Well-served,-0.3405073379904199,269,1337,-1068,False
061111,SAN SILVESTRE DE COCHAN,0.34050098421254293,Well-served,0.0,Well-served,-0.34050098421254293,270,1337,-1067,False
120213,ORCOTUNA,0.34047341955328797,Well-served,0.0,Well-served,-0.34047341955328797,271,1337,-1066,False
140311,SAN JOSE,0.34040846605137126,Well-served,0.5684210526315789,Well-served,0.22801258658020768,272,164,108,False
180103,CUCHUMBAYA,0.3403107481022271,Well-served,0.0,Well-served,-0.3403107481022271,273,1337,-1064,False
010108,HUANCAS,0.3402864629274597,Well-served,0.6,Well-served,0.2597135370725403,274,122,152,False
110102,LA TINGUIÑA,0.34027168147484776,Well-served,0.6006139463769533,Well-served,0.26034226490210555,275,84,191,False
200306,SAN MIGUEL DE EL FAIQUE,0.34026680898198364,Well-served,0.0,Well-served,-0.34026680898198364,276,1337,-1061,False
021904,CASHAPAMPA,0.34025936069071216,Well-served,0.6,Well-served,0.2597406393092878,277,122,155,False
150601,HUARAL,0.34024797888317837,Well-served,0.47715866210581515,Well-served,0.13691068322263678,278,214,64,False
090715,SALCAHUASI,0.3402104474299669,Well-served,0.0,Well-served,-0.3402104474299669,279,1337,-1058,False
061105,EL PRADO,0.3401694464175136,Well-served,0.0,Well-served,-0.3401694464175136,280,1337,-1057,False
060309,SOROCHUCO,0.3400744258663354,Well-served,0.00631578947368421,Well-served,-0.3337586363926512,281,588,-307,False
211304,CUTURAPI,0.3400582457659943,Well-served,0.31304347826086953,Well-served,-0.02701476750512477,282,315,-33,False
051008,HUAMANQUIQUIA,0.33999920555437146,Well-served,0.0,Well-served,-0.33999920555437146,283,1337,-1054,False
080107,SAYLLA,0.3399829107244921,Well-served,0.0,Well-served,-0.3399829107244921,284,1337,-1053,False
060602,CALLAYUC,0.3399658697007168,Well-served,2.6724471770754187e-05,Well-served,-0.339939145228946,285,701,-416,False
211105,SAN MIGUEL,0.3399499524546364,Well-served,0.44999999999999996,Well-served,0.11005004754536357,286,231,55,False
220509,SHANAO,0.33992760390064625,Well-served,0.6,Well-served,0.26007239609935373,287,122,165,False
200305,LALAQUIZ,0.339911215478668,Well-served,0.0,Well-served,-0.339911215478668,288,1337,-1049,False
090303,CALLANMARCA,0.3398586902070953,Well-served,0.5625031524846057,Well-served,0.2226444622775104,289,166,123,False
120702,ACOBAMBA,0.33983843560931387,Well-served,0.3603009906324636,Well-served,0.020462555023149753,290,288,2,False
060604,CUJILLO,0.33983045778711124,Well-served,0.0,Well-served,-0.33983045778711124,291,1337,-1046,False
200405,MORROPON,0.3398290720365251,Well-served,0.0,Well-served,-0.3398290720365251,292,1337,-1045,False
060306,JOSE GALVEZ,0.33970726202932944,Well-served,0.5111112544058659,Well-served,0.17140399237653647,293,194,99,False
060504,GUZMANGO,0.33969425536742004,Well-served,0.0,Well-served,-0.33969425536742004,294,1337,-1043,False
030709,SAN ANTONIO,0.33967280020878476,Well-served,0.0,Well-served,-0.33967280020878476,295,1337,-1042,False
060107,LLACANORA,0.3396541897290417,Well-served,0.540983606557377,Well-served,0.20132941682833527,296,178,118,False
060408,CONCHAN,0.3396272468590862,Well-served,0.04,Well-served,-0.2996272468590862,297,544,-247,False
220902,ALBERTO LEVEAU,0.33954756581976686,Well-served,0.0,Well-served,-0.33954756581976686,298,1337,-1039,False
010604,HUAMBO,0.3395440850485424,Well-served,0.5121951219512195,Well-served,0.17265103690267714,299,193,106,False
210904,TILALI,0.3394792489183043,Well-served,0.0,Well-served,-0.3394792489183043,300,1337,-1037,False
220903,CACATACHI,0.3394684736177483,Well-served,0.49999999999999994,Well-served,0.16053152638225165,301,202,99,False
140111,PICSI,0.3394499812693015,Well-served,0.6,Well-served,0.2605500187306985,302,122,180,False
050107,PACAYCASA,0.3394345740319633,Well-served,0.3176470588235294,Well-served,-0.021787515208433916,303,311,-8,False
010701,BAGUA GRANDE,0.33940764689518227,Well-served,0.14248775605159836,Well-served,-0.1969198908435839,304,431,-127,False
120709,TAPO,0.3393203734975365,Well-served,0.0,Well-served,-0.3393203734975365,305,1337,-1032,False
050109,SAN JOSE DE TICLLAS,0.33928746431253093,Well-served,0.20425531914893616,Well-served,-0.13503214516359477,306,393,-87,False
060415,QUEROCOTO,0.3392350201942336,Well-served,0.0,Well-served,-0.3392350201942336,307,1337,-1030,False
211305,OLLARAYA,0.33920762495045964,Well-served,0.2930232558139535,Well-served,-0.04618436913650614,308,327,-19,False
190208,VILCABAMBA,0.33918634575397,Well-served,0.0,Well-served,-0.33918634575397,309,1337,-1028,False
080407,TARAY,0.3391860067725083,Well-served,0.13548387096774195,Well-served,-0.20370213580476637,310,441,-131,False
090508,SAN MIGUEL DE MAYOCC,0.339173603998964,Well-served,0.00020978352103155032,Well-served,-0.33896382047793244,311,646,-335,False
110112,SUBTANJALLA,0.33916743490954293,Well-served,0.600906196029374,Well-served,0.2617387611198311,312,82,230,False
010308,RECTA,0.33906085123080487,Well-served,0.0,Well-served,-0.33906085123080487,313,1337,-1024,False
060805,HUABAL,0.3390452300255873,Well-served,2.629458750634527e-05,Well-served,-0.3390189354380809,314,702,-388,False
030209,PACUCHA,0.33900537133189124,Well-served,0.2707317073170732,Well-served,-0.06827366401481805,315,339,-24,False
050809,SAN JOSE DE USHUA,0.3389938942701497,Well-served,0.0,Well-served,-0.3389938942701497,316,1337,-1021,False
060607,QUEROCOTILLO,0.3389884985219737,Well-served,3.302944098208493e-05,Well-served,-0.3389554690809916,317,696,-379,False
120415,MARCO,0.3389361992046634,Well-served,0.6,Well-served,0.2610638007953366,318,122,196,False
051102,ACCOMARCA,0.3389167242466412,Well-served,0.0,Well-served,-0.3389167242466412,319,1337,-1018,False
060110,MATARA,0.338910111061956,Well-served,0.0,Well-served,-0.338910111061956,320,1337,-1017,False
150124,PUCUSANA,0.33886448666489755,Well-served,0.0,Well-served,-0.33886448666489755,321,1337,-1016,False
010515,PROVIDENCIA,0.3388477467348806,Well-served,0.0,Well-served,-0.3388477467348806,322,1337,-1015,False
210210,SAMAN,0.3388318328136908,Well-served,0.0,Well-served,-0.3388318328136908,323,1337,-1014,False
021507,LLAPO,0.33882641309856143,Well-served,0.0,Well-served,-0.33882641309856143,324,1337,-1013,False
050904,CHILCAYOC,0.33873968026773543,Well-served,0.0,Well-served,-0.33873968026773543,325,1337,-1012,False
140309,PACORA,0.3387374232166903,Well-served,0.0,Well-served,-0.3387374232166903,326,1337,-1011,False
090103,ACORIA,0.33871112074840776,Well-served,0.0023813571926802877,Well-served,-0.33632976355572747,327,603,-276,False
220706,SAN CRISTOBAL,0.33868139266707925,Well-served,0.0,Well-served,-0.33868139266707925,328,1337,-1009,False
021306,LLUMPA,0.33866601778601574,Well-served,0.0004270183693128551,Well-served,-0.3382389994167029,329,631,-302,False
100317,RIPAN,0.3386578450537052,Well-served,0.0,Well-served,-0.3386578450537052,330,1337,-1007,False
110103,LOS AQUIJES,0.3386558168926783,Well-served,0.6,Well-served,0.26134418310732166,331,122,209,False
060402,ANGUIA,0.3385893472106062,Well-served,0.0,Well-served,-0.3385893472106062,332,1337,-1005,False
100110,YARUMAYO,0.33854914469945335,Well-served,0.0,Well-served,-0.33854914469945335,333,1337,-1004,False
110401,PALPA,0.3385442349109811,Well-served,0.0033733018228167527,Well-served,-0.33517093308816437,334,601,-267,False
200607,QUERECOTILLO,0.3385131897337424,Well-served,0.12,Well-served,-0.2185131897337424,335,449,-114,False
060608,SAN ANDRES DE CUTERVO,0.33848729874269246,Well-served,0.0,Well-served,-0.33848729874269246,336,1337,-1001,False
080506,PAMPAMARCA,0.3384789543491007,Well-served,0.0,Well-served,-0.3384789543491007,337,1337,-1000,False
140206,PUEBLO NUEVO,0.3384677198425363,Well-served,0.6,Well-served,0.26153228015746366,338,122,216,False
211301,YUNGUYO,0.3383926415456332,Well-served,0.5456680775621777,Well-served,0.20727543601654452,339,174,165,False
090308,HUAYLLAY GRANDE,0.3383906627255259,Well-served,0.3857144290090405,Well-served,0.04732376628351459,340,272,68,False
051007,COLCA,0.33837310757639016,Well-served,0.10434782608695652,Well-served,-0.23402528148943363,341,467,-126,False
040201,CAMANA,0.33835545625229047,Well-served,0.6030132737513743,Well-served,0.2646578174990838,342,74,268,False
090109,LARIA,0.3383350117750721,Well-served,0.0,Well-served,-0.3383350117750721,343,1337,-994,False
180104,SAMEGUA,0.33829401400921855,Well-served,0.46875,Well-served,0.13045598599078145,344,221,123,False
220201,BELLAVISTA,0.3382861110744233,Well-served,0.431879231669797,Well-served,0.09359312059537372,345,244,101,False
120411,JANJAILLO,0.3382837092513322,Well-served,0.02727272727272727,Well-served,-0.31101098197860494,346,561,-215,False
060806,LAS PIRIAS,0.33827560270240437,Well-served,0.25118249372645984,Well-served,-0.08709310897594452,347,357,-10,False
090713,QUISHUAR,0.3382629419397531,Well-served,0.0,Well-served,-0.3382629419397531,348,1337,-989,False
120432,TUNAN MARCA,0.33825629680788316,Well-served,0.06666666666666667,Well-served,-0.2715896301412165,349,513,-164,False
220807,SAN FERNANDO,0.33819800854676446,Well-served,0.00012810551079385653,Well-served,-0.3380699030359706,350,663,-313,False
010203,COPALLIN,0.3381972963481087,Well-served,0.3,Well-served,-0.0381972963481087,351,322,29,False
120417,MASMA CHICCHE,0.33810105764056064,Well-served,0.0,Well-served,-0.33810105764056064,352,1337,-985,False
061005,ICHOCAN,0.3380857333312289,Well-served,1.346970695147932e-05,Well-served,-0.3380722636242774,353,718,-365,False
090723,SANTIAGO DE TUCUMA,0.3380652697090369,Well-served,0.3176470588235294,Well-served,-0.020418210885507493,354,311,43,False
080308,PUCYURA,0.33806133429875584,Well-served,0.0,Well-served,-0.33806133429875584,355,1337,-982,False
220707,SAN HILARION,0.33801273675964694,Well-served,2.0061265672416012e-05,Well-served,-0.33799267549397455,356,708,-352,False
021203,HUATA,0.33795868173568744,Well-served,0.5723076923076923,Well-served,0.23434901057200486,357,162,195,False
040115,QUEQUEÑA,0.33793435406659894,Well-served,0.0,Well-served,-0.33793435406659894,358,1337,-979,False
030703,GAMARRA,0.3379301752726302,Well-served,0.0,Well-served,-0.3379301752726302,359,1337,-978,False
150714,RICARDO PALMA,0.33790757686202455,Well-served,0.49999999999999994,Well-served,0.1620924231379754,360,202,158,False
080402,COYA,0.33790478032551363,Well-served,0.0,Well-served,-0.33790478032551363,361,1337,-976,False
010516,SAN CRISTOBAL,0.33785554695306147,Well-served,0.0,Well-served,-0.33785554695306147,362,1337,-975,False
030415,TINTAY,0.33785099714690425,Well-served,0.0,Well-served,-0.33785099714690425,363,1337,-974,False
081102,CAICAY,0.33783978879362625,Well-served,0.0,Well-served,-0.33783978879362625,364,1337,-973,False
040116,SABANDIA,0.3378137036461336,Well-served,0.6,Well-served,0.26218629635386637,365,122,243,False
120902,AHUAC,0.33779964817182984,Well-served,0.13846153846153844,Well-served,-0.1993381097102914,366,438,-72,False
030603,COCHARCAS,0.3377953160030191,Well-served,0.09090909090909091,Well-served,-0.24688622509392819,367,484,-117,False
050902,BELEN,0.3377600868575921,Well-served,0.0,Well-served,-0.3377600868575921,368,1337,-969,False
090107,HUAYLLAHUARA,0.3377543322735874,Well-served,7.164737740148575e-08,Well-served,-0.33775426062621,369,798,-429,False
010522,TINGO,0.337753656157843,Well-served,0.0,Well-served,-0.337753656157843,370,1337,-967,False
200410,YAMANGO,0.3377233371610945,Well-served,0.0,Well-served,-0.3377233371610945,371,1337,-966,False
120113,CULLHUAS,0.3376879095154981,Well-served,0.0,Well-served,-0.3376879095154981,372,1337,-965,False
040123,TIABAYA,0.3376523657741791,Well-served,0.6,Well-served,0.26234763422582086,373,122,251,False
150514,SAN LUIS,0.3376280574473129,Well-served,0.6,Well-served,0.2623719425526871,374,122,252,False
021009,MASIN,0.33760820835610056,Well-served,0.4622950819672131,Well-served,0.12468687361111253,375,226,149,False
101105,JACAS CHICO,0.33757239671391337,Well-served,0.0,Well-served,-0.33757239671391337,376,1337,-961,False
021302,CASCA,0.3375638298626048,Well-served,0.54375,Well-served,0.20618617013739515,377,176,201,False
030606,ONGOY,0.33753644143560935,Well-served,0.03,Well-served,-0.3075364414356093,378,557,-179,False
020402,ACOCHACA,0.33753269232619926,Well-served,0.0,Well-served,-0.33753269232619926,379,1337,-958,False
150711,LANGA,0.33752702807981316,Well-served,0.0,Well-served,-0.33752702807981316,380,1337,-957,False
021308,MUSGA,0.33751753864574735,Well-served,2.9518719489412128e-05,Well-served,-0.33748801992625793,381,700,-319,False
051002,ALCAMENCA,0.3374953846450912,Well-served,0.41666666666666663,Well-served,0.07917128202157542,382,256,126,False
220912,SAN ANTONIO,0.3374806810510754,Well-served,0.35456831005884565,Well-served,0.017087629007770222,383,293,90,False
150728,SANTA EULALIA,0.3374691170521304,Well-served,0.38571428571428573,Well-served,0.048245168662155336,384,273,111,False
060111,NAMORA,0.33740587643200554,Well-served,7.881211514163433e-07,Well-served,-0.33740508831085414,385,777,-392,False
220403,EL ESLABON,0.33740148886293014,Well-served,0.00011807487795764851,Well-served,-0.33728341398497247,386,665,-279,False
100206,SAN FRANCISCO,0.3373933169082422,Well-served,0.0,Well-served,-0.3373933169082422,387,1337,-950,False
090115,PILCHACA,0.33738817370125285,Well-served,0.0,Well-served,-0.33738817370125285,388,1337,-949,False
200110,LA UNION,0.33737982959048907,Well-served,0.000626126431111584,Well-served,-0.33675370315937747,389,624,-235,False
200504,COLAN,0.33723343375231557,Well-served,0.031578947368421054,Well-served,-0.30565448638389453,390,555,-165,False
010117,QUINJALCA,0.33723303942314814,Well-served,0.0,Well-served,-0.33723303942314814,391,1337,-946,False
090104,CONAYCA,0.33721913282253985,Well-served,2.1494213220445728e-07,Well-served,-0.33721891788040764,392,792,-400,False
110105,PACHACUTEC,0.33721613735530376,Well-served,0.13846153846153844,Well-served,-0.19875459889376532,393,438,-45,False
130606,LA CUESTA,0.3372045426865513,Well-served,0.0,Well-served,-0.3372045426865513,394,1337,-943,False
120134,SICAYA,0.3371692855696845,Well-served,0.5142857142857142,Well-served,0.17711642871602973,395,192,203,False
061102,BOLIVAR,0.33712669825615693,Well-served,0.0,Well-served,-0.33712669825615693,396,1337,-941,False
020514,SAN MIGUEL DE CORPANQUI,0.3370966488311392,Well-served,0.0,Well-served,-0.3370966488311392,397,1337,-940,False
080303,CACHIMAYO,0.3370146510826439,Well-served,0.20869565217391303,Well-served,-0.12831899890873086,398,389,9,False
080204,MOSOC LLACTA,0.3369885292608243,Well-served,0.0,Well-served,-0.3369885292608243,399,1337,-938,False
030207,KISHUARA,0.3369762902168235,Well-served,0.0,Well-served,-0.3369762902168235,400,1337,-937,False
030212,SAN ANTONIO DE CACHI,0.33693788349706183,Well-served,0.0,Well-served,-0.33693788349706183,401,1337,-936,False
110504,INDEPENDENCIA,0.3369267693338092,Well-served,0.0,Well-served,-0.3369267693338092,402,1337,-935,False
220404,PISCOYACU,0.33691244388422453,Well-served,0.0,Well-served,-0.33691244388422453,403,1337,-934,False
130104,HUANCHACO,0.3368956319876385,Well-served,0.600009457453817,Well-served,0.26311382546617845,404,95,309,False
050620,SANTA ANA DE HUAYCAHUACHO,0.3368702739095406,Well-served,0.0,Well-served,-0.3368702739095406,405,1337,-932,False
030501,TAMBOBAMBA,0.3368307679638191,Well-served,0.3229954358600049,Well-served,-0.013835332103814213,406,309,97,False
020906,YANAC,0.33676488361868356,Well-served,0.0,Well-served,-0.33676488361868356,407,1337,-930,False
220101,MOYOBAMBA,0.33675842612531437,Well-served,0.137262266228785,Well-served,-0.19949615989652936,408,440,-32,False
022004,MATACOTO,0.336749470887359,Well-served,0.6,Well-served,0.26325052911264096,409,122,287,False
021305,LLAMA,0.336649534913717,Well-served,2.5076582090520013e-05,Well-served,-0.3366244583316265,410,703,-293,False
021303,ELEAZAR GUZMAN BARRON,0.3366237019239826,Well-served,1.4974301876910523e-05,Well-served,-0.3366087276221057,411,714,-303,False
130703,JEQUETEPEQUE,0.33661714120563735,Well-served,0.5869565217391304,Well-served,0.25033938053349303,412,154,258,False
200108,EL TALLAN,0.33651741024774695,Well-served,0.0,Well-served,-0.33651741024774695,413,1337,-924,False
150703,CALLAHUANCA,0.3365167903649725,Well-served,0.0,Well-served,-0.3365167903649725,414,1337,-923,False
020304,CHINGAS,0.3364991123442717,Well-served,0.0,Well-served,-0.3364991123442717,415,1337,-922,False
030711,TURPAY,0.33648682068576086,Well-served,0.0,Well-served,-0.33648682068576086,416,1337,-921,False
081302,CHINCHERO,0.3364697339839566,Well-served,0.0,Well-served,-0.3364697339839566,417,1337,-920,False
220701,PICOTA,0.3364562304226727,Well-served,9.65806647372028e-05,Well-served,-0.3363596497579355,418,671,-253,False
021016,UCO,0.33644647858085064,Well-served,0.0,Well-served,-0.33644647858085064,419,1337,-918,False
090706,DANIEL HERNANDEZ,0.33644407674072724,Well-served,0.4700257930558645,Well-served,0.13358171631513727,420,219,201,False
220806,POSIC,0.3363923494404694,Well-served,0.5142860008752238,Well-served,0.17789365143475439,421,191,230,False
021205,MATO,0.3363682119194576,Well-served,0.11803278688524589,Well-served,-0.21833542503421172,422,457,-35,False
020601,CARHUAZ,0.33635444361686684,Well-served,0.5957418768211878,Well-served,0.259387433204321,423,150,273,False
060102,ASUNCION,0.3363329750142159,Well-served,5.73179019211886e-07,Well-served,-0.3363324018351967,424,783,-359,False
151013,HUAMPARA,0.3363112141114968,Well-served,0.0,Well-served,-0.3363112141114968,425,1337,-912,False
021204,HUAYLAS,0.3363070569232125,Well-served,0.0,Well-served,-0.3363070569232125,426,1337,-911,False
051103,CARHUANCA,0.3362977781619242,Well-served,0.0,Well-served,-0.3362977781619242,427,1337,-910,False
050903,CHALCOS,0.33626491197919994,Well-served,0.0,Well-served,-0.33626491197919994,428,1337,-909,False
140116,CAYALTI,0.3362526650290353,Well-served,0.0,Well-served,-0.3362526650290353,429,1337,-908,False
130808,PARCOY,0.33623254209430686,Well-served,3.0091898508624017e-06,Well-served,-0.336229532904456,430,752,-322,False
230104,CIUDAD NUEVA,0.3361851112960026,Well-served,0.6000977270227756,Well-served,0.26391261572677305,431,90,341,False
220809,YURACYACU,0.33613548252428577,Well-served,0.0001271024475102357,Well-served,-0.3360083800767755,432,664,-232,False
130802,BULDIBUYO,0.3361300451126608,Well-served,0.0,Well-served,-0.3361300451126608,433,1337,-904,False
020902,ACO,0.3361277813205541,Well-served,0.0,Well-served,-0.3361277813205541,434,1337,-903,False
240103,LA CRUZ,0.3360733717417034,Well-served,0.00015963035685051026,Well-served,-0.33591374138485286,435,655,-220,False
010506,INGUILPATA,0.3360437636169812,Well-served,0.17142857142857146,Well-served,-0.16461519218840973,436,414,22,False
211303,COPANI,0.3360413502232466,Well-served,0.0,Well-served,-0.3360413502232466,437,1337,-900,False
010121,SONCHE,0.3360077008891143,Well-served,0.18,Well-served,-0.1560077008891143,438,410,28,False
100603,HERMILIO VALDIZAN,0.3359725537021156,Well-served,0.0,Well-served,-0.3359725537021156,439,1337,-898,False
080309,ZURITE,0.33597120588907725,Well-served,0.0,Well-served,-0.33597120588907725,440,1337,-897,False
140117,PATAPO,0.33594074986765904,Well-served,0.23333333333333328,Well-served,-0.10260741653432576,441,373,68,False
150102,ANCON,0.33592204628866995,Well-served,0.2,Well-served,-0.13592204628866994,442,398,44,False
061003,EDUARDO VILLANUEVA,0.3359105394358185,Well-served,1.432947548029715e-07,Well-served,-0.3359103961410637,443,795,-352,False
150730,SANTIAGO DE TUNA,0.3358927850432364,Well-served,0.0,Well-served,-0.3358927850432364,444,1337,-893,False
130604,CHARAT,0.3358874706216888,Well-served,0.0,Well-served,-0.3358874706216888,445,1337,-892,False
051006,CAYARA,0.33586760186614656,Well-served,0.0,Well-served,-0.33586760186614656,446,1337,-891,False
021506,LACABAMBA,0.3358612375249006,Well-served,0.0,Well-served,-0.3358612375249006,447,1337,-890,False
060615,TORIBIO CASANOVA,0.3358134267900618,Well-served,0.0,Well-served,-0.3358134267900618,448,1337,-889,False
220704,PILLUANA,0.3356869178169353,Well-served,0.0,Well-served,-0.3356869178169353,449,1337,-888,False
220103,HABANA,0.33567504510983726,Well-served,0.4666693892670078,Well-served,0.13099434415717054,450,224,226,False
220910,MORALES,0.33566526072844416,Well-served,0.5381288491524788,Well-served,0.20246358842403467,451,180,271,False
080202,ACOPIA,0.3355804083346034,Well-served,0.0,Well-served,-0.3355804083346034,452,1337,-885,False
220703,CASPISAPA,0.33547994451630575,Well-served,1.819843385997738e-05,Well-served,-0.3354617460824458,453,710,-257,False
190202,CHACAYAN,0.33543952608484834,Well-served,0.0,Well-served,-0.33543952608484834,454,1337,-883,False
081303,HUAYLLABAMBA,0.335424751303917,Well-served,0.0,Well-served,-0.335424751303917,455,1337,-882,False
021002,ANRA,0.3353269972258179,Well-served,0.0,Well-served,-0.3353269972258179,456,1337,-881,False
060108,LOS BAÑOS DEL INCA,0.3353213935227801,Well-served,0.4123628575842432,Well-served,0.07704146406146306,457,259,198,False
150724,SAN PEDRO DE CASTA,0.3352858501191607,Well-served,0.0,Well-served,-0.3352858501191607,458,1337,-879,False
140103,ETEN,0.3352531692019583,Well-served,0.0,Well-served,-0.3352531692019583,459,1337,-878,False
230102,ALTO DE LA ALIANZA,0.33520604831667006,Well-served,0.6000970105490016,Well-served,0.2648909622323315,460,91,369,False
051107,SAURAMA,0.335136745819462,Well-served,0.0,Well-served,-0.335136745819462,461,1337,-876,False
061301,SANTA CRUZ,0.3351037883887229,Well-served,0.0,Well-served,-0.3351037883887229,462,1337,-875,False
020905,LA PAMPA,0.33503177264389405,Well-served,0.0,Well-served,-0.33503177264389405,463,1337,-874,False
200505,LA HUACA,0.33471865865323613,Well-served,0.0,Well-served,-0.33471865865323613,464,1337,-873,False
150127,PUNTA NEGRA,0.33457406478657786,Well-served,0.0,Well-served,-0.33457406478657786,465,1337,-872,False
120306,VITOC,0.33456116698915095,Well-served,0.0,Well-served,-0.33456116698915095,466,1337,-871,False
220907,HUIMBAYOC,0.33446274979586377,Well-served,0.0001141342722005668,Well-served,-0.3343486155236632,467,666,-199,False
030107,PICHIRHUA,0.33442773943488413,Well-served,0.09,Well-served,-0.24442773943488413,468,486,-18,False
211101,JULIACA,0.3342468336218709,Moderate-High,0.34992469468414084,Well-served,0.015677861062269927,469,297,172,True
220508,SAN ROQUE DE CUMBAZA,0.33407325737033877,Moderate-High,0.48,Well-served,0.1459267426296612,470,212,258,True
150511,PACARAN,0.3340080702091845,Moderate-High,0.0,Well-served,-0.3340080702091845,471,1337,-866,True
230108,POCOLLAY,0.3339275046382492,Moderate-High,0.6,Well-served,0.26607249536175076,472,122,350,True
150509,MALA,0.3337229865949753,Moderate-High,0.00356703633131037,Well-served,-0.3301559502636649,473,598,-125,True
090704,AHUAYCHA,0.33351865218727295,Moderate-High,0.23773584905660375,Well-served,-0.0957828031306692,474,367,107,True
120607,RIO NEGRO,0.3334952265319014,Moderate-High,0.1094147552367638,Well-served,-0.22408047129513758,475,461,14,True
090204,CAJA,0.3334880508889945,Moderate-High,0.11807133317428789,Well-served,-0.21541671771470663,476,455,21,True
150726,SANGALLAYA,0.33348022320034715,Moderate-High,0.0,Well-served,-0.33348022320034715,477,1337,-860,True
020604,ANTA,0.3333333333333333,Moderate-High,0.35333333333333333,Well-served,0.020000000000000018,479,295,184,True
070105,LA PUNTA,0.3333333333333333,Moderate-High,0.6,Well-served,0.26666666666666666,479,122,357,True
020607,PARIAHUANCA,0.3333333333333333,Moderate-High,0.0,Well-served,-0.3333333333333333,479,1337,-858,True
010510,LUYA VIEJO,0.3333333333333333,Moderate-High,0.0,Well-served,-0.3333333333333333,479,1337,-858,True
100323,YANAS,0.33325505480772216,Moderate-High,0.0,Well-served,-0.33325505480772216,482,1337,-855,True
101108,CHORAS,0.33314011383294406,Moderate-High,0.0,Well-served,-0.33314011383294406,483,1337,-854,True
022001,YUNGAY,0.3327844439786315,Moderate-High,0.5793215177654377,Well-served,0.24653707378680623,484,159,325,True
061107,LLAPA,0.3326724982630427,Moderate-High,0.0,Well-served,-0.3326724982630427,485,1337,-852,True
160108,PUNCHANA,0.33253832133945715,Moderate-High,0.24567781875524713,Well-served,-0.08686050258421002,486,360,126,True
020302,ACZO,0.33250033921939703,Moderate-High,0.0,Well-served,-0.33250033921939703,487,1337,-850,True
050405,LURICOCHA,0.33240757900757145,Moderate-High,0.4129870129870129,Well-served,0.08057943397944145,488,258,230,True
030608,RANRACANCHA,0.33223407367814267,Moderate-High,0.019354838709677417,Well-served,-0.31287923496846526,489,565,-76,True
130806,HUAYO,0.3322113003958517,Moderate-High,0.0,Well-served,-0.3322113003958517,490,1337,-847,True
061109,NIEPOS,0.33217641917387336,Moderate-High,0.0,Well-served,-0.33217641917387336,491,1337,-846,True
140301,LAMBAYEQUE,0.3321578908749723,Moderate-High,0.5549322309237433,Well-served,0.22277434004877106,492,170,322,True
200205,MONTERO,0.332088658323054,Moderate-High,0.0,Well-served,-0.332088658323054,493,1337,-844,True
080104,SAN JERONIMO,0.3320640337330391,Moderate-High,0.375,Well-served,0.04293596626696089,494,279,215,True
120107,CHILCA,0.3320327743418529,Moderate-High,0.6002112164685796,Well-served,0.26817844212672665,495,88,407,True
100112,YACUS,0.33202391500088413,Moderate-High,2.86589509605943e-07,Well-served,-0.3320236284113745,496,789,-293,True
050404,IGUAIN,0.3315059114018471,Moderate-High,0.5823529411764705,Well-served,0.2508470297746234,497,158,339,True
220601,JUANJUI,0.33124321861173617,Moderate-High,0.38556919691314956,Well-served,0.05432597830141339,498,274,224,True
010512,OCALLI,0.3311993032449554,Moderate-High,0.0,Well-served,-0.3311993032449554,499,1337,-838,True
020205,SUCCHA,0.3310739877621418,Moderate-High,0.0,Well-served,-0.3310739877621418,500,1337,-837,True
010206,LA PECA,0.33105037520615455,Moderate-High,0.22499999999999998,Well-served,-0.10605037520615457,501,380,121,True
090117,YAULI,0.3308972713215604,Moderate-High,0.015210649018978131,Well-served,-0.31568662230258226,502,572,-70,True
120707,PALCAMAYO,0.3307856800393822,Moderate-High,0.0,Well-served,-0.3307856800393822,503,1337,-834,True
021006,HUACCHIS,0.330578161858468,Moderate-High,0.0,Well-served,-0.330578161858468,504,1337,-833,True
020301,LLAMELLIN,0.3305639307292802,Moderate-High,0.0,Well-served,-0.3305639307292802,505,1337,-832,True
020702,SAN NICOLAS,0.3305587282357747,Moderate-High,0.0,Well-served,-0.3305587282357747,506,1337,-831,True
220804,NUEVA CAJAMARCA,0.33038477927541793,Moderate-High,0.003462001276039792,Well-served,-0.32692277799937813,507,599,-92,True
030409,LUCRE,0.3301441100356097,Moderate-High,0.0,Well-served,-0.3301441100356097,508,1337,-829,True
130501,JULCAN,0.3301211796327924,Moderate-High,0.49287304538167,Well-served,0.16275186574887757,509,205,304,True
060112,SAN JUAN,0.33001677559145776,Moderate-High,0.25116329222931627,Well-served,-0.07885348336214149,510,358,152,True
150723,SAN MATEO DE OTAO,0.32998674944323664,Moderate-High,0.0,Well-served,-0.32998674944323664,511,1337,-826,True
210107,COATA,0.32981530647518165,Moderate-High,0.0,Well-served,-0.32981530647518165,512,1337,-825,True
030407,IHUAYLLO,0.3296232434088279,Moderate-High,0.0,Well-served,-0.3296232434088279,513,1337,-824,True
020303,CHACCHO,0.32961446009030776,Moderate-High,0.0,Well-served,-0.32961446009030776,514,1337,-823,True
190113,YANACANCHA,0.329583413271359,Moderate-High,0.37116935744634577,Well-served,0.04158594417498679,515,283,232,True
130205,PAIJAN,0.32949282631128146,Moderate-High,0.12558762867067116,Well-served,-0.2039051976406103,516,443,73,True
060106,JESUS,0.32940927907508344,Moderate-High,0.036014902654499505,Well-served,-0.2933943764205839,517,550,-33,True
060403,CHADIN,0.3293497737292364,Moderate-High,0.0,Well-served,-0.3293497737292364,518,1337,-819,True
030417,YANACA,0.32932325312559396,Moderate-High,0.0,Well-served,-0.32932325312559396,519,1337,-818,True
200301,HUANCABAMBA,0.329175320484084,Moderate-High,7.164737740148575e-08,Well-served,-0.32917524883670657,520,798,-278,True
060203,CONDEBAMBA,0.32896976379210746,Moderate-High,0.24303797468354432,Well-served,-0.08593178910856314,521,362,159,True
100804,UMARI,0.3287713852096613,Moderate-High,0.0,Well-served,-0.3287713852096613,522,1337,-815,True
220206,SAN RAFAEL,0.32871036603334164,Moderate-High,0.10909090909090909,Well-served,-0.21961945694243257,523,462,61,True
250107,MANANTAY,0.3286137600565312,Moderate-High,0.25792861393081923,Well-served,-0.07068514612571197,524,352,172,True
040120,SANTA ISABEL DE SIGUAS,0.32829616122165173,Moderate-High,0.015384615384615385,Well-served,-0.31291154583703634,525,571,-46,True
081211,OROPESA,0.3282909369027796,Moderate-High,0.0,Well-served,-0.3282909369027796,526,1337,-811,True
220505,CUÑUMBUQUI,0.32823160258865774,Moderate-High,0.0667697672427474,Well-served,-0.26146183534591033,527,512,15,True
010703,CUMBA,0.3281719987981707,Moderate-High,0.0,Well-served,-0.3281719987981707,528,1337,-809,True
100316,QUIVILLA,0.3279569892473118,Moderate-High,0.0,Well-served,-0.3279569892473118,529,1337,-808,True
030411,SAN JUAN DE CHACÑA,0.32791290763621433,Moderate-High,0.0,Well-served,-0.32791290763621433,530,1337,-807,True
050616,SAN JUAN,0.32775964285917697,Moderate-High,0.42162162162162165,Well-served,0.09386197876244468,531,255,276,True
020703,YAUYA,0.32773160980052907,Moderate-High,0.0,Well-served,-0.32773160980052907,532,1337,-805,True
010311,VALERA,0.32760488539424315,Moderate-High,0.0,Well-served,-0.32760488539424315,533,1337,-804,True
021207,PUEBLO LIBRE,0.32757474773689194,Moderate-High,0.5599999999999999,Well-served,0.232425252263108,534,169,365,True
040106,CHIGUATA,0.3275546531943984,Moderate-High,0.08333333333333333,Well-served,-0.2442213198610651,535,500,35,True
151024,QUINCHES,0.32748947114254856,Moderate-High,0.0,Well-served,-0.32748947114254856,536,1337,-801,True
140202,CAÑARIS,0.327406964157506,Moderate-High,0.0,Well-served,-0.327406964157506,537,1337,-800,True
030205,HUANCARAY,0.32735930472204616,Moderate-High,0.0,Well-served,-0.32735930472204616,538,1337,-799,True
080608,TINTA,0.3273386987805721,Moderate-High,0.0,Well-served,-0.3273386987805721,539,1337,-798,True
050108,QUINUA,0.3272797961992929,Moderate-High,0.10153846153846154,Well-served,-0.2257413346608314,540,469,71,True
101102,CAHUAC,0.32726521496922834,Moderate-High,0.0,Well-served,-0.32726521496922834,541,1337,-796,True
021709,TAPACOCHA,0.3272573821909504,Moderate-High,0.0,Well-served,-0.3272573821909504,542,1337,-795,True
060103,CHETILLA,0.32718904386245784,Moderate-High,4.800374285899546e-06,Well-served,-0.32718424348817193,543,741,-198,True
220301,SAN JOSE DE SISA,0.3271836609755582,Moderate-High,0.0011983023870398492,Well-served,-0.32598535858851835,544,611,-67,True
021003,CAJAY,0.3271467367016012,Moderate-High,0.4829268292682926,Well-served,0.1557800925666914,545,211,334,True
022008,YANAMA,0.3270684989439167,Moderate-High,0.0,Well-served,-0.3270684989439167,546,1337,-791,True
150513,SAN ANTONIO,0.32700436447764164,Moderate-High,0.0,Well-served,-0.32700436447764164,547,1337,-790,True
150119,LURIN,0.3268587074610963,Moderate-High,0.288,Well-served,-0.03885870746109632,548,332,216,True
021410,SANTIAGO DE CHILCAS,0.32681188490502694,Moderate-High,0.0,Well-served,-0.32681188490502694,549,1337,-788,True
090502,ANCO,0.3268027173442472,Moderate-High,0.0007005680562317278,Well-served,-0.32610214928801545,550,622,-72,True
030416,TORAYA,0.3267326676375085,Moderate-High,0.0,Well-served,-0.3267326676375085,551,1337,-786,True
090705,COLCABAMBA,0.32672621325316137,Moderate-High,0.057757220216233425,Well-served,-0.26896899303692795,552,522,30,True
200409,SANTO DOMINGO,0.32661935002213816,Moderate-High,0.0,Well-served,-0.32661935002213816,553,1337,-784,True
051108,VISCHONGO,0.32642423082354505,Moderate-High,1.6335602047538754e-05,Well-served,-0.3264078952214975,554,712,-158,True
190103,HUARIACA,0.3262487816872561,Moderate-High,0.0019153493400739187,Well-served,-0.32433343234718215,555,605,-50,True
220909,LA BANDA DE SHILCAYO,0.32611498138485895,Moderate-High,0.5359429353596212,Well-served,0.20982795397476228,556,182,374,True
010304,COROSHA,0.32603227226127257,Moderate-High,0.0,Well-served,-0.32603227226127257,557,1337,-780,True
220406,TINGO DE SAPOSOA,0.3260279169957723,Moderate-High,0.5032258064516129,Well-served,0.17719788945584053,558,200,358,True
060409,HUAMBOS,0.3258989627509244,Moderate-High,0.0,Well-served,-0.3258989627509244,559,1337,-778,True
050201,CANGALLO,0.32589016107791313,Moderate-High,0.4590930316916807,Well-served,0.13320287061376757,560,228,332,True
200308,SONDORILLO,0.3258720656970393,Moderate-High,0.0,Well-served,-0.3258720656970393,561,1337,-776,True
210902,CONIMA,0.32572495072569246,Moderate-High,0.0,Well-served,-0.32572495072569246,562,1337,-775,True
022002,CASCAPARA,0.3255781595581482,Moderate-High,0.12727272727272726,Well-served,-0.1983054322854209,563,442,121,True
050103,ACOS VINCHOS,0.3255296223963958,Moderate-High,0.009836065573770493,Well-served,-0.31569355682262534,564,578,-14,True
150710,LAHUAYTAMBO,0.32535227813777207,Moderate-High,0.0,Well-served,-0.32535227813777207,565,1337,-772,True
210601,HUANCANE,0.32517410570324085,Moderate-High,0.3867666372145161,Well-served,0.06159253151127525,566,271,295,True
010111,LEVANTO,0.32506349108643723,Moderate-High,0.50625,Well-served,0.18118650891356275,567,199,368,True
151015,HUANGASCAR,0.32505428402317604,Moderate-High,0.0,Well-served,-0.32505428402317604,568,1337,-769,True
021202,HUALLANCA,0.32505055374431097,Moderate-High,0.0,Well-served,-0.32505055374431097,569,1337,-768,True
040703,DEAN VALDIVIA,0.32501406239789365,Moderate-High,0.0002643788226114824,Well-served,-0.32474968357528217,570,642,-72,True
151005,AZANGARO,0.3249948592955526,Moderate-High,0.0,Well-served,-0.3249948592955526,571,1337,-766,True
040208,SAMUEL PASTOR,0.32494256372379166,Moderate-High,0.5909128937955442,Well-served,0.2659703300717526,572,153,419,True
010307,JAZAN,0.32472516540701946,Moderate-High,1.4831007122107551e-05,Well-served,-0.3247103343998973,573,715,-142,True
050910,SANTIAGO DE PAUCARAY,0.324673398234533,Moderate-High,0.0,Well-served,-0.324673398234533,574,1337,-763,True
030216,TALAVERA,0.32463890301773135,Moderate-High,0.4232142857142857,Well-served,0.09857538269655436,575,253,322,True
030505,MARA,0.3245103510818278,Moderate-High,0.0,Well-served,-0.3245103510818278,576,1337,-761,True
220304,SANTA ROSA,0.324131709750524,Moderate-High,0.0,Well-served,-0.324131709750524,577,1337,-760,True
061112,TONGOD,0.323978682536463,Moderate-High,0.0,Well-served,-0.323978682536463,578,1337,-759,True
120207,HEROINAS TOLEDO,0.32387063730497984,Moderate-High,0.0,Well-served,-0.32387063730497984,579,1337,-758,True
240102,CORRALES,0.323833058115939,Moderate-High,0.5458616458529406,Well-served,0.22202858773700163,580,173,407,True
130201,ASCOPE,0.32379523170493035,Moderate-High,0.6012544058999743,Well-served,0.2774591741950439,581,80,501,True
050112,SOCOS,0.3237874805704334,Moderate-High,0.2914285714285714,Well-served,-0.03235890914186196,582,330,252,True
090511,COSME,0.3237377322745568,Moderate-High,0.0006107222449702646,Well-served,-0.32312701002958655,583,625,-42,True
020203,HUACLLAN,0.3234690294329489,Moderate-High,0.0,Well-served,-0.3234690294329489,584,1337,-753,True
060312,LA LIBERTAD DE PALLAN,0.32335741954013864,Moderate-High,2.5076582090520015e-06,Well-served,-0.3233549118819296,585,755,-170,True
050403,HUAMANGUILLA,0.3233259492297312,Moderate-High,0.0409090909090909,Well-served,-0.2824168583206403,586,542,44,True
021406,CONGAS,0.3233136144590624,Moderate-High,0.0,Well-served,-0.3233136144590624,587,1337,-750,True
090604,HUAYACUNDO ARMA,0.3232323232323232,Moderate-High,0.0,Well-served,-0.3232323232323232,588,1337,-749,True
021206,PAMPAROMAS,0.32308144450063375,Moderate-High,0.0,Well-served,-0.32308144450063375,589,1337,-748,True
140119,PUCALA,0.3228163028071414,Moderate-High,0.04444444444444444,Well-served,-0.27837185836269696,590,535,55,True
020503,ANTONIO RAYMONDI,0.3227466130566839,Moderate-High,0.0,Well-served,-0.3227466130566839,591,1337,-746,True
010706,LONYA GRANDE,0.3224827295207329,Moderate-High,0.0,Well-served,-0.3224827295207329,592,1337,-745,True
030215,SANTA MARIA DE CHICMO,0.32225578658760706,Moderate-High,0.008695652173913044,Well-served,-0.313560134413694,593,584,9,True
050909,SAN SALVADOR DE QUIJE,0.32224429167669477,Moderate-High,0.0,Well-served,-0.32224429167669477,594,1337,-743,True
030218,TURPO,0.3219023007491082,Moderate-High,0.0,Well-served,-0.3219023007491082,595,1337,-742,True
010602,CHIRIMOTO,0.3218931349385235,Moderate-High,0.0,Well-served,-0.3218931349385235,596,1337,-741,True
200107,CURA MORI,0.3217986170578838,Moderate-High,0.0,Well-served,-0.3217986170578838,597,1337,-740,True
120431,SINCOS,0.3216636733373262,Moderate-High,0.0,Well-served,-0.3216636733373262,598,1337,-739,True
080901,SANTA ANA,0.3216438990504452,Moderate-High,0.5789784232991481,Well-served,0.25733452424870285,599,160,439,True
021910,SICSIBAMBA,0.32135793850510513,Moderate-High,0.042857142857142864,Well-served,-0.27850079564796226,600,539,61,True
020609,SHILLA,0.3212573242508274,Moderate-High,0.576,Well-served,0.25474267574917253,601,161,440,True
150810,SANTA MARIA,0.32124723547102074,Moderate-High,0.37297297297297294,Well-served,0.051725737501952196,602,281,321,True
050507,SANTA ROSA,0.321217530808833,Moderate-High,0.20425531914893616,Well-served,-0.11696221165989681,603,393,210,True
101103,CHACABAMBA,0.32121212121212117,Moderate-High,0.0,Well-served,-0.32121212121212117,604,1337,-733,True
030206,HUAYANA,0.32120535560804747,Moderate-High,0.0,Well-served,-0.32120535560804747,605,1337,-732,True
021011,PONTO,0.32119487589625756,Moderate-High,0.0,Well-served,-0.32119487589625756,606,1337,-731,True
131008,SITABAMBA,0.32108901490536446,Moderate-High,0.0,Well-served,-0.32108901490536446,607,1337,-730,True
080405,PISAC,0.32101357042584283,Moderate-High,0.0,Well-served,-0.32101357042584283,608,1337,-729,True
030109,TAMBURCO,0.32089604191963905,Moderate-High,0.6,Well-served,0.2791039580803609,609,122,487,True
020305,MIRGAS,0.3208897345098823,Moderate-High,0.0,Well-served,-0.3208897345098823,610,1337,-727,True
130602,AGALLPAMPA,0.3207602377966746,Moderate-High,0.38421052631578945,Well-served,0.06345028851911483,611,275,336,True
130611,SALPO,0.3207428005033361,Moderate-High,0.17857142857142858,Well-served,-0.14217137193190751,612,411,201,True
020104,HUANCHAY,0.32071491721441864,Moderate-High,0.0,Well-served,-0.32071491721441864,613,1337,-724,True
010511,MARIA,0.32067183971832297,Moderate-High,0.0,Well-served,-0.32067183971832297,614,1337,-723,True
190301,OXAPAMPA,0.3206044192624467,Moderate-High,0.48954923319593446,Well-served,0.16894481393348776,615,208,407,True
220911,PAPAPLAYA,0.32052923531918737,Moderate-High,0.00016328437309798605,Well-served,-0.3203659509460894,616,653,-37,True
030708,PROGRESO,0.32050294111184885,Moderate-High,0.0,Well-served,-0.32050294111184885,617,1337,-720,True
090307,HUANCA-HUANCA,0.32046363045887094,Moderate-High,0.2142873621753945,Well-served,-0.10617626828347643,618,385,233,True
100510,SINGA,0.3203719280164257,Moderate-High,0.0,Well-served,-0.3203719280164257,619,1337,-718,True
060310,SUCRE,0.3202952963946328,Moderate-High,0.06776120862839198,Well-served,-0.2525340877662408,620,511,109,True
210607,TARACO,0.32023409937931474,Moderate-High,0.0,Well-served,-0.32023409937931474,621,1337,-716,True
030605,OCOBAMBA,0.3200928162047103,Moderate-High,0.0,Well-served,-0.3200928162047103,622,1337,-715,True
021104,HUAYAN,0.31994670285281046,Moderate-High,0.0,Well-served,-0.31994670285281046,623,1337,-714,True
210206,CHUPA,0.3198664688756101,Moderate-High,0.0,Well-served,-0.3198664688756101,624,1337,-713,True
020803,COMANDANTE NOEL,0.31965834666676096,Moderate-High,0.49090909090909085,Well-served,0.1712507442423299,625,207,418,True
010102,ASUNCION,0.3194232045091352,Moderate-High,0.0,Well-served,-0.3194232045091352,626,1337,-711,True
150725,SAN PEDRO DE HUANCAYRE,0.31939892425452804,Moderate-High,0.0,Well-served,-0.31939892425452804,627,1337,-710,True
050410,UCHURACCAY,0.3193336558364991,Moderate-High,0.0,Well-served,-0.3193336558364991,628,1337,-709,True
010705,JAMALCA,0.3192738623557929,Moderate-High,0.0,Well-served,-0.3192738623557929,629,1337,-708,True
051004,ASQUIPATA,0.3192658272164411,Moderate-High,0.0,Well-served,-0.3192658272164411,630,1337,-707,True
081307,YUCAY,0.31925484818394506,Moderate-High,0.0,Well-served,-0.31925484818394506,631,1337,-706,True
130811,SANTIAGO DE CHALLAS,0.31913082846555313,Moderate-High,0.0,Well-served,-0.31913082846555313,632,1337,-705,True
110402,LLIPATA,0.3190632665780324,Moderate-High,0.0,Well-served,-0.3190632665780324,633,1337,-704,True
080508,TUPAC AMARU,0.3189937786746479,Moderate-High,0.0,Well-served,-0.3189937786746479,634,1337,-703,True
210205,CAMINACA,0.3189537305865719,Moderate-High,0.0,Well-served,-0.3189537305865719,635,1337,-702,True
010303,CHURUJA,0.31877437023069977,Moderate-High,0.0,Well-served,-0.31877437023069977,636,1337,-701,True
050203,LOS MOROCHUCOS,0.31857504329803893,Moderate-High,0.15336143694089843,Well-served,-0.1652136063571405,637,425,212,True
060411,LLAMA,0.3184138157761959,Moderate-High,0.0,Well-served,-0.3184138157761959,638,1337,-699,True
021007,HUACHIS,0.31835391987261663,Moderate-High,0.09230769230769231,Well-served,-0.22604622756492432,639,479,160,True
200501,PAITA,0.3182648088474661,Moderate-High,0.3071142719384453,Well-served,-0.011150536909020792,640,317,323,True
030302,EL ORO,0.3182039458063831,Moderate-High,0.0,Well-served,-0.3182039458063831,641,1337,-696,True
060416,SAN JUAN DE LICUPIS,0.31819016462027255,Moderate-High,0.0,Well-served,-0.31819016462027255,642,1337,-695,True
010707,YAMON,0.31818592432748477,Moderate-High,0.0,Well-served,-0.31818592432748477,643,1337,-694,True
020306,SAN JUAN DE RONTOY,0.31796937947380205,Moderate-High,0.0,Well-served,-0.31796937947380205,644,1337,-693,True
101106,OBAS,0.31785451055342984,Moderate-High,0.0,Well-served,-0.31785451055342984,645,1337,-692,True
140115,SAÑA,0.3178264123877571,Moderate-High,0.0,Well-served,-0.3178264123877571,646,1337,-691,True
080105,SAN SEBASTIAN,0.3177066172657164,Moderate-High,0.6009708936111675,Well-served,0.2832642763454511,647,81,566,True
090714,SALCABAMBA,0.3176794398085325,Moderate-High,4.657079531096575e-06,Well-served,-0.3176747827290014,648,743,-95,True
060901,SAN IGNACIO,0.31765453120074,Moderate-High,0.0006909673076599286,Well-served,-0.31696356389308006,649,623,26,True
030404,CHAPIMARCA,0.3175465019799467,Moderate-High,0.0,Well-served,-0.3175465019799467,650,1337,-687,True
160201,YURIMAGUAS,0.3172228869757795,Moderate-High,0.1828949321130767,Well-served,-0.1343279548627028,651,406,245,True
021906,HUAYLLABAMBA,0.31721890844949724,Moderate-High,0.375,Well-served,0.05778109155050276,652,279,373,True
021505,HUANDOVAL,0.3171795324060838,Moderate-High,0.0,Well-served,-0.3171795324060838,653,1337,-684,True
131005,MOLLEPATA,0.3171546556851275,Moderate-High,0.0,Well-served,-0.3171546556851275,654,1337,-683,True
010115,MONTEVIDEO,0.31709761690518234,Moderate-High,0.0,Well-served,-0.31709761690518234,655,1337,-682,True
090716,SAN MARCOS DE ROCCHAC,0.31705713367331156,Moderate-High,2.6509529638549733e-06,Well-served,-0.3170544827203477,656,753,-97,True
060414,PION,0.31704522262790585,Moderate-High,0.0,Well-served,-0.31704522262790585,657,1337,-680,True
050406,SANTILLANA,0.31685657723925603,Moderate-High,0.0,Well-served,-0.31685657723925603,658,1337,-679,True
131004,MOLLEBAMBA,0.3168032283035898,Moderate-High,0.0,Well-served,-0.3168032283035898,659,1337,-678,True
020101,HUARAZ,0.3165983666895245,Moderate-High,0.48818738321769556,Well-served,0.17158901652817105,660,210,450,True
030219,KAQUIABAMBA,0.316595579967922,Moderate-High,0.0,Well-served,-0.316595579967922,661,1337,-676,True
140205,PITIPO,0.31650342248085167,Moderate-High,0.0896551724137931,Well-served,-0.22684825006705855,662,488,174,True
220705,PUCACACA,0.3164071553407118,Moderate-High,4.012253134483202e-06,Well-served,-0.31640314308757733,663,746,-83,True
010704,EL MILAGRO,0.316371746239351,Moderate-High,0.42857142857142855,Well-served,0.11219968233207755,664,248,416,True
021501,CABANA,0.3161085484306422,Moderate-High,8.382743155973832e-06,Well-served,-0.3161001656874862,665,730,-65,True
200302,CANCHAQUE,0.3160941442411006,Moderate-High,0.0,Well-served,-0.3160941442411006,666,1337,-671,True
101101,CHAVINILLO,0.3159012715229077,Moderate-High,0.0,Well-served,-0.3159012715229077,667,1337,-670,True
090709,HUARIBAMBA,0.31573135775362043,Moderate-High,1.2896527932267436e-06,Well-served,-0.3157300681008272,668,767,-99,True
200104,CASTILLA,0.3156447236734363,Moderate-High,0.34866125980332463,Well-served,0.03301653612988831,669,298,371,True
250105,YARINACOCHA,0.3154356310956422,Moderate-High,0.23400576346921606,Well-served,-0.08142986762642615,670,371,299,True
021508,PALLASCA,0.3153897111852509,Moderate-High,1.132028562943475e-05,Well-served,-0.31537839089962144,671,722,-51,True
200307,SONDOR,0.3148046723510133,Moderate-High,0.0,Well-served,-0.3148046723510133,672,1337,-665,True
060304,HUASMIN,0.31478669621747435,Moderate-High,0.07285714285714286,Well-served,-0.2419295533603315,673,510,163,True
010508,LONYA CHICO,0.3146259096779132,Moderate-High,0.09230769230769231,Well-served,-0.2223182173702209,674,479,195,True
120205,COCHAS,0.3145803850161802,Moderate-High,0.0,Well-served,-0.3145803850161802,675,1337,-662,True
040108,LA JOYA,0.3145500900445612,Moderate-High,6.84232454184189e-05,Well-served,-0.3144816667991428,676,680,-4,True
021005,HUACACHI,0.3143098555764175,Moderate-High,0.0,Well-served,-0.3143098555764175,677,1337,-660,True
030408,JUSTO APU SAHUARAURA,0.3135299719534227,Moderate-High,0.0,Well-served,-0.3135299719534227,678,1337,-659,True
090711,PAZOS,0.31337453868084086,Moderate-High,7.59462200455749e-06,Well-served,-0.3133669440588363,679,733,-54,True
151023,PUTINZA,0.3133655620194219,Moderate-High,0.0,Well-served,-0.3133655620194219,680,1337,-657,True
020107,LA LIBERTAD,0.3133189176217376,Moderate-High,0.0,Well-served,-0.3133189176217376,681,1337,-656,True
080207,SANGARARA,0.3132541351722174,Moderate-High,0.0,Well-served,-0.3132541351722174,682,1337,-655,True
150203,PATIVILCA,0.3131947220565792,Moderate-High,0.2275862068965517,Well-served,-0.08560851516002752,683,376,307,True
090406,COCAS,0.3131012880285969,Moderate-High,1.0747106610222864e-06,Well-served,-0.31310021331793586,684,772,-88,True
130614,USQUIL,0.3130662095329372,Moderate-High,0.004181184668989547,Well-served,-0.30888502486394764,685,597,88,True
010501,LAMUD,0.3130357495611325,Moderate-High,0.0,Well-served,-0.3130357495611325,686,1337,-651,True
061307,PULAN,0.3129763337552129,Moderate-High,0.0,Well-served,-0.3129763337552129,687,1337,-650,True
061001,PEDRO GALVEZ,0.31253200911603296,Moderate-High,0.0007461357882590727,Well-served,-0.3117858733277739,688,620,68,True
150732,SURCO,0.31231662410661004,Moderate-High,0.5108108108108108,Well-served,0.19849418670420077,689,196,493,True
210112,PLATERIA,0.3122675967307928,Moderate-High,0.0,Well-served,-0.3122675967307928,690,1337,-647,True
050204,MARIA PARADO DE BELLIDO,0.31213919894305314,Moderate-High,0.16120406048358246,Well-served,-0.15093513845947068,691,422,269,True
060603,CHOROS,0.3120353460870796,Moderate-High,0.0,Well-served,-0.3120353460870796,692,1337,-645,True
061006,JOSE MANUEL QUIROZ,0.31200210676218926,Moderate-High,6.018379701724803e-06,Well-served,-0.31199608838248755,693,737,-44,True
130502,CALAMARCA,0.31194048013128517,Moderate-High,0.009101799492274116,Well-served,-0.30283868063901104,694,583,111,True
250305,ALEXANDER VON HUMBOLDT,0.3118750780186748,Moderate-High,0.0,Well-served,-0.3118750780186748,695,1337,-642,True
190204,PAUCAR,0.31178234999385407,Moderate-High,0.0,Well-served,-0.31178234999385407,696,1337,-641,True
220808,YORONGOS,0.3116252045003802,Moderate-High,0.13846161010891583,Well-served,-0.1731635943914644,697,435,262,True
030203,CHIARA,0.3116230994303116,Moderate-High,0.0,Well-served,-0.3116230994303116,698,1337,-639,True
021008,HUANTAR,0.3115114213512817,Moderate-High,0.08571428571428573,Well-served,-0.22579713563699594,699,495,204,True
110205,EL CARMEN,0.31145003766729645,Moderate-High,0.06486486486486485,Well-served,-0.24658517280243158,700,515,185,True
030504,HAQUIRA,0.3114255559154996,Moderate-High,0.0,Well-served,-0.3114255559154996,701,1337,-636,True
210105,CAPACHICA,0.31134757789337086,Moderate-High,0.0,Well-served,-0.31134757789337086,702,1337,-635,True
211207,SAN JUAN DEL ORO,0.3113137068715984,Moderate-High,0.0,Well-served,-0.3113137068715984,703,1337,-634,True
200114,TAMBO GRANDE,0.31127495153527507,Moderate-High,0.0,Well-served,-0.31127495153527507,704,1337,-633,True
130601,OTUZCO,0.3112683422968709,Moderate-High,0.4425520201580574,Well-served,0.1312836778611865,705,235,470,True
090306,CONGALLA,0.31125785753929214,Moderate-High,0.020002149421322044,Well-served,-0.2912557081179701,706,564,142,True
021909,SAN JUAN,0.3112239856112415,Moderate-High,0.08292682926829269,Well-served,-0.22829715634294878,707,501,206,True
220905,CHIPURANA,0.3111016900876229,Moderate-High,0.0,Well-served,-0.3111016900876229,708,1337,-629,True
220104,JEPELACIO,0.3109953259875461,Moderate-High,0.163509084775126,Well-served,-0.1474862412124201,709,420,289,True
021907,QUICHES,0.31087675193854175,Moderate-High,0.005225601470777364,Well-served,-0.30565115046776437,710,592,118,True
110209,SAN PEDRO DE HUACARPANA,0.31080892710694513,Moderate-High,0.0,Well-served,-0.31080892710694513,711,1337,-626,True
080904,MARANURA,0.3106215862739075,Moderate-High,0.24,Well-served,-0.07062158627390752,712,364,348,True
061202,SAN BERNARDINO,0.31058313530528203,Moderate-High,0.0,Well-served,-0.31058313530528203,713,1337,-624,True
050206,TOTOS,0.3104982175096169,Moderate-High,1.3613001706282295e-06,Well-served,-0.3104968562094463,714,765,-51,True
200203,JILILI,0.3104705223784575,Moderate-High,0.0,Well-served,-0.3104705223784575,715,1337,-622,True
120808,SANTA ROSA DE SACCO,0.3100820255246905,Moderate-High,0.0017714814062517353,Well-served,-0.3083105441184388,716,606,110,True
130810,PIAS,0.31004218467276357,Moderate-High,0.0,Well-served,-0.31004218467276357,717,1337,-620,True
150701,MATUCANA,0.309662749036055,Moderate-High,0.5938260253346422,Well-served,0.28416327629858723,718,151,567,True
061113,UNION AGUA BLANCA,0.30957684827226806,Moderate-High,0.0,Well-served,-0.30957684827226806,719,1337,-618,True
100207,SAN RAFAEL,0.3093854202573512,Moderate-High,0.0,Well-served,-0.3093854202573512,720,1337,-617,True
090717,SURCUBAMBA,0.309330344663167,Moderate-High,1.1463580384237721e-05,Well-served,-0.30931888108278277,721,721,0,True
150808,PACCHO,0.3091602784347645,Moderate-High,0.0,Well-served,-0.3091602784347645,722,1337,-615,True
120406,CURICACA,0.3091224815533041,Moderate-High,0.0,Well-served,-0.3091224815533041,723,1337,-614,True
020204,LA MERCED,0.30898133047820003,Moderate-High,0.0,Well-served,-0.30898133047820003,724,1337,-613,True
060702,CHUGUR,0.30889914436567256,Moderate-High,0.0,Well-served,-0.30889914436567256,725,1337,-612,True
140107,LAGUNAS,0.30887724278079765,Moderate-High,0.0,Well-served,-0.30887724278079765,726,1337,-611,True
200201,AYABACA,0.30869125768318,Moderate-High,0.0,Well-served,-0.30869125768318,727,1337,-610,True
100307,CHUQUIS,0.3085903645828118,Moderate-High,0.0,Well-served,-0.3085903645828118,728,1337,-609,True
220205,SAN PABLO,0.308384200756639,Moderate-High,3.281449884988047e-05,Well-served,-0.30835138625778913,729,697,32,True
230101,TACNA,0.30830500194711125,Moderate-High,0.5375475885964496,Well-served,0.22924258664933833,730,181,549,True
060811,SAN JOSE DEL ALTO,0.30769391594236406,Moderate-High,0.00012889363194527287,Well-served,-0.30756502231041877,731,662,69,True
020103,COLCABAMBA,0.30743515230261415,Moderate-High,0.0,Well-served,-0.30743515230261415,732,1337,-605,True
090201,ACOBAMBA,0.30739675173770376,Moderate-High,0.5864826192571916,Well-served,0.27908586751948783,733,155,578,True
140109,NUEVA ARICA,0.3070693528185249,Moderate-High,0.0,Well-served,-0.3070693528185249,734,1337,-603,True
060804,COLASAY,0.3069211941504017,Moderate-High,7.69492833291957e-05,Well-served,-0.3068442448670725,735,677,58,True
120601,SATIPO,0.3068326442619865,Moderate-High,0.25476157367346897,Well-served,-0.05207107058851751,736,354,382,True
022007,SHUPLUY,0.30681532952908747,Moderate-High,0.22941176470588232,Well-served,-0.07740356482320515,737,374,363,True
030208,PACOBAMBA,0.30680932959069684,Moderate-High,0.0,Well-served,-0.30680932959069684,738,1337,-599,True
030503,COYLLURQUI,0.3067137567303273,Moderate-High,0.0,Well-served,-0.3067137567303273,739,1337,-598,True
021408,SAN CRISTOBAL DE RAJAN,0.30662451702841786,Moderate-High,0.0,Well-served,-0.30662451702841786,740,1337,-597,True
140306,MORROPE,0.3064015242908435,Moderate-High,0.0,Well-served,-0.3064015242908435,741,1337,-596,True
130903,COCHORCO,0.3063697941476131,Moderate-High,3.868958379680231e-06,Well-served,-0.30636592518923345,742,747,-5,True
010504,COLCAMAR,0.3060635691774632,Moderate-High,0.057142857142857134,Well-served,-0.24892071203460606,743,523,220,True
021001,HUARI,0.3059451905552109,Moderate-High,0.489153455936197,Well-served,0.1832082653809861,744,209,535,True
090409,MOLLEPAMPA,0.3058617529678502,Moderate-High,6.448263966133718e-07,Well-served,-0.30586110814145356,745,781,-36,True
140118,POMALCA,0.3057601679951591,Moderate-High,0.6,Well-served,0.2942398320048409,746,122,624,True
060201,CAJABAMBA,0.3057121993941343,Moderate-High,0.6025466433833582,Well-served,0.2968344439892239,747,75,672,True
061101,SAN MIGUEL,0.30544895757577106,Moderate-High,6.111521292346735e-05,Well-served,-0.3053878423628476,748,683,65,True
020111,PIRA,0.30543686996901265,Moderate-High,0.0,Well-served,-0.30543686996901265,749,1337,-588,True
200111,LAS LOMAS,0.3053233880916536,Moderate-High,0.0,Well-served,-0.3053233880916536,750,1337,-587,True
220305,SHATOJA,0.3051999548942371,Moderate-High,0.0,Well-served,-0.3051999548942371,751,1337,-586,True
021502,BOLOGNESI,0.30499925302374314,Moderate-High,0.0,Well-served,-0.30499925302374314,752,1337,-585,True
200502,AMOTAPE,0.3049859301169996,Moderate-High,0.0,Well-served,-0.3049859301169996,753,1337,-584,True
220401,SAPOSOA,0.3049816210223482,Moderate-High,0.001336008646405505,Well-served,-0.30364561237594273,754,610,144,True
060809,SALLIQUE,0.30497704023580074,Moderate-High,5.287576452229649e-05,Well-served,-0.30492416447127846,755,688,67,True
200407,SAN JUAN DE BIGOTE,0.30494612423385287,Moderate-High,0.0,Well-served,-0.30494612423385287,756,1337,-581,True
010513,OCUMAL,0.3048118897774907,Moderate-High,0.0,Well-served,-0.3048118897774907,757,1337,-580,True
060808,PUCARA,0.3046967150535995,Moderate-High,0.00038288358483353987,Well-served,-0.304313831468766,758,635,123,True
021404,CARHUAPAMPA,0.3045387752086056,Moderate-High,0.0,Well-served,-0.3045387752086056,759,1337,-578,True
030604,HUACCANA,0.30432917189706316,Moderate-High,0.04077669902912621,Well-served,-0.2635524728679369,760,543,217,True
120706,PALCA,0.30416541905387867,Moderate-High,0.0,Well-served,-0.30416541905387867,761,1337,-576,True
220708,SHAMBOYACU,0.30412367484053976,Moderate-High,8.597685288178291e-06,Well-served,-0.3041150771552516,762,728,34,True
030607,URANMARCA,0.3040998729604755,Moderate-High,0.0,Well-served,-0.3040998729604755,763,1337,-574,True
120701,TARMA,0.3040192785849999,Moderate-High,0.41601256292128314,Well-served,0.11199328433628325,764,257,507,True
061106,LA FLORIDA,0.3039884731231078,Moderate-High,0.0,Well-served,-0.3039884731231078,765,1337,-572,True
130907,SARIN,0.3039819297648359,Moderate-High,0.0,Well-served,-0.3039819297648359,766,1337,-571,True
120302,PERENE,0.30397032998370266,Moderate-High,0.05556909511869999,Well-served,-0.24840123486500265,767,528,239,True
040704,ISLAY,0.3035759956662496,Moderate-High,0.43642639946624007,Well-served,0.13285040379999047,768,239,529,True
050401,HUANTA,0.30327827436155314,Moderate-High,0.5396468801897581,Well-served,0.23636860582820501,769,179,590,True
120124,PARIAHUANCA,0.3032192929313979,Moderate-High,0.0,Well-served,-0.3032192929313979,770,1337,-567,True
081009,YAURISQUE,0.30317941996380304,Moderate-High,0.0,Well-served,-0.30317941996380304,771,1337,-566,True
140204,MANUEL ANTONIO MESONES MURO,0.30308935023106126,Moderate-High,0.586046511627907,Well-served,0.28295716139684574,772,156,616,True
120414,LLOCLLAPAMPA,0.30294669236463573,Moderate-High,0.09,Well-served,-0.21294669236463573,773,486,287,True
010609,OMIA,0.30285621155512094,Moderate-High,0.12,Well-served,-0.18285621155512094,774,449,325,True
050807,PARARCA,0.3028393098154213,Moderate-High,0.0,Well-served,-0.3028393098154213,775,1337,-562,True
250303,CURIMANA,0.30268304079290775,Moderate-High,0.0,Well-served,-0.30268304079290775,776,1337,-561,True
150811,SAYAN,0.3025663732110114,Moderate-High,0.0,Well-served,-0.3025663732110114,777,1337,-560,True
020102,COCHABAMBA,0.3024537066084349,Moderate-High,0.0,Well-served,-0.3024537066084349,778,1337,-559,True
090707,HUACHOCOLPA,0.30242465598983936,Moderate-High,2.006126567241601e-06,Well-served,-0.3024226498632721,779,758,21,True
020701,SAN LUIS,0.30223805443434854,Moderate-High,0.0,Well-served,-0.30223805443434854,780,1337,-557,True
131102,LUCMA,0.3021982504908295,Moderate-High,0.0,Well-served,-0.3021982504908295,781,1337,-556,True
030506,CHALLHUAHUACHO,0.302130119959695,Moderate-High,0.0,Well-served,-0.302130119959695,782,1337,-555,True
010109,LA JALCA,0.3021173206757875,Moderate-High,0.0,Well-served,-0.3021173206757875,783,1337,-554,True
250102,CAMPOVERDE,0.30193775199456724,Moderate-High,0.017649136597474056,Well-served,-0.28428861539709316,784,567,217,True
020907,YUPAN,0.3018911213478025,Moderate-High,0.0,Well-served,-0.3018911213478025,785,1337,-552,True
010106,CHUQUIBAMBA,0.30173806249966134,Moderate-High,0.0,Well-served,-0.30173806249966134,786,1337,-551,True
050803,CORCULLA,0.3015947034252477,Moderate-High,0.0,Well-served,-0.3015947034252477,787,1337,-550,True
040705,MEJIA,0.30156376874345636,Moderate-High,0.06,Well-served,-0.24156376874345636,788,518,270,True
190304,PALCAZU,0.30138163007261165,Moderate-High,1.4544417612501609e-05,Well-served,-0.30136708565499915,789,716,73,True
120609,VIZCATAN DEL ENE,0.30132478212259706,Moderate-High,0.0,Well-served,-0.30132478212259706,790,1337,-547,True
030714,CURASCO,0.3012069595090518,Moderate-High,0.0,Well-served,-0.3012069595090518,791,1337,-546,True
150507,IMPERIAL,0.3010968409655016,Moderate-High,0.6,Well-served,0.2989031590344984,792,122,670,True
190307,VILLA RICA,0.3008119320605549,Moderate-High,0.2949030263331736,Well-served,-0.005908905727381286,793,326,467,True
221005,UCHIZA,0.30076144915006714,Moderate-High,5.015316418104002e-07,Well-served,-0.3007609476184253,794,785,9,True
021015,SAN PEDRO DE CHANA,0.3007609238896417,Moderate-High,0.0,Well-served,-0.3007609238896417,795,1337,-542,True
060307,MIGUEL IGLESIAS,0.30067625042756296,Moderate-High,0.0,Well-served,-0.30067625042756296,796,1337,-541,True
061004,GREGORIO PITA,0.3006657584001873,Moderate-High,6.161674456527775e-06,Well-served,-0.3006595967257307,797,736,61,True
021601,POMABAMBA,0.30052796853879166,Moderate-High,0.5335516865546063,Well-served,0.23302371801581462,798,183,615,True
100503,CHAVIN DE PARIARCA,0.30044942484174453,Moderate-High,0.0,Well-served,-0.30044942484174453,799,1337,-538,True
190201,YANAHUANCA,0.30043308373442096,Moderate-High,0.0004144800782675951,Well-served,-0.30001860365615335,800,633,167,True
060902,CHIRINOS,0.3003440369501056,Moderate-High,0.0,Well-served,-0.3003440369501056,801,1337,-536,True
030414,TAPAIRIHUA,0.30015151855509187,Moderate-High,0.0,Well-served,-0.30015151855509187,802,1337,-535,True
060105,ENCAÑADA,0.29995905206047646,Moderate-High,0.0,Well-served,-0.29995905206047646,803,1337,-534,True
100202,CAYNA,0.299642179367024,Moderate-High,0.0,Well-served,-0.299642179367024,804,1337,-533,True
150715,SAN ANDRES DE TUPICOCHA,0.29953901385136134,Moderate-High,0.0,Well-served,-0.29953901385136134,805,1337,-532,True
150405,LACHAQUI,0.2994986121469922,Moderate-High,0.0,Well-served,-0.2994986121469922,806,1337,-531,True
050501,SAN MIGUEL,0.2994970836903595,Moderate-High,0.4344666966595894,Well-served,0.13496961296922994,807,240,567,True
080504,LANGUI,0.29949323693463537,Moderate-High,0.042857142857142864,Well-served,-0.2566360940774925,808,539,269,True
010601,SAN NICOLAS,0.29939793402720893,Moderate-High,0.60304094245753,Well-served,0.3036430084303211,809,73,736,True
060406,CHOROPAMPA,0.2993916528848227,Moderate-High,0.0,Well-served,-0.2993916528848227,810,1337,-527,True
200303,EL CARMEN DE LA FRONTERA,0.2992802506624804,Moderate-High,0.0,Well-served,-0.2992802506624804,811,1337,-526,True
050106,OCROS,0.29895852586075294,Moderate-High,5.803437569520346e-06,Well-served,-0.29895272242318344,812,738,74,True
190205,SAN PEDRO DE PILLAO,0.29888728273168674,Moderate-High,0.0,Well-served,-0.29888728273168674,813,1337,-524,True
090112,MOYA,0.2986528480239123,Moderate-High,5.516848059914404e-06,Well-served,-0.29864733117585235,814,739,75,True
090720,ANDAYMARCA,0.298397445527695,Moderate-High,3.582368870074288e-06,Well-served,-0.29839386315882493,815,750,65,True
150707,HUACHUPAMPA,0.29820027400739413,Moderate-High,0.0,Well-served,-0.29820027400739413,816,1337,-521,True
050810,SARA SARA,0.2981883576150523,Moderate-High,0.0,Well-served,-0.2981883576150523,817,1337,-520,True
140120,TUMAN,0.2977827089559132,Moderate-High,0.6017176142595271,Well-served,0.3039349053036139,818,79,739,True
021706,MARCA,0.2976840128872838,Moderate-High,0.0,Well-served,-0.2976840128872838,819,1337,-518,True
090114,PALCA,0.2973858314594034,Moderate-High,0.10349420183098332,Well-served,-0.19389162962842008,820,468,352,True
220302,AGUA BLANCA,0.2973473678940335,Moderate-High,0.0,Well-served,-0.2973473678940335,821,1337,-516,True
120603,LLAYLLA,0.297326023193467,Moderate-High,0.17142857142857146,Well-served,-0.12589745176489556,822,414,408,True
131104,SAYAPULLO,0.29729199308310145,Moderate-High,0.0,Well-served,-0.29729199308310145,823,1337,-514,True
050113,TAMBILLO,0.29719384346538613,Moderate-High,0.4545454545454545,Well-served,0.15735161108006834,824,230,594,True
220605,PAJARILLO,0.2971493537320304,Moderate-High,0.3586206896551724,Well-served,0.06147133592314202,825,290,535,True
021701,RECUAY,0.29713565132896363,Moderate-High,0.5933681800419717,Well-served,0.29623252871300804,826,152,674,True
120304,SAN LUIS DE SHUARO,0.29713073960899744,Moderate-High,0.09152542372881356,Well-served,-0.20560531588018388,827,481,346,True
081104,COLQUEPATA,0.2970595669033956,Moderate-High,0.0,Well-served,-0.2970595669033956,828,1337,-509,True
020110,PARIACOTO,0.29698365483855316,Moderate-High,0.0,Well-served,-0.29698365483855316,829,1337,-508,True
211102,CABANA,0.2968969488458505,Moderate-High,0.0,Well-served,-0.2968969488458505,830,1337,-507,True
061201,SAN PABLO,0.296752870055331,Moderate-High,0.00016643685770365143,Well-served,-0.29658643319762734,831,652,179,True
150510,NUEVO IMPERIAL,0.2966856120832799,Moderate-High,0.4285835369782094,Well-served,0.13189792489492946,832,246,586,True
250304,NESHUYA,0.29667813098635043,Moderate-High,0.0,Well-served,-0.29667813098635043,833,1337,-504,True
100322,SILLAPATA,0.29649920737351126,Moderate-High,0.0,Well-served,-0.29649920737351126,834,1337,-503,True
050412,CHACA,0.29639109164489985,Moderate-High,0.0,Well-served,-0.29639109164489985,835,1337,-502,True
150603,ATAVILLOS BAJO,0.29632662982046437,Moderate-High,0.0,Well-served,-0.29632662982046437,836,1337,-501,True
120605,PAMPA HERMOSA,0.29626726860600905,Moderate-High,0.009836065573770493,Well-served,-0.28643120303223857,837,578,259,True
100502,ARANCAY,0.2962507751189327,Moderate-High,0.0,Well-served,-0.2962507751189327,838,1337,-499,True
021208,SANTA CRUZ,0.2962126140424665,Moderate-High,0.15384615384615385,Well-served,-0.14236646019631266,839,424,415,True
200507,VICHAYAL,0.2961370761872479,Moderate-High,0.0,Well-served,-0.2961370761872479,840,1337,-497,True
081305,MARAS,0.2960613157033809,Moderate-High,0.0,Well-served,-0.2960613157033809,841,1337,-496,True
080607,SAN PEDRO,0.29579406089192795,Moderate-High,0.0,Well-served,-0.29579406089192795,842,1337,-495,True
240301,ZARUMILLA,0.29578478447435047,Moderate-High,0.0007672001172151095,Well-served,-0.2950175843571354,843,619,224,True
130908,SARTIMBAMBA,0.2957343505864372,Moderate-High,0.0,Well-served,-0.2957343505864372,844,1337,-493,True
210703,CALAPUJA,0.2952774594674623,Moderate-High,0.03529411764705882,Well-served,-0.2599833418204035,845,552,293,True
130207,SANTIAGO DE CAO,0.2951990365194725,Moderate-High,0.075,Well-served,-0.22019903651947248,846,507,339,True
130403,PUEBLO NUEVO,0.29510907361794275,Moderate-High,0.324,Well-served,0.028890926382057258,847,308,539,True
021402,ACAS,0.29474831285854863,Moderate-High,0.0,Well-served,-0.29474831285854863,848,1337,-489,True
120112,COLCA,0.29457040048760263,Moderate-High,0.0,Well-served,-0.29457040048760263,849,1337,-488,True
220106,YANTALO,0.29449411344297494,Moderate-High,0.0003107346757902437,Well-served,-0.2941833787671847,850,638,212,True
030705,MAMARA,0.29423125335866374,Moderate-High,0.0,Well-served,-0.29423125335866374,851,1337,-486,True
150604,AUCALLAMA,0.2942278093724726,Moderate-High,0.432,Well-served,0.13777219062752738,852,243,609,True
200506,TAMARINDO,0.29412423937270843,Moderate-High,0.0,Well-served,-0.29412423937270843,853,1337,-484,True
101006,SAN FRANCISCO DE ASIS,0.2939780946058017,Moderate-High,0.0,Well-served,-0.2939780946058017,854,1337,-483,True
220502,ALONSO DE ALVARADO,0.29345129491541,Moderate-High,0.00015604798798043597,Well-served,-0.2932952469274296,855,658,197,True
090119,HUANDO,0.2933091814191834,Moderate-High,0.019052419421904946,Well-served,-0.27425676199727844,856,566,290,True
130813,URPAY,0.29323587977607707,Moderate-High,0.09,Well-served,-0.20323587977607707,857,486,371,True
080301,ANTA,0.2931093975834427,Moderate-High,0.0,Well-served,-0.2931093975834427,858,1337,-479,True
021010,PAUCAS,0.2930833276461634,Moderate-High,0.0,Well-served,-0.2930833276461634,859,1337,-478,True
020802,BUENA VISTA ALTA,0.29266898384783707,Moderate-High,0.1,Well-served,-0.19266898384783707,860,473,387,True
051105,HUAMBALPA,0.29257315935600653,Moderate-High,0.0,Well-served,-0.29257315935600653,861,1337,-476,True
130804,HUANCASPATA,0.29237703497625395,Moderate-High,0.005607476635514018,Well-served,-0.2867695583407399,862,590,272,True
021105,MALVAS,0.29203987414153193,Moderate-High,0.0,Well-served,-0.29203987414153193,863,1337,-474,True
090504,EL CARMEN,0.29201475350854217,Moderate-High,0.00020885210512533098,Well-served,-0.29180590140341683,864,647,217,True
050408,LLOCHEGUA,0.29200832006124094,Moderate-High,0.09333333333333334,Well-served,-0.19867498672790762,865,477,388,True
220802,AWAJUN,0.2918537356948751,Moderate-High,0.0004375505337908735,Well-served,-0.29141618516108425,866,630,236,True
040124,UCHUMAYO,0.2918470484436714,Moderate-High,0.20526315789473684,Well-served,-0.08658389054893453,867,392,475,True
090309,JULCAMARCA,0.2916883997044784,Moderate-High,1.3039822687070408e-05,Well-served,-0.29167535988179133,868,719,149,True
120126,PUCARA,0.29149864282014704,Moderate-High,0.0,Well-served,-0.29149864282014704,869,1337,-468,True
150706,CUENCA,0.2914587278809115,Moderate-High,0.0,Well-served,-0.2914587278809115,870,1337,-467,True
060109,MAGDALENA,0.2911959245303655,Moderate-High,0.05571528877756934,Well-served,-0.23548063575279618,871,527,344,True
051104,CONCEPCION,0.29099317621547005,Moderate-High,0.0,Well-served,-0.29099317621547005,872,1337,-465,True
021806,NEPEÑA,0.290828215130747,Moderate-High,0.0007421235351245895,Well-served,-0.29008609159562243,873,621,252,True
090305,CHINCHO,0.2907420346243388,Moderate-High,0.10000007164737741,Well-served,-0.1907419629769614,874,472,402,True
210608,VILQUE CHICO,0.29072384975119886,Moderate-High,0.14313725490196078,Well-served,-0.14758659484923808,875,430,445,True
150611,SUMBILCA,0.29059486151972,Moderate-High,0.0,Well-served,-0.29059486151972,876,1337,-461,True
211104,CARACOTO,0.2905011493351676,Moderate-High,0.27428571428571424,Well-served,-0.01621543504945333,877,338,539,True
010306,FLORIDA,0.2904581555665351,Moderate-High,0.0,Well-served,-0.2904581555665351,878,1337,-459,True
021004,CHAVIN DE HUANTAR,0.29019307855439164,Moderate-High,0.0,Well-served,-0.29019307855439164,879,1337,-458,True
051101,VILCAS HUAMAN,0.29011043448338253,Moderate-High,0.0001574809355284657,Well-served,-0.28995295354785405,880,656,224,True
021707,PAMPAS CHICO,0.2901064366528702,Moderate-High,0.0,Well-served,-0.2901064366528702,881,1337,-456,True
130503,CARABAMBA,0.28961367638308605,Moderate-High,0.0841251679683204,Well-served,-0.20548850841476565,882,498,384,True
090702,ACOSTAMBO,0.2893316868798108,Moderate-High,4.5137847762936025e-06,Well-served,-0.28932717309503453,883,744,139,True
130905,MARCABAL,0.289045725287465,Moderate-High,0.28548594874168653,Well-served,-0.0035597765457784925,884,335,549,True
150713,MARIATANA,0.2889463476231498,Moderate-High,0.0,Well-served,-0.2889463476231498,885,1337,-452,True
040810,TOMEPAMPA,0.28888888888888886,Moderate-High,0.0,Well-served,-0.28888888888888886,886,1337,-451,True
150201,BARRANCA,0.28877389159944356,Moderate-High,0.42221480287946833,Well-served,0.13344091128002478,887,254,633,True
081301,URUBAMBA,0.2885454187561631,Moderate-High,0.0,Well-served,-0.2885454187561631,888,1337,-449,True
060812,SANTA ROSA,0.28821730423648806,Moderate-High,0.00028572974107712515,Well-served,-0.28793157449541096,889,640,249,True
130902,CHUGAY,0.28802622866834593,Moderate-High,0.0,Well-served,-0.28802622866834593,890,1337,-447,True
030213,SAN JERONIMO,0.28800232342393506,Moderate-High,0.34545454545454546,Well-served,0.0574522220306104,891,301,590,True
081008,PILLPINTO,0.28776150062639283,Moderate-High,0.0,Well-served,-0.28776150062639283,892,1337,-445,True
090602,AYAVI,0.2875045375971193,Moderate-High,0.0,Well-served,-0.2875045375971193,893,1337,-444,True
020605,ATAQUERO,0.28741544178033573,Moderate-High,0.5111111111111111,Well-served,0.22369566933077534,894,195,699,True
130401,CHEPEN,0.2873928244830093,Moderate-High,0.35474115179766263,Well-served,0.06734832731465334,895,292,603,True
030706,MICAELA BASTIDAS,0.2872481943632469,Moderate-High,0.0,Well-served,-0.2872481943632469,896,1337,-441,True
020904,CUSCA,0.28722268529613426,Moderate-High,0.0,Well-served,-0.28722268529613426,897,1337,-440,True
220504,CAYNARACHI,0.28716785960017654,Moderate-High,0.0002648087068758914,Well-served,-0.28690305089330065,898,641,257,True
090412,TANTARA,0.2871623113217829,Moderate-High,5.015316418104002e-07,Well-served,-0.28716180979014105,899,785,114,True
220914,SHAPAJA,0.2870701468587133,Moderate-High,0.0,Well-served,-0.2870701468587133,900,1337,-437,True
110507,SAN CLEMENTE,0.2867129682740254,Moderate-High,0.4058823529411764,Well-served,0.11916938466715099,901,261,640,True
100509,PUÑOS,0.2866015385865918,Moderate-High,0.0,Well-served,-0.2866015385865918,902,1337,-435,True
230402,HEROES ALBARRACIN,0.2865604800307326,Moderate-High,0.0,Well-served,-0.2865604800307326,903,1337,-434,True
130803,CHILLIA,0.2865548730258,Moderate-High,0.0,Well-served,-0.2865548730258,904,1337,-433,True
150401,CANTA,0.2862168322072802,Moderate-High,0.0,Well-served,-0.2862168322072802,905,1337,-432,True
030502,COTABAMBAS,0.2861185515225013,Moderate-High,0.0,Well-served,-0.2861185515225013,906,1337,-431,True
170301,IÑAPARI,0.28577221136441305,Moderate-High,0.0,Well-served,-0.28577221136441305,907,1337,-430,True
100101,HUANUCO,0.28547530298799556,Moderate-High,0.44854771576171687,Well-served,0.1630724127737213,908,233,675,True
100201,AMBO,0.2854139916774997,Moderate-High,0.0,Well-served,-0.2854139916774997,909,1337,-428,True
030702,CURPAHUASI,0.28540631092842084,Moderate-High,0.0,Well-served,-0.28540631092842084,910,1337,-427,True
100205,HUACAR,0.28538493895134504,Moderate-High,0.0,Well-served,-0.28538493895134504,911,1337,-426,True
020112,TARICA,0.28535210740021044,Moderate-High,0.09130434782608696,Well-served,-0.19404775957412349,912,483,429,True
140110,OYOTUN,0.285003809648552,Moderate-High,0.0,Well-served,-0.285003809648552,913,1337,-424,True
080913,VILLA KINTIARINA,0.28495168615022676,Moderate-High,0.0,Well-served,-0.28495168615022676,914,1337,-423,True
100313,PACHAS,0.2847521672645859,Moderate-High,0.0,Well-served,-0.2847521672645859,915,1337,-422,True
130208,CASA GRANDE,0.28469216273133807,Moderate-High,0.3483379412897846,Well-served,0.06364577855844655,916,300,616,True
010310,SHIPASBAMBA,0.2846142697063758,Moderate-High,0.0,Well-served,-0.2846142697063758,917,1337,-420,True
010205,IMAZA,0.2845890378330439,Moderate-High,0.0,Well-served,-0.2845890378330439,918,1337,-419,True
090718,TINTAY PUNCU,0.2845818877551321,Moderate-High,7.952858891564918e-06,Well-served,-0.28457393489624055,919,731,188,True
210606,ROSASPATA,0.28450772913300454,Moderate-High,0.0,Well-served,-0.28450772913300454,920,1337,-417,True
090503,CHINCHIHUASI,0.2842851281775999,Moderate-High,0.00015174914533634684,Well-served,-0.28413337903226354,921,659,262,True
150607,LAMPIAN,0.284225417117183,Moderate-High,0.0,Well-served,-0.284225417117183,922,1337,-415,True
020106,JANGAS,0.2840620097309173,Moderate-High,0.05333333333333334,Well-served,-0.23072867639758393,923,529,394,True
021905,CHINGALPO,0.2839547680028328,Moderate-High,0.004555483549941268,Well-served,-0.2793992844528915,924,595,329,True
010107,GRANADA,0.28392893633195193,Moderate-High,0.0,Well-served,-0.28392893633195193,925,1337,-412,True
221001,TOCACHE,0.28387427554068184,Moderate-High,0.30669440702681927,Well-served,0.02282013148613743,926,318,608,True
130701,SAN PEDRO DE LLOC,0.28376185218155575,Moderate-High,0.4728651939287705,Well-served,0.18910334174721477,927,218,709,True
020401,CHACAS,0.28359255729226673,Moderate-High,7.881211514163434e-05,Well-served,-0.2835137451771251,928,676,252,True
080403,LAMAY,0.28333106001652464,Moderate-High,0.0,Well-served,-0.28333106001652464,929,1337,-408,True
061204,TUMBADEN,0.2831313310988135,Moderate-High,0.0,Well-served,-0.2831313310988135,930,1337,-407,True
190111,TINYAHUARCO,0.28311788855827463,Moderate-High,0.395122094514267,Well-served,0.11200420595599236,931,267,664,True
200406,SALITRAL,0.28310189499054267,Moderate-High,0.0,Well-served,-0.28310189499054267,932,1337,-405,True
050508,TAMBO,0.2829588474861885,Moderate-High,0.1703703703703704,Well-served,-0.1125884771158181,933,416,517,True
021604,QUINUABAMBA,0.2829269813403094,Moderate-High,0.009145286193657847,Well-served,-0.27378169514665157,934,582,352,True
021407,LLIPA,0.28288524479349825,Moderate-High,0.0,Well-served,-0.28288524479349825,935,1337,-402,True
080406,SAN SALVADOR,0.28286270239300776,Moderate-High,0.0,Well-served,-0.28286270239300776,936,1337,-401,True
080302,ANCAHUASI,0.28277626732735983,Moderate-Low,0.0,Well-served,-0.28277626732735983,937,1337,-400,True
150606,IHUARI,0.28273676252165514,Moderate-Low,0.0,Well-served,-0.28273676252165514,938,1337,-399,True
200606,MIGUEL CHECA,0.28272032839367667,Moderate-Low,0.18461538461538463,Well-served,-0.09810494377829204,939,405,534,True
021307,LUCMA,0.28226681027067446,Moderate-Low,0.0,Well-served,-0.28226681027067446,940,1337,-397,True
060405,CHIMBAN,0.2821927152963915,Moderate-Low,0.0,Well-served,-0.2821927152963915,941,1337,-396,True
090116,VILCA,0.282086783182177,Moderate-Low,1.432947548029715e-07,Well-served,-0.2820866398874222,942,795,147,True
200202,FRIAS,0.28206847845372307,Moderate-Low,0.0,Well-served,-0.28206847845372307,943,1337,-394,True
090110,MANTA,0.2820329691326047,Moderate-Low,1.146358038423772e-06,Well-served,-0.2820318227745663,944,770,174,True
060311,UTCO,0.2819259592660612,Moderate-Low,0.47727272727272724,Well-served,0.19534676800666606,945,213,732,True
050302,CARAPO,0.2814974226516637,Moderate-Low,0.0,Well-served,-0.2814974226516637,946,1337,-391,True
150505,CHILCA,0.28123430090694396,Moderate-Low,0.0,Well-served,-0.28123430090694396,947,1337,-390,True
100106,QUISQUI (KICHKI),0.28119757599962947,Moderate-Low,0.0,Well-served,-0.28119757599962947,948,1337,-389,True
150702,ANTIOQUIA,0.2810736087353304,Moderate-Low,0.0,Well-served,-0.2810736087353304,949,1337,-388,True
090501,CHURCAMPA,0.28106011661432373,Moderate-Low,0.000910638166772884,Well-served,-0.28014947844755084,950,617,333,True
200706,MANCORA,0.2810354731417739,Moderate-Low,0.0,Well-served,-0.2810354731417739,951,1337,-386,True
010502,CAMPORREDONDO,0.2809978925835313,Moderate-Low,0.0,Well-served,-0.2809978925835313,952,1337,-385,True
200208,SAPILLICA,0.28085972419820404,Moderate-Low,0.0,Well-served,-0.28085972419820404,953,1337,-384,True
130805,HUAYLILLAS,0.2808012604550305,Moderate-Low,0.2930232558139535,Well-served,0.012221995358922988,954,327,627,True
130106,LAREDO,0.28060020224656346,Moderate-Low,0.37172233217957057,Well-served,0.09112212993300711,955,282,673,True
030104,CURAHUASI,0.2804597013740358,Moderate-Low,0.0010150283956468487,Well-served,-0.279444672978389,956,615,341,True
050102,ACOCRO,0.2801735395286831,Moderate-Low,9.242511684791662e-06,Well-served,-0.28016429701699835,957,726,231,True
210207,JOSE DOMINGO CHOQUEHUANCA,0.28016976902313434,Moderate-Low,0.0,Well-served,-0.28016976902313434,958,1337,-379,True
100103,CHINCHAO,0.2801628392012218,Moderate-Low,0.0,Well-served,-0.2801628392012218,959,1337,-378,True
220506,PINTO RECODO,0.2800798655442381,Moderate-Low,0.05,Well-served,-0.2300798655442381,960,530,430,True
200803,BERNAL,0.28001781332557885,Moderate-Low,0.0,Well-served,-0.28001781332557885,961,1337,-376,True
120303,PICHANAQUI,0.2800064769618,Moderate-Low,0.19463556184300881,Well-served,-0.08537091511879116,962,401,561,True
010507,LONGUITA,0.2799847687182667,Moderate-Low,0.0,Well-served,-0.2799847687182667,963,1337,-374,True
140302,CHOCHOPE,0.2798468565151018,Moderate-Low,0.0,Well-served,-0.2798468565151018,964,1337,-373,True
100505,JIRCAN,0.2798433679865823,Moderate-Low,0.0,Well-served,-0.2798433679865823,965,1337,-372,True
110104,OCUCAJE,0.2797389576694218,Moderate-Low,0.0,Well-served,-0.2797389576694218,966,1337,-371,True
220405,SACANCHE,0.279102474670726,Moderate-Low,0.10019803335113771,Well-served,-0.17890444131958833,967,470,497,True
180201,OMATE,0.2790330120160079,Moderate-Low,0.0,Well-served,-0.2790330120160079,968,1337,-369,True
150516,ZUÑIGA,0.2790220338780315,Moderate-Low,0.0,Well-served,-0.2790220338780315,969,1337,-368,True
140310,SALAS,0.27894076977553545,Moderate-Low,0.0,Well-served,-0.27894076977553545,970,1337,-367,True
130108,POROTO,0.2788449071145265,Moderate-Low,0.0,Well-served,-0.2788449071145265,971,1337,-366,True
120204,CHAMBARA,0.27862371429772165,Moderate-Low,0.0,Well-served,-0.27862371429772165,972,1337,-365,True
250101,CALLERIA,0.2784511976048331,Moderate-Low,0.11797453101944569,Well-served,-0.16047666658538742,973,458,515,True
021209,SANTO TORIBIO,0.2783152343513186,Moderate-Low,0.0,Well-served,-0.2783152343513186,974,1337,-363,True
110109,SAN JOSE DE LOS MOLINOS,0.2779348402477503,Moderate-Low,0.038297872340425525,Well-served,-0.23963696790732475,975,547,428,True
021807,SAMANCO,0.27773491510941206,Moderate-Low,0.03529411764705882,Well-served,-0.24244079746235325,976,552,424,True
060903,HUARANGO,0.2776699899576105,Moderate-Low,0.0,Well-served,-0.2776699899576105,977,1337,-360,True
021602,HUAYLLAN,0.2775400180501027,Moderate-Low,0.3673469387755102,Well-served,0.08980692072540752,978,284,694,True
120423,PACCHA,0.27702074712260905,Moderate-Low,0.22222222222222224,Well-served,-0.05479852490038681,979,382,597,True
210901,MOHO,0.2768227431597723,Moderate-Low,0.0,Well-served,-0.2768227431597723,980,1337,-357,True
100404,PINRA,0.27682117272891416,Moderate-Low,0.0,Well-served,-0.27682117272891416,981,1337,-356,True
050907,PAICO,0.2767842393665871,Moderate-Low,0.0,Well-served,-0.2767842393665871,982,1337,-355,True
100508,PUNCHAO,0.2766990051971492,Moderate-Low,0.0,Well-served,-0.2766990051971492,983,1337,-354,True
120504,ULCUMAYO,0.2762750003473661,Moderate-Low,0.0,Well-served,-0.2762750003473661,984,1337,-353,True
021304,FIDEL OLIVAS ESCUDERO,0.2761013580626957,Moderate-Low,5.1657759106471235e-05,Well-served,-0.2760497003035892,985,689,296,True
060308,OXAMARCA,0.2757933644195528,Moderate-Low,4.800374285899546e-06,Well-served,-0.2757885640452669,986,741,245,True
080707,QUIÑOTA,0.27576370219753954,Moderate-Low,0.0,Well-served,-0.27576370219753954,987,1337,-350,True
050607,HUAC-HUAS,0.2753545197264088,Moderate-Low,0.0,Well-served,-0.2753545197264088,988,1337,-349,True
130801,TAYABAMBA,0.2752271815616506,Moderate-Low,0.4929222491023083,Well-served,0.2176950675406577,989,204,785,True
040506,COPORAQUE,0.27521669215737316,Moderate-Low,0.0,Well-served,-0.27521669215737316,990,1337,-347,True
050801,PAUSA,0.27464674182957505,Moderate-Low,0.0,Well-served,-0.27464674182957505,991,1337,-346,True
021903,ALFONSO UGARTE,0.2744997464840444,Moderate-Low,0.0011178423822179808,Well-served,-0.27338190410182645,992,613,379,True
061104,CATILLUC,0.2743142303010689,Moderate-Low,0.0,Well-served,-0.2743142303010689,993,1337,-344,True
200805,VICE,0.273909995237165,Moderate-Low,0.0,Well-served,-0.273909995237165,994,1337,-343,True
021102,COCHAPETI,0.27385288212054215,Moderate-Low,0.0,Well-served,-0.27385288212054215,995,1337,-342,True
150806,HUAURA,0.27360838016133593,Moderate-Low,0.2,Well-served,-0.07360838016133592,996,398,598,True
061002,CHANCAY,0.27352177867880506,Moderate-Low,2.1494213220445727e-06,Well-served,-0.273519629257483,997,757,240,True
010607,MARISCAL BENAVIDES,0.27352091596003647,Moderate-Low,0.5454545454545454,Well-served,0.27193362949450894,998,175,823,True
060412,MIRACOSTA,0.27339164733949745,Moderate-Low,0.0,Well-served,-0.27339164733949745,999,1337,-338,True
150204,SUPE,0.2733392075265974,Moderate-Low,0.27062799081063316,Well-served,-0.0027112167159642486,1000,340,660,True
130306,UCUNCHA,0.2732078657749829,Moderate-Low,0.0,Well-served,-0.2732078657749829,1001,1337,-336,True
030106,LAMBRAMA,0.27316913554404826,Moderate-Low,0.07850467289719627,Well-served,-0.194664462646852,1002,503,499,True
210101,PUNO,0.2731234671560192,Moderate-Low,0.44497136128024267,Well-served,0.17184789412422347,1003,234,769,True
021511,TAUCA,0.27304381623237783,Moderate-Low,0.0,Well-served,-0.27304381623237783,1004,1337,-333,True
050402,AYAHUANCO,0.2730071107252909,Moderate-Low,0.0,Well-served,-0.2730071107252909,1005,1337,-332,True
130305,UCHUMARCA,0.2729490557625701,Moderate-Low,0.0,Well-served,-0.2729490557625701,1006,1337,-331,True
021403,CAJAMARQUILLA,0.27287804264763255,Moderate-Low,0.0,Well-served,-0.27287804264763255,1007,1337,-330,True
010702,CAJARURO,0.2728576227616749,Moderate-Low,0.07297297297297296,Well-served,-0.19988464978870196,1008,509,499,True
130613,SINSICAP,0.2727997194058311,Moderate-Low,0.0,Well-served,-0.2727997194058311,1009,1337,-328,True
050502,ANCO,0.2726717007140939,Moderate-Low,0.0,Well-served,-0.2726717007140939,1010,1337,-327,True
190303,HUANCABAMBA,0.2725046764776822,Moderate-Low,0.013371376830999414,Well-served,-0.25913329964668275,1011,575,436,True
020505,CAJACAY,0.2724463560441672,Moderate-Low,7.881211514163433e-07,Well-served,-0.27244556792301583,1012,777,235,True
021014,SAN MARCOS,0.2723994555565074,Moderate-Low,0.0,Well-served,-0.2723994555565074,1013,1337,-324,True
170204,HUEPETUHE,0.2723406754225136,Moderate-Low,0.0,Well-served,-0.2723406754225136,1014,1337,-323,True
120907,SAN JUAN DE JARPA,0.2722073655605474,Moderate-Low,0.0,Well-served,-0.2722073655605474,1015,1337,-322,True
010202,ARAMANGO,0.27213419663242067,Moderate-Low,0.0,Well-served,-0.27213419663242067,1016,1337,-321,True
080205,POMACANCHI,0.2720030910688623,Moderate-Low,0.0,Well-served,-0.2720030910688623,1017,1337,-320,True
130901,HUAMACHUCO,0.271928987272388,Moderate-Low,0.44025360364656685,Well-served,0.16832461637417884,1018,237,781,True
100401,HUACAYBAMBA,0.27190033316740914,Moderate-Low,0.0,Well-served,-0.27190033316740914,1019,1337,-318,True
080903,HUAYOPATA,0.2716913091134916,Moderate-Low,0.0,Well-served,-0.2716913091134916,1020,1337,-317,True
220709,TINGO DE PONASA,0.27163467400875824,Moderate-Low,2.6509529638549733e-06,Well-served,-0.27163202305579437,1021,753,268,True
050504,CHILCAS,0.27159017915728256,Moderate-Low,0.0,Well-served,-0.27159017915728256,1022,1337,-315,True
060508,YONAN,0.2714565509842328,Moderate-Low,0.00029010023109861583,Well-served,-0.2711664507531342,1023,639,384,True
130906,SANAGORAN,0.27135063670292037,Moderate-Low,0.075,Well-served,-0.19635063670292036,1024,507,517,True
050805,MARCABAMBA,0.2711778781260703,Moderate-Low,0.0,Well-served,-0.2711778781260703,1025,1337,-312,True
050906,MORCOLLA,0.2710772583780904,Moderate-Low,0.0,Well-served,-0.2710772583780904,1026,1337,-311,True
190109,SIMON BOLIVAR,0.2709595633031734,Moderate-Low,0.21202692655912111,Well-served,-0.058932636744052275,1027,388,639,True
120214,SAN JOSE DE QUERO,0.27089337717689327,Moderate-Low,0.0,Well-served,-0.27089337717689327,1028,1337,-309,True
061303,CATACHE,0.27078007974945506,Moderate-Low,0.0,Well-served,-0.27078007974945506,1029,1337,-308,True
100402,CANCHABAMBA,0.2705602459128725,Moderate-Low,0.0,Well-served,-0.2705602459128725,1030,1337,-307,True
240105,SAN JACINTO,0.2704508802501001,Moderate-Low,0.058064516129032254,Well-served,-0.21238636412106787,1031,520,511,True
200206,PACAIPAMPA,0.27028163123765625,Moderate-Low,0.0,Well-served,-0.27028163123765625,1032,1337,-305,True
220913,SAUCE,0.27025891691336645,Moderate-Low,0.00024023365642718175,Well-served,-0.2700186832569393,1033,643,390,True
200402,BUENOS AIRES,0.2698943882040922,Moderate-Low,0.0,Well-served,-0.2698943882040922,1034,1337,-303,True
090719,QUICHUAS,0.2693935697792835,Moderate-Low,0.08728096672112844,Well-served,-0.18211260305815508,1035,493,542,True
080907,KIMBIRI,0.26926635517282216,Moderate-Low,0.20730653728188198,Well-served,-0.06195981789094018,1036,390,646,True
230111,LA YARADA LOS PALOS,0.2692450722212853,Moderate-Low,0.0,Well-served,-0.2692450722212853,1037,1337,-300,True
020512,MANGAS,0.2692182331145494,Moderate-Low,0.0,Well-served,-0.2692182331145494,1038,1337,-299,True
080507,QUEHUE,0.26882202027921864,Moderate-Low,0.0,Well-served,-0.26882202027921864,1039,1337,-298,True
240302,AGUAS VERDES,0.268709592302755,Moderate-Low,0.0002202440381321672,Well-served,-0.26848934826462284,1040,645,395,True
150515,SANTA CRUZ DE FLORES,0.2683706177977989,Moderate-Low,0.0,Well-served,-0.2683706177977989,1041,1337,-296,True
200702,EL ALTO,0.2683253754747594,Moderate-Low,0.0,Well-served,-0.2683253754747594,1042,1337,-295,True
060302,CHUMUCH,0.2682347834324284,Moderate-Low,7.164737740148576e-07,Well-served,-0.26823406695865437,1043,779,264,True
090408,HUAMATAMBO,0.26786219064550093,Moderate-Low,0.0,Well-served,-0.26786219064550093,1044,1337,-293,True
061108,NANCHOC,0.2675591218260352,Moderate-Low,0.0,Well-served,-0.2675591218260352,1045,1337,-292,True
060905,NAMBALLE,0.2672333333231227,Moderate-Low,0.0,Well-served,-0.2672333333231227,1046,1337,-291,True
130904,CURGOS,0.26717161405239465,Moderate-Low,0.19322033898305085,Well-served,-0.07395127506934379,1047,402,645,True
040127,YARABAMBA,0.2669970849584791,Moderate-Low,0.0,Well-served,-0.2669970849584791,1048,1337,-289,True
210605,PUSI,0.2669689360606214,Moderate-Low,0.007894736842105263,Well-served,-0.2590741992185161,1049,586,463,True
110506,SAN ANDRES,0.2667828098788225,Moderate-Low,0.44211108797488197,Well-served,0.17532827809605944,1050,236,814,True
210704,NICASIO,0.26676999992555506,Moderate-Low,0.0,Well-served,-0.26676999992555506,1051,1337,-286,True
160112,BELEN,0.2667659051213586,Moderate-Low,0.34318948894280704,Well-served,0.07642358382144843,1052,302,750,True
020510,HUAYLLACAYAN,0.2666250638727231,Moderate-Low,0.0,Well-served,-0.2666250638727231,1053,1337,-284,True
040102,ALTO SELVA ALEGRE,0.2666067910699267,Moderate-Low,0.44999999999999996,Well-served,0.18339320893007327,1054,231,823,True
130705,SAN JOSE,0.26650184541563443,Moderate-Low,0.01764705882352941,Well-served,-0.24885478659210503,1055,568,487,True
010518,SAN JERONIMO,0.26625062788299464,Moderate-Low,0.0,Well-served,-0.26625062788299464,1056,1337,-281,True
220908,JUAN GUERRA,0.2658556240007688,Moderate-Low,0.1384981502713906,Well-served,-0.1273574737293782,1057,434,623,True
081205,CCATCA,0.2655899442391873,Moderate-Low,0.0,Well-served,-0.2655899442391873,1058,1337,-279,True
120209,MARISCAL CASTILLA,0.2654872549534277,Moderate-Low,0.0,Well-served,-0.2654872549534277,1059,1337,-278,True
090402,ARMA,0.2654394652237255,Moderate-Low,2.86589509605943e-07,Well-served,-0.2654391786342159,1060,789,271,True
220702,BUENOS AIRES,0.26487982146127836,Moderate-Low,0.0,Well-served,-0.26487982146127836,1061,1337,-276,True
131001,SANTIAGO DE CHUCO,0.2646939812811857,Moderate-Low,0.23337341375991533,Well-served,-0.03132056752127038,1062,372,690,True
050702,CHUMPI,0.2646400618698292,Moderate-Low,0.23661971830985912,Well-served,-0.028020343559970073,1063,369,694,True
100504,JACAS GRANDE,0.26439273064948876,Moderate-Low,0.0,Well-served,-0.26439273064948876,1064,1337,-273,True
190302,CHONTABAMBA,0.26411761972913267,Moderate-Low,0.24286129840503215,Well-served,-0.02125632132410052,1065,363,702,True
220904,CHAZUTA,0.2639294923367995,Moderate-Low,0.00031438869203771953,Well-served,-0.2636151036447618,1066,637,429,True
040105,CHARACATO,0.2637674555126334,Moderate-Low,0.42857142857142855,Well-served,0.16480397305879513,1067,248,819,True
140304,JAYANCA,0.26362304524240815,Moderate-Low,0.0,Well-served,-0.26362304524240815,1068,1337,-269,True
210214,SANTIAGO DE PUPUJA,0.26354629074176417,Moderate-Low,0.009230769230769232,Well-served,-0.25431552151099496,1069,581,488,True
100601,RUPA-RUPA,0.2634829199073847,Moderate-Low,0.37636305193914366,Well-served,0.11288013203175895,1070,277,793,True
090301,LIRCAY,0.26346749253400037,Moderate-Low,0.23566349412114285,Well-served,-0.027803998412857522,1071,370,701,True
120105,CHACAPAMPA,0.2634375128204886,Moderate-Low,0.0,Well-served,-0.2634375128204886,1072,1337,-265,True
151032,VIÑAC,0.2632188261362272,Moderate-Low,0.0,Well-served,-0.2632188261362272,1073,1337,-264,True
120206,COMAS,0.2631259540776967,Moderate-Low,0.0,Well-served,-0.2631259540776967,1074,1337,-263,True
100501,LLATA,0.2630171091675996,Moderate-Low,0.00047967919170294714,Well-served,-0.2625374299758967,1075,629,446,True
200304,HUARMACA,0.2629072487803751,Moderate-Low,0.0,Well-served,-0.2629072487803751,1076,1337,-261,True
120704,HUASAHUASI,0.2628571945669622,Moderate-Low,0.00016170813079515334,Well-served,-0.2626954864361671,1077,654,423,True
080912,VILLA VIRGEN,0.2626374228877707,Moderate-Low,0.0,Well-served,-0.2626374228877707,1078,1337,-259,True
040405,CHILCAYMARCA,0.2626320207757846,Moderate-Low,0.0,Well-served,-0.2626320207757846,1079,1337,-258,True
040701,MOLLENDO,0.26262954624959056,Moderate-Low,0.46265995298679913,Well-served,0.20003040673720857,1080,225,855,True
250106,NUEVA REQUENA,0.2623733059509378,Moderate-Low,0.0,Well-served,-0.2623733059509378,1081,1337,-256,True
130605,HUARANCHAL,0.26237308928389025,Moderate-Low,0.0,Well-served,-0.26237308928389025,1082,1337,-255,True
061007,JOSE SABOGAL,0.26232935460784035,Moderate-Low,8.411402106934428e-05,Well-served,-0.262245240586771,1083,674,409,True
050105,CHIARA,0.2618427986325747,Moderate-Low,0.1054945054945055,Well-served,-0.1563482931380692,1084,466,618,True
220105,SORITOR,0.2615416345842517,Moderate-Low,0.0017122290251407064,Well-served,-0.259829405559111,1085,607,478,True
021908,RAGASH,0.2614259080382242,Moderate-Low,0.45762711864406774,Well-served,0.19620121060584356,1086,229,857,True
120203,ANDAMARCA,0.26139502940570036,Moderate-Low,0.0,Well-served,-0.26139502940570036,1087,1337,-250,True
010606,LONGAR,0.261051946132595,Moderate-Low,0.2914285714285714,Well-served,0.0303766252959764,1088,330,758,True
060301,CELENDIN,0.2610151944853786,Moderate-Low,0.3608301100724368,Well-served,0.09981491558705824,1089,287,802,True
120703,HUARICOLCA,0.260995602922294,Moderate-Low,0.058064516129032254,Well-served,-0.20293108679326177,1090,520,570,True
150512,QUILMANA,0.2608791408898875,Moderate-Low,0.0878048780487805,Well-served,-0.173074262841107,1091,492,599,True
220604,PACHIZA,0.2607206221890806,Moderate-Low,0.0,Well-served,-0.2607206221890806,1092,1337,-245,True
180203,COALAQUE,0.2605698438456743,Moderate-Low,0.0,Well-served,-0.2605698438456743,1093,1337,-244,True
090205,MARCAS,0.26040141021408575,Moderate-Low,0.012259227434663972,Well-served,-0.24814218277942177,1094,577,517,True
060202,CACHACHI,0.2602702928424949,Moderate-Low,0.01469387755102041,Well-served,-0.2455764152914745,1095,573,522,True
220805,PARDO MIGUEL,0.2601457480365242,Moderate-Low,0.0009571373147064482,Well-served,-0.25918861072181776,1096,616,480,True
060802,BELLAVISTA,0.26010961257760323,Moderate-Low,0.2384842770894011,Well-served,-0.02162533548820214,1097,365,732,True
130809,PATAZ,0.26010925716466854,Moderate-Low,0.0,Well-served,-0.26010925716466854,1098,1337,-239,True
120419,MONOBAMBA,0.259603464540103,Moderate-Low,0.0,Well-served,-0.259603464540103,1099,1337,-238,True
190107,PAUCARTAMBO,0.25928428070299253,Moderate-Low,7.121749313707683e-05,Well-served,-0.25921306320985543,1100,679,421,True
130402,PACANGA,0.25916491885394033,Moderate-Low,0.39310344827586213,Well-served,0.1339385294219218,1101,268,833,True
100803,MOLINO,0.25893987190408996,Moderate-Low,0.0,Well-served,-0.25893987190408996,1102,1337,-235,True
210805,MACARI,0.2588686348415707,Moderate-Low,0.0,Well-served,-0.2588686348415707,1103,1337,-234,True
081004,COLCHA,0.2587063208069092,Moderate-Low,0.0,Well-served,-0.2587063208069092,1104,1337,-233,True
120418,MOLINOS,0.25867977632428707,Moderate-Low,0.12,Well-served,-0.13867977632428707,1105,449,656,True
230205,HUANUARA,0.25817142044197466,Moderate-Low,0.0,Well-served,-0.25817142044197466,1106,1337,-231,True
010514,PISUQUIA,0.25775499646485406,Moderate-Low,0.0,Well-served,-0.25775499646485406,1107,1337,-230,True
150126,PUNTA HERMOSA,0.25772938825284114,Moderate-Low,0.0,Well-served,-0.25772938825284114,1108,1337,-229,True
050804,LAMPA,0.25753149675830056,Moderate-Low,0.0,Well-served,-0.25753149675830056,1109,1337,-228,True
090413,TICRAPO,0.25729474624725535,Moderate-Low,1.5762423028326865e-06,Well-served,-0.2572931700049525,1110,762,348,True
120705,LA UNION,0.2571215333218446,Moderate-Low,0.2275862068965517,Well-served,-0.029535326425292913,1111,376,735,True
140307,MOTUPE,0.2569940032778974,Moderate-Low,0.0,Well-served,-0.2569940032778974,1112,1337,-225,True
020804,YAUTAN,0.25687397758187147,Moderate-Low,0.0,Well-served,-0.25687397758187147,1113,1337,-224,True
022005,QUILLO,0.25663440215999395,Moderate-Low,0.0,Well-served,-0.25663440215999395,1114,1337,-223,True
081206,CUSIPATA,0.25622476683249695,Moderate-Low,0.0,Well-served,-0.25622476683249695,1115,1337,-222,True
050802,COLTA,0.256203863760329,Moderate-Low,0.0,Well-served,-0.256203863760329,1116,1337,-221,True
200204,LAGUNAS,0.25604552284186965,Moderate-Low,0.0,Well-served,-0.25604552284186965,1117,1337,-220,True
190110,TICLACAYAN,0.2557090843498427,Moderate-Low,0.0,Well-served,-0.2557090843498427,1118,1337,-219,True
060507,TANTARICA,0.2555149349707811,Moderate-Low,5.015316418104002e-07,Well-served,-0.25551443343913927,1119,785,334,True
080910,PICHARI,0.25498805316139095,Moderate-Low,0.2376384797656331,Well-served,-0.01734957339575785,1120,368,752,True
130504,HUASO,0.2548157544840238,Moderate-Low,1.7195370576356583e-06,Well-served,-0.2548140349469662,1121,760,361,True
110111,SANTIAGO,0.25471465521377173,Moderate-Low,0.020801390408546044,Well-served,-0.2339132648052257,1122,563,559,True
060906,SAN JOSE DE LOURDES,0.2542825720489809,Moderate-Low,0.0,Well-served,-0.2542825720489809,1123,1337,-214,True
061110,SAN GREGORIO,0.25424709769934684,Moderate-Low,0.0,Well-served,-0.25424709769934684,1124,1337,-213,True
021013,RAPAYAN,0.25398308586453766,Moderate-Low,0.0,Well-served,-0.25398308586453766,1125,1337,-212,True
220102,CALZADA,0.25380414381334904,Moderate-Low,0.225617457098446,Well-served,-0.028186686714903042,1126,379,747,True
220303,SAN MARTIN,0.2535831010860074,Moderate-Low,0.00011198485087852224,Well-served,-0.25347111623512886,1127,667,460,True
010105,CHILIQUIN,0.2534032600149018,Moderate-Low,0.0,Well-served,-0.2534032600149018,1128,1337,-209,True
060305,JORGE CHAVEZ,0.25309764492230014,Moderate-Low,0.27,Well-served,0.016902355077699882,1129,342,787,True
050708,UPAHUACHO,0.25309573736692464,Moderate-Low,0.0,Well-served,-0.25309573736692464,1130,1337,-207,True
030102,CHACOCHE,0.25272783443558955,Moderate-Low,0.0,Well-served,-0.25272783443558955,1131,1337,-206,True
050503,AYNA,0.2526824698726607,Moderate-Low,0.5263556185442062,Well-served,0.2736731486715455,1132,187,945,True
210807,ORURILLO,0.2526156260536302,Moderate-Low,0.0,Well-served,-0.2526156260536302,1133,1337,-204,True
030202,ANDARAPA,0.2522303367495401,Moderate-Low,0.0,Well-served,-0.2522303367495401,1134,1337,-203,True
010521,SANTO TOMAS,0.2519787946322502,Moderate-Low,0.0,Well-served,-0.2519787946322502,1135,1337,-202,True
150804,CHECRAS,0.25192708225621313,Moderate-Low,0.0,Well-served,-0.25192708225621313,1136,1337,-201,True
150904,COCHAMARCA,0.251866164045429,Moderate-Low,0.0,Well-served,-0.251866164045429,1137,1337,-200,True
010603,COCHAMAL,0.2517779839130138,Moderate-Low,0.15,Well-served,-0.10177798391301382,1138,427,711,True
100109,SANTA MARIA DEL VALLE,0.2516555271351109,Moderate-Low,0.1178082191780822,Well-served,-0.1338473079570287,1139,459,680,True
060506,SANTA CRUZ DE TOLED,0.2514497637535918,Moderate-Low,0.0,Well-served,-0.2514497637535918,1140,1337,-197,True
120305,SAN RAMON,0.2513788085189704,Moderate-Low,0.38084759410409635,Well-served,0.12946878558512598,1141,276,865,True
120699,MAZAMARI - PANGOA,0.2509564855812715,Moderate-Low,0.1420101204369433,Well-served,-0.10894636514432818,1142,432,710,True
200704,LOBITOS,0.2506707008327042,Moderate-Low,0.0,Well-served,-0.2506707008327042,1143,1337,-194,True
130206,RAZURI,0.25051544612022514,Moderate-Low,0.0,Well-served,-0.25051544612022514,1144,1337,-193,True
101107,PAMPAMARCA,0.2504314085796605,Moderate-Low,0.0,Well-served,-0.2504314085796605,1145,1337,-192,True
210213,SAN JUAN DE SALINAS,0.25041824178676464,Moderate-Low,0.12,Well-served,-0.13041824178676464,1146,449,697,True
131203,GUADALUPITO,0.25037579387902353,Moderate-Low,0.0,Well-served,-0.25037579387902353,1147,1337,-190,True
050114,VINCHOS,0.2502681985098235,Moderate-Low,1.5045949254312008e-06,Well-served,-0.2502666939148981,1148,763,385,True
090304,CCOCHACCASA,0.250185574597232,Moderate-Low,0.20000544520068253,Well-served,-0.05018012939654948,1149,396,753,True
090407,HUACHOS,0.25000329341303046,Moderate-Low,7.164737740148576e-07,Well-served,-0.2500025769392564,1150,779,371,True
010309,SAN CARLOS,0.25,Moderate-Low,0.0,Well-served,-0.25,1151,1337,-186,True
200401,CHULUCANAS,0.24981493892934387,Moderate-Low,0.281116777449564,Well-served,0.031301838520220115,1152,337,815,True
150807,LEONCIO PRADO,0.24965714174965167,Moderate-Low,0.0,Well-served,-0.24965714174965167,1153,1337,-184,True
090311,SANTO TOMAS DE PATA,0.24938408152649563,Moderate-Low,7.164737740148575e-08,Well-served,-0.24938400987911824,1154,798,356,True
020515,TICLLOS,0.2493558974702972,Moderate-Low,0.0,Well-served,-0.2493558974702972,1155,1337,-182,True
120135,SANTO DOMINGO DE ACOBAMBA,0.2492523824301942,Moderate-Low,0.0,Well-served,-0.2492523824301942,1156,1337,-181,True
021705,LLACLLIN,0.24896436762872534,Moderate-Low,0.0,Well-served,-0.24896436762872534,1157,1337,-180,True
160210,SANTA CRUZ,0.24893292991572177,Moderate-Low,0.0,Well-served,-0.24893292991572177,1158,1337,-179,True
210104,ATUNCOLLA,0.24893167640426775,Moderate-Low,0.0,Well-served,-0.24893167640426775,1159,1337,-178,True
030105,HUANIPACA,0.24878679675811236,Moderate-Low,0.0,Well-served,-0.24878679675811236,1160,1337,-177,True
100105,MARGOS,0.24861338667461966,Moderate-Low,7.0214429853456045e-06,Well-served,-0.24860636523163432,1161,734,427,True
050901,QUEROBAMBA,0.24850629219383358,Moderate-Low,0.00013183117441873377,Well-served,-0.24837446101941485,1162,661,501,True
020108,OLLEROS,0.248399778527631,Moderate-Low,0.3157894736842105,Well-served,0.0673896951565795,1163,313,850,True
131202,CHAO,0.24818010597045514,Moderate-Low,2.0347855182021955e-05,Well-served,-0.24815975811527313,1164,707,457,True
090710,ÑAHUIMPUQUIO,0.2480398405507509,Moderate-Low,0.0,Well-served,-0.2480398405507509,1165,1337,-172,True
130812,TAURIJA,0.24789896640584447,Moderate-Low,0.024,Well-served,-0.22389896640584447,1166,562,604,True
080906,QUELLOUNO,0.24752185024569345,Moderate-Low,0.0,Well-served,-0.24752185024569345,1167,1337,-170,True
101005,RONDOS,0.2474772933925435,Moderate-Low,0.0,Well-served,-0.2474772933925435,1168,1337,-169,True
040125,VITOR,0.24717258541443338,Moderate-Low,0.0,Well-served,-0.24717258541443338,1169,1337,-168,True
090312,SECCLLA,0.2471676880354403,Moderate-Low,5.4953538466939576e-05,Well-served,-0.24711273449697338,1170,686,484,True
151026,SAN JOAQUIN,0.2469135802469136,Moderate-Low,0.0,Well-served,-0.2469135802469136,1171,1337,-166,True
021809,NUEVO CHIMBOTE,0.2464187736503366,Moderate-Low,0.5605014686028901,Well-served,0.3140826949525535,1172,168,1004,True
131201,VIRU,0.24615719293138547,Moderate-Low,0.32167534857860347,Well-served,0.075518155647218,1173,310,863,True
100506,MIRAFLORES,0.24612660818232415,Moderate-Low,0.0,Well-served,-0.24612660818232415,1174,1337,-163,True
010116,OLLEROS,0.2459495092758697,Moderate-Low,0.0,Well-served,-0.2459495092758697,1175,1337,-162,True
190112,VICCO,0.24576401716738966,Moderate-Low,0.0,Well-served,-0.24576401716738966,1176,1337,-161,True
130202,CHICAMA,0.2454971724675902,Moderate-Low,0.2647309589350317,Well-served,0.019233786467441477,1177,345,832,True
210710,VILAVILA,0.24543864366030133,Moderate-Low,0.0,Well-served,-0.24543864366030133,1178,1337,-159,True
150129,SAN BARTOLO,0.24543426109650912,Moderate-Low,6.73485347573966e-06,Well-served,-0.24542752624303338,1179,735,444,True
060303,CORTEGANA,0.24540768489693132,Moderate-Low,0.0,Well-served,-0.24540768489693132,1180,1337,-157,True
060803,CHONTALI,0.24497918408525096,Moderate-Low,9.371476964114337e-05,Well-served,-0.2448854693156098,1181,672,509,True
151008,CATAHUASI,0.24495033315207068,Moderate-Low,0.0,Well-served,-0.24495033315207068,1182,1337,-155,True
030108,SAN PEDRO DE CACHORA,0.2447494525894473,Moderate-Low,0.0,Well-served,-0.2447494525894473,1183,1337,-154,True
021805,MORO,0.24414757096793596,Moderate-Low,0.0,Well-served,-0.24414757096793596,1184,1337,-153,True
100903,HONORIA,0.24407309348084327,Moderate-Low,0.0,Well-served,-0.24407309348084327,1185,1337,-152,True
211209,ALTO INAMBARI,0.24395794114576852,Moderate-Low,0.0,Well-served,-0.24395794114576852,1186,1337,-151,True
150731,SANTO DOMINGO DE LOS OLLEROS,0.24377311905245722,Moderate-Low,0.0,Well-served,-0.24377311905245722,1187,1337,-150,True
200705,LOS ORGANOS,0.2436666336438758,Moderate-Low,0.0,Well-served,-0.2436666336438758,1188,1337,-149,True
210809,UMACHIRI,0.24351221440481505,Moderate-Low,0.0,Well-served,-0.24351221440481505,1189,1337,-148,True
090614,SANTIAGO DE QUIRAHUARA,0.24334159988319612,Moderate-Low,0.0,Well-served,-0.24334159988319612,1190,1337,-147,True
160202,BALSAPUERTO,0.24328080220829332,Moderate-Low,0.0,Well-served,-0.24328080220829332,1191,1337,-146,True
021704,HUAYLLAPAMPA,0.24320604493645048,Moderate-Low,0.0,Well-served,-0.24320604493645048,1192,1337,-145,True
210501,ILAVE,0.24308072906442799,Moderate-Low,0.17554978848695466,Well-served,-0.06753094057747333,1193,412,781,True
030701,CHUQUIBAMBILLA,0.24254429153724164,Moderate-Low,0.0,Well-served,-0.24254429153724164,1194,1337,-143,True
010113,MARISCAL CASTILLA,0.24238616632911691,Moderate-Low,0.0,Well-served,-0.24238616632911691,1195,1337,-142,True
050506,LUIS CARRANZA,0.2423373926501984,Moderate-Low,0.0,Well-served,-0.2423373926501984,1196,1337,-141,True
130204,MAGDALENA DE CAO,0.2421328754319076,Moderate-Low,0.19148936170212766,Well-served,-0.05064351372977993,1197,403,794,True
040801,COTAHUASI,0.24208997533051818,Moderate-Low,0.0002308478499875871,Well-served,-0.2418591274805306,1198,644,554,True
080704,COLQUEMARCA,0.24178325140595838,Moderate-Low,0.061224489795918366,Well-served,-0.18055876161004003,1199,517,682,True
151007,CARANIA,0.2407321116309913,Moderate-Low,0.0,Well-served,-0.2407321116309913,1200,1337,-137,True
030713,VIRUNDO,0.24072320665034158,Moderate-Low,0.0,Well-served,-0.24072320665034158,1201,1337,-136,True
210203,ARAPA,0.2398891362621953,Moderate-Low,0.0,Well-served,-0.2398891362621953,1202,1337,-135,True
021802,CACERES DEL PERU,0.23983146431313804,Moderate-Low,0.0,Well-served,-0.23983146431313804,1203,1337,-134,True
220203,BAJO BIAVO,0.23956299734013828,Moderate-Low,2.041950255942344e-05,Well-served,-0.23954257783757885,1204,706,498,True
120708,SAN PEDRO DE CAJAS,0.23950879151693227,Moderate-Low,0.005940594059405941,Well-served,-0.23356819745752633,1205,589,616,True
150712,SAN PEDRO DE LARAOS,0.2394659021511536,Moderate-Low,0.0,Well-served,-0.2394659021511536,1206,1337,-131,True
101003,JIVIA,0.2393162393162393,Moderate-Low,0.0,Well-served,-0.2393162393162393,1207,1337,-130,True
020202,CORIS,0.23923400522559243,Moderate-Low,0.0,Well-served,-0.23923400522559243,1208,1337,-129,True
200105,CATACAOS,0.23919387291990793,Moderate-Low,0.18240368418630676,Well-served,-0.05679018873360117,1209,407,802,True
240104,PAMPAS DE HOSPITAL,0.23897650965901687,Moderate-Low,1.0030632836208005e-06,Well-served,-0.23897550659573324,1210,774,436,True
100104,CHURUBAMBA,0.23881828478599051,Moderate-Low,0.0,Well-served,-0.23881828478599051,1211,1337,-126,True
100111,PILLCO MARCA,0.23863887164085543,Moderate-Low,0.25161290322580643,Well-served,0.012974031584951001,1212,356,856,True
010517,SAN FRANCISCO DEL YESO,0.23854839673737932,Moderate-Low,0.0,Well-served,-0.23854839673737932,1213,1337,-124,True
040702,COCACHACRA,0.23852716287227813,Moderate-Low,1.0532164478018406e-05,Well-served,-0.2385166307078001,1214,723,491,True
100511,TANTAMAYO,0.2378142076792353,Moderate-Low,0.0,Well-served,-0.2378142076792353,1215,1337,-122,True
081202,ANDAHUAYLILLAS,0.23764567453256638,Moderate-Low,0.0,Well-served,-0.23764567453256638,1216,1337,-121,True
080306,LIMATAMBO,0.23727117303477857,Moderate-Low,0.0,Well-served,-0.23727117303477857,1217,1337,-120,True
060503,CUPISNIQUE,0.2369913269066039,Moderate-Low,0.0,Well-served,-0.2369913269066039,1218,1337,-119,True
010114,MOLINOPAMPA,0.23671080253480684,Moderate-Low,0.0,Well-served,-0.23671080253480684,1219,1337,-118,True
040121,SANTA RITA DE SIGUAS,0.23648923900488442,Moderate-Low,0.0,Well-served,-0.23648923900488442,1220,1337,-117,True
090611,SAN FRANCISCO DE SANGAYAICO,0.23642412674470634,Moderate-Low,0.0,Well-served,-0.23642412674470634,1221,1337,-116,True
100203,COLPAS,0.2364050396928503,Moderate-Low,0.0,Well-served,-0.2364050396928503,1222,1337,-115,True
060204,SITACOCHA,0.2362253743829203,Moderate-Low,0.0,Well-served,-0.2362253743829203,1223,1337,-114,True
211204,PATAMBUCO,0.2359220028089604,Moderate-Low,0.0,Well-served,-0.2359220028089604,1224,1337,-113,True
180301,ILO,0.2358008150676864,Moderate-Low,0.5409877481153856,Well-served,0.3051869330476992,1225,177,1048,True
060505,SAN BENITO,0.2357015865517971,Moderate-Low,0.13846161010891583,Well-served,-0.09723997644288127,1226,435,791,True
090101,HUANCAVELICA,0.2356692093939373,Moderate-Low,0.39632526786656413,Well-served,0.16065605847262684,1227,266,961,True
080501,YANAOCA,0.2355711570604005,Moderate-Low,0.0,Well-served,-0.2355711570604005,1228,1337,-109,True
110305,VISTA ALEGRE,0.2355129883203974,Moderate-Low,0.11884581775645366,Well-served,-0.11666717056394375,1229,454,775,True
150709,HUAROCHIRI,0.23467165950729377,Moderate-Low,0.0,Well-served,-0.23467165950729377,1230,1337,-107,True
081304,MACHUPICCHU,0.23466824684691295,Moderate-Low,0.0,Well-served,-0.23466824684691295,1231,1337,-106,True
230106,PACHIA,0.23437950328536808,Moderate-Low,0.1,Well-served,-0.13437950328536807,1232,473,759,True
040403,AYO,0.23389647415077466,Moderate-Low,0.0,Well-served,-0.23389647415077466,1233,1337,-104,True
190308,CONSTITUCION,0.2337757982417611,Moderate-Low,0.00010087950738129194,Well-served,-0.2336749187343798,1234,670,564,True
180101,MOQUEGUA,0.2331579573341051,Moderate-Low,0.41043735748210913,Well-served,0.17727940014800403,1235,260,975,True
080401,CALCA,0.23314341585179518,Moderate-Low,0.0,Well-served,-0.23314341585179518,1236,1337,-101,True
131006,QUIRUVILCA,0.23202790297372625,Moderate-Low,0.156,Well-served,-0.07602790297372625,1237,423,814,True
210115,VILQUE,0.23180275441570308,Moderate-Low,0.0,Well-served,-0.23180275441570308,1238,1337,-99,True
020901,CORONGO,0.2312175290160321,Moderate-Low,0.0,Well-served,-0.2312175290160321,1239,1337,-98,True
110403,RIO GRANDE,0.23116822931580613,Moderate-Low,0.0,Well-served,-0.23116822931580613,1240,1337,-97,True
080702,CAPACMARCA,0.23108423564763617,Moderate-Low,0.0,Well-served,-0.23108423564763617,1241,1337,-96,True
211201,SANDIA,0.23089392503106082,Moderate-Low,0.46017229178340174,Well-served,0.22927836675234092,1242,227,1015,True
020511,LA PRIMAVERA,0.23076923076923075,Moderate-Low,0.0,Well-served,-0.23076923076923075,1243,1337,-94,True
130304,LONGOTEA,0.23045865575917882,Moderate-Low,0.0,Well-served,-0.23045865575917882,1244,1337,-93,True
040407,HUANCARQUI,0.22988505747126436,Moderate-Low,0.47586206896551725,Well-served,0.24597701149425288,1245,215,1030,True
120301,CHANCHAMAYO,0.22979524655916303,Moderate-Low,0.2594690250704613,Well-served,0.029673778511298293,1246,351,895,True
020501,CHIQUIAN,0.2293812667496744,Moderate-Low,3.0808372282638873e-05,Well-served,-0.22935045837739176,1247,699,548,True
090612,SAN ISIDRO,0.22934904986388688,Moderate-Low,0.0,Well-served,-0.22934904986388688,1248,1337,-89,True
081105,HUANCARANI,0.22917267505869268,Moderate-Low,0.0,Well-served,-0.22917267505869268,1249,1337,-88,True
150705,CHICLA,0.2290034632962161,Moderate-Low,0.0,Well-served,-0.2290034632962161,1250,1337,-87,True
040802,ALCA,0.22890976585792255,Moderate-Low,0.0,Well-served,-0.22890976585792255,1251,1337,-86,True
210303,AYAPATA,0.2288523864257645,Moderate-Low,0.0,Well-served,-0.2288523864257645,1252,1337,-85,True
150506,COAYLLO,0.2288394040158616,Moderate-Low,0.0,Well-served,-0.2288394040158616,1253,1337,-84,True
120133,SAPALLANGA,0.22873629106687554,Moderate-Low,0.35000000000000003,Well-served,0.12126370893312449,1254,296,958,True
210108,HUATA,0.22869381214019655,Moderate-Low,0.0,Well-served,-0.22869381214019655,1255,1337,-82,True
150406,SAN BUENAVENTURA,0.22821609187936392,Moderate-Low,0.0,Well-served,-0.22821609187936392,1256,1337,-81,True
020801,CASMA,0.22820290543728836,Moderate-Low,0.3312266540328175,Well-served,0.10302374859552912,1257,307,950,True
120122,INGENIO,0.22817070727548566,Moderate-Low,0.0,Well-served,-0.22817070727548566,1258,1337,-79,True
050407,SIVIA,0.22716452889225572,Moderate-Low,0.2638447578024806,Well-served,0.036680228910224905,1259,348,911,True
050704,PACAPAUSA,0.22708277155354312,Moderate-Low,0.0,Well-served,-0.22708277155354312,1260,1337,-77,True
240106,SAN JUAN DE LA VIRGEN,0.22638152902800296,Moderate-Low,0.3333333333333333,Well-served,0.10695180430533036,1261,306,955,True
151001,YAUYOS,0.22632048936292,Moderate-Low,0.0,Well-served,-0.22632048936292,1262,1337,-75,True
150202,PARAMONGA,0.22617204788211284,Moderate-Low,0.04703763954670137,Well-served,-0.17913440833541147,1263,532,731,True
030402,CAPAYA,0.2260850857894436,Moderate-Low,0.0,Well-served,-0.2260850857894436,1264,1337,-73,True
151017,HUAÑEC,0.22602287182723285,Moderate-Low,0.0,Well-served,-0.22602287182723285,1265,1337,-72,True
090703,ACRAQUIA,0.22519747057608092,Moderate-Low,0.4666708938619333,Well-served,0.24147342328585236,1266,223,1043,True
130109,SALAVERRY,0.22518456457991942,Moderate-Low,0.400860360141007,Well-served,0.1756757955610876,1267,263,1004,True
100507,MONZON,0.2250550838204685,Moderate-Low,0.005172413793103448,Well-served,-0.21988267002736503,1268,593,675,True
060810,SAN FELIPE,0.2248504655206587,Moderate-Low,1.2108406780851092e-05,Well-served,-0.22483835711387787,1269,720,549,True
140102,CHONGOYAPE,0.22454617631961285,Moderate-Low,0.0,Well-served,-0.22454617631961285,1270,1337,-67,True
051106,INDEPENDENCIA,0.2240487312915901,Moderate-Low,0.0,Well-served,-0.2240487312915901,1271,1337,-66,True
050808,SAN JAVIER DE ALPABAMBA,0.22359121303296006,Moderate-Low,0.0,Well-served,-0.22359121303296006,1272,1337,-65,True
150719,SAN JUAN DE IRIS,0.2234752987097176,Moderate-Low,0.0,Well-served,-0.2234752987097176,1273,1337,-64,True
050409,CANAYRE,0.2234181087794561,Moderate-Low,0.0,Well-served,-0.2234181087794561,1274,1337,-63,True
050905,HUACAÑA,0.2233393279504536,Moderate-Low,0.0,Well-served,-0.2233393279504536,1275,1337,-62,True
030611,LOS CHANKAS,0.22333510719320152,Moderate-Low,0.0,Well-served,-0.22333510719320152,1276,1337,-61,True
220906,EL PORVENIR,0.22320851768839328,Moderate-Low,0.0,Well-served,-0.22320851768839328,1277,1337,-60,True
230405,SITAJARA,0.2229086282963408,Moderate-Low,0.0,Well-served,-0.2229086282963408,1278,1337,-59,True
100108,SAN PEDRO DE CHAULAN,0.22289609394962553,Moderate-Low,0.0,Well-served,-0.22289609394962553,1279,1337,-58,True
180207,MATALAQUE,0.22279200110991518,Moderate-Low,0.0,Well-served,-0.22279200110991518,1280,1337,-57,True
220402,ALTO SAPOSOA,0.22268893601146234,Moderate-Low,0.0,Well-served,-0.22268893601146234,1281,1337,-56,True
110505,PARACAS,0.22244779380661797,Moderate-Low,0.08888888888888888,Well-served,-0.1335589049177291,1282,490,792,True
090505,LA MERCED,0.22239238474355078,Moderate-Low,0.00010209751279711721,Well-served,-0.22229028723075367,1283,669,614,True
211202,CUYOCUYO,0.2221781367718085,Moderate-Low,0.0,Well-served,-0.2221781367718085,1284,1337,-53,True
060501,CONTUMAZA,0.22217557982422864,Moderate-Low,0.07645419864867184,Well-served,-0.1457213811755568,1285,505,780,True
081007,PACCARITAMBO,0.2216430258831793,Moderate-Low,0.0,Well-served,-0.2216430258831793,1286,1337,-51,True
150402,ARAHUAY,0.22142602162529748,Moderate-Low,0.0,Well-served,-0.22142602162529748,1287,1337,-50,True
101104,APARICIO POMARES,0.22038917286273974,Moderate-Low,0.0,Well-served,-0.22038917286273974,1288,1337,-49,True
061309,SEXI,0.22035210283439155,Moderate-Low,0.0,Well-served,-0.22035210283439155,1289,1337,-48,True
030220,JOSE MARIA ARGUEDAS,0.2202268818382942,Moderate-Low,0.12413793103448276,Well-served,-0.09608895080381144,1290,445,845,True
081006,OMACHA,0.22014086925209628,Moderate-Low,0.0,Well-served,-0.22014086925209628,1291,1337,-46,True
150502,ASIA,0.22004533205435248,Moderate-Low,0.0,Well-served,-0.22004533205435248,1292,1337,-45,True
120427,RICRAN,0.21958514793253547,Moderate-Low,0.0,Well-served,-0.21958514793253547,1293,1337,-44,True
020513,PACLLON,0.21947557460071157,Moderate-Low,0.0,Well-served,-0.21947557460071157,1294,1337,-43,True
210808,SANTA ROSA,0.2191782900516133,Moderate-Low,0.0,Well-served,-0.2191782900516133,1295,1337,-42,True
040304,ATIQUIPA,0.21915127246492017,Moderate-Low,0.0,Well-served,-0.21915127246492017,1296,1337,-41,True
021710,TICAPAMPA,0.2191311496133931,Moderate-Low,0.5333333333333333,Well-served,0.31420218371994024,1297,184,1113,True
060807,POMAHUACA,0.21866299138331477,Moderate-Low,7.95285889156492e-05,Well-served,-0.2185834627943991,1298,675,623,True
180209,QUINISTAQUILLAS,0.21821458606718655,Moderate-Low,0.0,Well-served,-0.21821458606718655,1299,1337,-38,True
160113,SAN JUAN BAUTISTA,0.21804851123961275,Moderate-Low,0.08480194868381445,Well-served,-0.1332465625557983,1300,497,803,True
020606,MARCARA,0.21762147948562327,Moderate-Low,0.35402808577194134,Well-served,0.13640660628631807,1301,294,1007,True
110503,HUMAY,0.21737403769516722,Moderate-Low,0.0,Well-served,-0.21737403769516722,1302,1337,-35,True
100311,MARIAS,0.21711856713557,Moderate-Low,0.0,Well-served,-0.21711856713557,1303,1337,-34,True
210211,SAN ANTON,0.21674320015774748,Moderate-Low,0.0,Well-served,-0.21674320015774748,1304,1337,-33,True
160211,TENIENTE CESAR LOPEZ ROJAS,0.21653948427268088,Moderate-Low,0.0,Well-served,-0.21653948427268088,1305,1337,-32,True
081306,OLLANTAYTAMBO,0.21617138404271197,Moderate-Low,0.0,Well-served,-0.21617138404271197,1306,1337,-31,True
030103,CIRCA,0.21566047812691902,Moderate-Low,0.0,Well-served,-0.21566047812691902,1307,1337,-30,True
140308,OLMOS,0.21561598502859217,Moderate-Low,0.0,Well-served,-0.21561598502859217,1308,1337,-29,True
040520,MAJES,0.21547566314551192,Moderate-Low,0.4329704911371418,Well-served,0.2174948279916299,1309,241,1068,True
130302,BAMBAMARCA,0.2152891449583771,Moderate-Low,0.0,Well-served,-0.2152891449583771,1310,1337,-27,True
190305,POZUZO,0.2152769587721267,Moderate-Low,5.5598364863552944e-05,Well-served,-0.21522136040726314,1311,685,626,True
100602,DANIEL ALOMIA ROBLES,0.21498351359811885,Moderate-Low,0.05660377358490566,Well-served,-0.1583797400132132,1312,524,788,True
021503,CONCHUCOS,0.214837090604211,Moderate-Low,0.00016679509459065884,Well-served,-0.21467029550962033,1313,651,662,True
050615,SAN CRISTOBAL,0.21433177018810018,Moderate-Low,0.0375,Well-served,-0.17683177018810017,1314,548,766,True
010305,CUISPES,0.2142857142857143,Moderate-Low,0.0,Well-served,-0.2142857142857143,1315,1337,-22,True
051001,HUANCAPI,0.21387384392595504,Moderate-Low,0.034478245504190194,Well-served,-0.17939559842176483,1316,554,762,True
200603,IGNACIO ESCUDERO,0.2134218274411053,Moderate-Low,0.0,Well-served,-0.2134218274411053,1317,1337,-20,True
040205,NICOLAS DE PIEROLA,0.2133555064285315,Moderate-Low,0.2,Well-served,-0.013355506428531477,1318,398,920,True
080911,INKAWASI,0.21316195180311936,Moderate-Low,0.0,Well-served,-0.21316195180311936,1319,1337,-18,True
020201,AIJA,0.21312552255588765,Moderate-Low,9.027569552587205e-06,Well-served,-0.21311649498633506,1320,727,593,True
150501,SAN VICENTE DE CAÑETE,0.2128591638073472,Moderate-Low,0.4749887679159644,Well-served,0.2621296041086172,1321,216,1105,True
080706,LLUSCO,0.2126410344815292,Moderate-Low,0.216,Well-served,0.0033589655184707856,1322,384,938,True
131007,SANTA CRUZ DE CHUCA,0.21247378617269855,Moderate-Low,0.42857142857142855,Well-served,0.21609764239873,1323,248,1075,True
240201,ZORRITOS,0.21233596814033556,Moderate-Low,0.0010815171618754275,Well-served,-0.21125445097846013,1324,614,710,True
230109,SAMA,0.21180561044054827,Moderate-Low,0.0,Well-served,-0.21180561044054827,1325,1337,-12,True
030303,HUAQUIRCA,0.21160352837509874,Moderate-Low,0.0,Well-served,-0.21160352837509874,1326,1337,-11,True
030405,COLCABAMBA,0.2113821138211382,Moderate-Low,0.0,Well-served,-0.2113821138211382,1327,1337,-10,True
230105,INCLAN,0.21133428554068787,Moderate-Low,0.0,Well-served,-0.21133428554068787,1328,1337,-9,True
080203,ACOS,0.21068940166220815,Moderate-Low,0.0,Well-served,-0.21068940166220815,1329,1337,-8,True
160505,MAQUIA,0.21044029091547772,Moderate-Low,0.0,Well-served,-0.21044029091547772,1330,1337,-7,True
030401,CHALHUANCA,0.2103121900821351,Moderate-Low,0.0,Well-served,-0.2103121900821351,1331,1337,-6,True
131103,MARMOT,0.2099364910744727,Moderate-Low,0.03,Well-served,-0.1799364910744727,1332,557,775,True
110301,NASCA,0.20966301311887708,Moderate-Low,0.3075656701387246,Well-served,0.09790265701984752,1333,316,1017,True
220503,BARRANQUITA,0.20950040219707075,Moderate-Low,6.104356554606586e-05,Well-served,-0.20943935863152469,1334,684,650,True
090102,ACOBAMBILLA,0.2092903174543866,Moderate-Low,1.3613001706282295e-06,Well-served,-0.20928895615421597,1335,765,570,True
080304,CHINCHAYPUJIO,0.2091449339744186,Moderate-Low,0.0,Well-served,-0.2091449339744186,1336,1337,-1,True
090615,SANTO DOMINGO DE CAPILLAS,0.20898804485404823,Moderate-Low,0.0,Well-served,-0.20898804485404823,1337,1337,0,True
210702,CABANILLA,0.20850160784173696,Moderate-Low,0.0,Well-served,-0.20850160784173696,1338,1337,1,True
080201,ACOMAYO,0.20785406517213376,Moderate-Low,0.0,Well-served,-0.20785406517213376,1339,1337,2,True
210708,PUCARA,0.20770895945919646,Moderate-Low,0.0,Well-served,-0.20770895945919646,1340,1337,3,True
180208,PUQUINA,0.2077065195238109,Moderate-Low,0.0,Well-served,-0.2077065195238109,1341,1337,4,True
230401,TARATA,0.20761523912358437,Moderate-Low,0.0,Well-served,-0.20761523912358437,1342,1337,5,True
131002,ANGASMARCA,0.2074188626618172,Moderate-Low,0.028571428571428567,Well-served,-0.1788474340903886,1343,560,783,True
021804,MACATE,0.20727213646472759,Moderate-Low,0.0,Well-served,-0.20727213646472759,1344,1337,7,True
060418,TOCMOCHE,0.20708696947821492,Moderate-Low,0.0,Well-served,-0.20708696947821492,1345,1337,8,True
080102,CCORCA,0.20705451886269716,Moderate-Low,0.10909090909090909,Well-served,-0.09796360977178807,1346,462,884,True
210110,PAUCARCOLLA,0.20702749603574916,Moderate-Low,0.11908396946564885,Well-served,-0.08794352657010031,1347,453,894,True
080705,LIVITACA,0.20686828406640506,Moderate-Low,0.0,Well-served,-0.20686828406640506,1348,1337,11,True
110302,CHANGUILLO,0.20655632419758105,Moderate-Low,0.0,Well-served,-0.20655632419758105,1349,1337,12,True
080902,ECHARATE,0.20633282734971323,Moderate-Low,0.004945054945054945,Well-served,-0.20138777240465827,1350,594,756,True
021103,CULEBRAS,0.20563815171167193,Moderate-Low,0.0,Well-served,-0.20563815171167193,1351,1337,14,True
020109,PAMPAS GRANDE,0.2050543438054709,Moderate-Low,0.0,Well-served,-0.2050543438054709,1352,1337,15,True
210202,ACHAYA,0.20496884845515737,Moderate-Low,0.0,Well-served,-0.20496884845515737,1353,1337,16,True
050706,PUYUSCA,0.20492207786508232,Moderate-Low,0.0,Well-served,-0.20492207786508232,1354,1337,17,True
081201,URCOS,0.20460445660285023,Moderate-Low,0.0,Well-served,-0.20460445660285023,1355,1337,18,True
210603,HUATASANI,0.20411934747329455,Moderate-Low,0.0,Well-served,-0.20411934747329455,1356,1337,19,True
040706,PUNTA DE BOMBON,0.2039719419708319,Moderate-Low,3.367426737869831e-05,Well-served,-0.20393826770345322,1357,695,662,True
050707,SAN FRANCISCO DE RAVACAYCO,0.20394285923681962,Moderate-Low,0.0,Well-served,-0.20394285923681962,1358,1337,21,True
221003,POLVORA,0.2037046901973667,Moderate-Low,0.006896551724137931,Well-served,-0.19680813847322876,1359,587,772,True
150902,ANDAJES,0.20343223302474223,Moderate-Low,0.0,Well-served,-0.20343223302474223,1360,1337,23,True
080703,CHAMACA,0.20254447093063233,Moderate-Low,0.0365482233502538,Well-served,-0.1659962475803785,1361,549,812,True
050411,PUCACOLPA,0.20112362607764117,Moderate-Low,0.0,Well-served,-0.20112362607764117,1362,1337,25,True
030217,TUMAY HUARACA,0.20106444751468153,Moderate-Low,0.0,Well-served,-0.20106444751468153,1363,1337,26,True
030306,PACHACONAS,0.2009348627883913,Moderate-Low,0.0,Well-served,-0.2009348627883913,1364,1337,27,True
151019,LINCHA,0.20073723605403088,Moderate-Low,0.0,Well-served,-0.20073723605403088,1365,1337,28,True
230110,CORONEL GREGORIO ALBARRACIN LANCHIPA,0.20060150600175183,Moderate-Low,0.42368094596791,Well-served,0.22307943996615817,1366,252,1114,True
170303,TAHUAMANU,0.20027259232974934,Moderate-Low,0.0,Well-served,-0.20027259232974934,1367,1337,30,True
190104,HUAYLLAY,0.1996070625429055,Moderate-Low,0.00031861588730440715,Well-served,-0.19928844665560108,1368,636,732,True
051012,VILCANCHOS,0.19938309104215865,Moderate-Low,0.0,Well-served,-0.19938309104215865,1369,1337,32,True
010103,BALSAS,0.19904492249002925,Moderate-Low,0.0,Well-served,-0.19904492249002925,1370,1337,33,True
130110,SIMBAL,0.1988253093234848,Moderate-Low,0.0,Well-served,-0.1988253093234848,1371,1337,34,True
050601,PUQUIO,0.19873846798685946,Moderate-Low,0.3891592246000385,Well-served,0.19042075661317903,1372,270,1102,True
110206,GROCIO PRADO,0.19836772840647957,Moderate-Low,0.2608695652173913,Well-served,0.06250183681091173,1373,349,1024,True
220602,CAMPANILLA,0.1980899533843666,Moderate-Low,1.5475833518720922e-05,Well-served,-0.1980744775508479,1374,713,661,True
010302,CHISQUILLA,0.19796263200461237,Moderate-Low,0.0,Well-served,-0.19796263200461237,1375,1337,38,True
100608,CASTILLO GRANDE,0.19761030401693064,Moderate-Low,0.2823529411764706,Well-served,0.08474263715953995,1376,336,1040,True
160103,FERNANDO LORES,0.19735695931864772,Moderate-Low,0.0,Well-served,-0.19735695931864772,1377,1337,40,True
050701,CORACORA,0.19731781155027173,Moderate-Low,0.1438472232839291,Well-served,-0.05347058826634263,1378,429,949,True
120903,CHONGOS BAJO,0.19728048439661464,Moderate-Low,0.22909090909090907,Well-served,0.03181042469429443,1379,375,1004,True
210109,MAÑAZO,0.19686982394058528,Moderate-Low,0.0,Well-served,-0.19686982394058528,1380,1337,43,True
120120,HUASICANCHA,0.19666339256046164,Moderate-Low,0.0,Well-served,-0.19666339256046164,1381,1337,44,True
230203,CAMILACA,0.1966257327646778,Moderate-Low,0.0,Well-served,-0.1966257327646778,1382,1337,45,True
040413,URACA,0.19639613354232358,Moderate-Low,5.1514464351668264e-05,Well-served,-0.1963446190779719,1383,690,693,True
200210,SUYO,0.19578851764291208,Moderate-Low,0.0,Well-served,-0.19578851764291208,1384,1337,47,True
230404,ESTIQUE-PAMPA,0.1955282736915683,Moderate-Low,0.0,Well-served,-0.1955282736915683,1385,1337,48,True
090610,SAN ANTONIO DE CUSICANCHA,0.19537776118656008,Moderate-Low,0.0,Well-served,-0.19537776118656008,1386,1337,49,True
021401,OCROS,0.1951549222605429,Moderate-Low,0.0,Well-served,-0.1951549222605429,1387,1337,50,True
210701,LAMPA,0.1949660340844715,Moderate-Low,0.29874352367627194,Well-served,0.10377748959180044,1388,324,1064,True
080604,MARANGANI,0.1949137013188152,Moderate-Low,0.075,Well-served,-0.1199137013188152,1389,507,882,True
210204,ASILLO,0.19479274923269782,Moderate-Low,0.0,Well-served,-0.19479274923269782,1390,1337,53,True
021409,SAN PEDRO,0.19414982817426507,Moderate-Low,0.0,Well-served,-0.19414982817426507,1391,1337,54,True
150809,SANTA LEONOR,0.19406476528662825,Moderate-Low,0.0,Well-served,-0.19406476528662825,1392,1337,55,True
151025,QUINOCAY,0.19400436673077145,Moderate-Low,0.0,Well-served,-0.19400436673077145,1393,1337,56,True
030412,SAÑAYCA,0.19385214332909667,Moderate-Low,0.0,Well-served,-0.19385214332909667,1394,1337,57,True
110207,PUEBLO NUEVO,0.19355269287876634,Moderate-Low,0.3428695378534334,Well-served,0.14931684497466705,1395,303,1092,True
081002,ACCHA,0.19344339628204887,Moderate-Low,0.0,Well-served,-0.19344339628204887,1396,1337,59,True
211210,SAN PEDRO DE PUTINA PUNCO,0.19332305721863763,Moderate-Low,0.0,Well-served,-0.19332305721863763,1397,1337,60,True
090606,OCOYO,0.1924990889137847,Moderate-Low,0.0,Well-served,-0.1924990889137847,1398,1337,61,True
221002,NUEVO PROGRESO,0.19234536306910713,Moderate-Low,0.0,Well-served,-0.19234536306910713,1399,1337,62,True
120127,QUICHUAY,0.19195004419154654,Moderate-Low,0.0,Well-served,-0.19195004419154654,1400,1337,63,True
230204,CURIBAYA,0.19190318709061846,Moderate-Low,0.0,Well-served,-0.19190318709061846,1401,1337,64,True
040301,CARAVELI,0.19170268675247729,Moderate-Low,0.0,Well-served,-0.19170268675247729,1402,1337,65,True
200804,CRISTO NOS VALGA,0.19168810548595822,Moderate-Low,0.0,Well-served,-0.19168810548595822,1403,1337,66,True
090603,CORDOVA,0.19148583716899042,Moderate-Low,0.0,Well-served,-0.19148583716899042,1404,1337,67,True
050202,CHUSCHI,0.19144176544216887,Underserved,8.45439053337532e-06,Well-served,-0.1914333110516355,1405,729,676,True
021210,YURACMARCA,0.19135653197373184,Underserved,0.0,Well-served,-0.19135653197373184,1406,1337,69,True
050612,OCAÑA,0.1910383812208,Underserved,0.0,Well-served,-0.1910383812208,1407,1337,70,True
250302,IRAZOLA,0.19099071548859647,Underserved,0.0,Well-served,-0.19099071548859647,1408,1337,71,True
100107,SAN FRANCISCO DE CAYRAN,0.19055482912359045,Underserved,0.2876768069956741,Well-served,0.09712197787208365,1409,334,1075,True
150407,SANTA ROSA DE QUIVES,0.19032633859455084,Underserved,0.0,Well-served,-0.19032633859455084,1410,1337,73,True
210102,ACORA,0.1902615130416277,Underserved,0.04354138220905592,Well-served,-0.14672013083257177,1411,537,874,True
100204,CONCHAMARCA,0.19018960270809301,Underserved,0.06506024096385542,Well-served,-0.1251293617442376,1412,514,898,True
230107,PALCA,0.18994371945049957,Underserved,0.0,Well-served,-0.18994371945049957,1413,1337,76,True
010120,SOLOCO,0.18964951045039583,Underserved,0.0,Well-served,-0.18964951045039583,1414,1337,77,True
200604,LANCONES,0.18915087439779604,Underserved,0.0,Well-served,-0.18915087439779604,1415,1337,78,True
040512,MACA,0.18908375284089332,Underserved,0.0,Well-served,-0.18908375284089332,1416,1337,79,True
081003,CCAPI,0.18825252789211339,Underserved,0.0,Well-served,-0.18825252789211339,1417,1337,80,True
081207,HUARO,0.18814669475706808,Underserved,1.146358038423772e-06,Well-served,-0.18814554839902967,1418,770,648,True
200207,PAIMAS,0.18787218504845815,Underserved,0.0,Well-served,-0.18787218504845815,1419,1337,82,True
160509,TAPICHE,0.18765392687332647,Underserved,0.0,Well-served,-0.18765392687332647,1420,1337,83,True
131101,CASCAS,0.18746559728245127,Underserved,0.3586941972824834,Well-served,0.17122860000003215,1421,289,1132,True
110303,EL INGENIO,0.18745608411261122,Underserved,0.0,Well-served,-0.18745608411261122,1422,1337,85,True
100703,SAN BUENAVENTURA,0.18734239067956426,Underserved,0.0,Well-served,-0.18734239067956426,1423,1337,86,True
090609,QUITO-ARMA,0.18733960511052528,Underserved,0.0,Well-served,-0.18733960511052528,1424,1337,87,True
220510,TABALOSOS,0.18696512963483528,Underserved,0.08342025730943099,Well-served,-0.10354487232540428,1425,499,926,True
060104,COSPAN,0.1867687765542356,Underserved,2.86589509605943e-07,Well-served,-0.186768489964726,1426,789,637,True
120608,RIO TAMBO,0.18652527873119093,Underserved,0.0,Well-served,-0.18652527873119093,1427,1337,90,True
010301,JUMBILLA,0.18637116791482874,Underserved,0.0,Well-served,-0.18637116791482874,1428,1337,91,True
200404,LA MATANZA,0.1853232123325301,Underserved,0.0,Well-served,-0.1853232123325301,1429,1337,92,True
080806,PICHIGUA,0.18507897318120442,Underserved,0.10758620689655173,Well-served,-0.0774927662846527,1430,464,966,True
150718,SAN DAMIAN,0.184992528226665,Underserved,0.0,Well-served,-0.184992528226665,1431,1337,94,True
151020,MADEAN,0.1848984096694095,Underserved,0.0,Well-served,-0.1848984096694095,1432,1337,95,True
021101,HUARMEY,0.18457340761412208,Underserved,0.2695096213358568,Well-served,0.08493621372173474,1433,343,1090,True
020509,HUASTA,0.1845519650540992,Underserved,0.0,Well-served,-0.1845519650540992,1434,1337,97,True
210803,CUPI,0.18448564800217435,Underserved,0.0,Well-served,-0.18448564800217435,1435,1337,98,True
151011,COLONIA,0.18361476038194097,Underserved,0.0,Well-served,-0.18361476038194097,1436,1337,99,True
020507,COLQUIOC,0.18353364193827074,Underserved,2.1494213220445728e-07,Well-served,-0.18353342699613853,1437,792,645,True
130303,CONDORMARCA,0.18271893308377352,Underserved,0.0,Well-served,-0.18271893308377352,1438,1337,101,True
021902,ACOBAMBA,0.18251301272327122,Underserved,0.0011743005156103516,Well-served,-0.18133871220766087,1439,612,827,True
080909,VILCABAMBA,0.18248191670864417,Underserved,0.0,Well-served,-0.18248191670864417,1440,1337,103,True
040511,LLUTA,0.18244402962306483,Underserved,0.0,Well-served,-0.18244402962306483,1441,1337,104,True
080603,COMBAPATA,0.18224183541548802,Underserved,0.0,Well-served,-0.18224183541548802,1442,1337,105,True
120805,MOROCOCHA,0.18177160145240784,Underserved,6.448263966133718e-07,Well-served,-0.18177095662601123,1443,781,662,True
100702,CHOLON,0.18166471727252748,Underserved,0.0,Well-served,-0.18166471727252748,1444,1337,107,True
150109,CIENEGUILLA,0.18163230607546416,Underserved,0.13846153846153844,Well-served,-0.043170767613925715,1445,438,1007,True
080307,MOLLEPATA,0.18155601777460956,Underserved,0.0,Well-served,-0.18155601777460956,1446,1337,109,True
010401,NIEVA,0.1811460022141259,Underserved,0.11803830742392461,Well-served,-0.0631076947902013,1447,456,991,True
040203,MARIANO NICOLAS VALCARCEL,0.18113512499932438,Underserved,0.0,Well-served,-0.18113512499932438,1448,1337,111,True
100801,PANAO,0.18082398095089666,Underserved,0.0,Well-served,-0.18082398095089666,1449,1337,112,True
060907,TABACONAS,0.1807685069896054,Underserved,2.4575050448709613e-05,Well-served,-0.1807439319391567,1450,705,745,True
020504,AQUIA,0.1807578058169325,Underserved,0.0,Well-served,-0.1807578058169325,1451,1337,114,True
020903,BAMBAS,0.18053098191572167,Underserved,0.0,Well-served,-0.18053098191572167,1452,1337,115,True
080408,YANATILE,0.18048104127488732,Underserved,0.0,Well-served,-0.18048104127488732,1453,1337,116,True
210308,OLLACHEA,0.18038914560755603,Underserved,0.0,Well-served,-0.18038914560755603,1454,1337,117,True
150610,SANTA CRUZ DE ANDAMARCA,0.18028015680219922,Underserved,0.0,Well-served,-0.18028015680219922,1455,1337,118,True
240203,CANOAS DE PUNTA SAL,0.1796279521625015,Underserved,0.0,Well-served,-0.1796279521625015,1456,1337,119,True
110202,ALTO LARAN,0.17904218101730665,Underserved,0.23793103448275862,Well-served,0.058888853465451974,1457,366,1091,True
021509,PAMPAS,0.17903934350230988,Underserved,5.387882780591728e-05,Well-served,-0.17898546467450396,1458,687,771,True
010312,YAMBRASBAMBA,0.17873470683041473,Underserved,0.0,Well-served,-0.17873470683041473,1459,1337,122,True
150903,CAUJUL,0.1786233829500882,Underserved,0.0,Well-served,-0.1786233829500882,1460,1337,123,True
120502,CARHUAMAYO,0.1785641736710697,Underserved,0.0,Well-served,-0.1785641736710697,1461,1337,124,True
010520,SANTA CATALINA,0.1785029661723144,Underserved,0.0,Well-served,-0.1785029661723144,1462,1337,125,True
040204,MARISCAL CACERES,0.17831990173573864,Underserved,0.26,Well-served,0.08168009826426137,1463,350,1113,True
150721,SAN LORENZO DE QUINTI,0.17762379119125826,Underserved,0.0,Well-served,-0.17762379119125826,1464,1337,127,True
040206,OCOÑA,0.17742284032199232,Underserved,0.0,Well-served,-0.17742284032199232,1465,1337,128,True
210304,COASA,0.17717813993928463,Underserved,0.0,Well-served,-0.17717813993928463,1466,1337,129,True
220204,HUALLAGA,0.1771739305078561,Underserved,0.12499999999999999,Well-served,-0.05217393050785611,1467,444,1023,True
081208,LUCRE,0.17679853488542271,Underserved,0.0,Well-served,-0.17679853488542271,1468,1337,131,True
240304,PAPAYAL,0.17678531452067878,Underserved,1.9344791898401153e-06,Well-served,-0.17678338004148894,1469,759,710,True
120809,SUITUCANCHA,0.17673045934641618,Underserved,0.0,Well-served,-0.17673045934641618,1470,1337,133,True
190306,PUERTO BERMUDEZ,0.17648744620818121,Underserved,4.757385859458654e-05,Well-served,-0.17643987234958664,1471,691,780,True
090401,CASTROVIRREYNA,0.17550478028225583,Underserved,1.755360746336401e-05,Well-served,-0.17548722667479247,1472,711,761,True
060502,CHILETE,0.17449933253283872,Underserved,0.00039570846538840586,Well-served,-0.1741036240674503,1473,634,839,True
190105,NINACACA,0.1741565615919222,Underserved,0.0,Well-served,-0.1741565615919222,1474,1337,137,True
160507,SAQUENA,0.17403699955507548,Underserved,0.0,Well-served,-0.17403699955507548,1475,1337,138,True
250104,MASISEA,0.17332353712336374,Underserved,0.0,Well-served,-0.17332353712336374,1476,1337,139,True
080905,OCOBAMBA,0.17265721833194544,Underserved,0.0,Well-served,-0.17265721833194544,1477,1337,140,True
051009,HUANCARAYLLA,0.17256760908389787,Underserved,0.06315789473684211,Well-served,-0.10940971434705576,1478,516,962,True
210307,ITUATA,0.17198282494638775,Underserved,0.0,Well-served,-0.17198282494638775,1479,1337,142,True
080701,SANTO TOMAS,0.17194190696631964,Underserved,0.08174834580543298,Well-served,-0.09019356116088666,1480,502,978,True
090113,NUEVO OCCORO,0.17116189239527393,Underserved,1.0747106610222864e-06,Well-served,-0.17116081768461291,1481,772,709,True
120802,CHACAPALPA,0.17088713146552786,Underserved,0.0,Well-served,-0.17088713146552786,1482,1337,145,True
150802,AMBAR,0.1707631583979122,Underserved,0.0,Well-served,-0.1707631583979122,1483,1337,146,True
010112,MAGDALENA,0.1690401360885829,Underserved,0.0,Well-served,-0.1690401360885829,1484,1337,147,True
110404,SANTA CRUZ,0.16856884014962553,Underserved,0.0,Well-served,-0.16856884014962553,1485,1337,148,True
040113,POCSI,0.16855718747675796,Underserved,0.0,Well-served,-0.16855718747675796,1486,1337,149,True
120426,POMACANCHA,0.16838206567543695,Underserved,0.0,Well-served,-0.16838206567543695,1487,1337,150,True
230407,TARUCACHI,0.16816448958505673,Underserved,0.0,Well-served,-0.16816448958505673,1488,1337,151,True
030211,POMACOCHA,0.16797617547414326,Underserved,0.0,Well-served,-0.16797617547414326,1489,1337,152,True
090509,SAN PEDRO DE CORIS,0.16751950928233567,Underserved,0.0005117055694014112,Well-served,-0.16700780371293425,1490,627,863,True
160602,INAHUAYA,0.16717758958763954,Underserved,0.0,Well-served,-0.16717758958763954,1491,1337,154,True
040118,SAN JUAN DE SIGUAS,0.16666666666666666,Underserved,0.11538461538461536,Well-served,-0.051282051282051294,1492,460,1032,True
010110,LEIMEBAMBA,0.16666666666666666,Underserved,0.0,Well-served,-0.16666666666666666,1492,1337,155,True
090613,SANTIAGO DE CHOCORVOS,0.16636145041613587,Underserved,0.0,Well-served,-0.16636145041613587,1494,1337,157,True
150720,SAN JUAN DE TANTARANCHE,0.16605971035617875,Underserved,0.0,Well-served,-0.16605971035617875,1495,1337,158,True
050505,CHUNGUI,0.16562464942205748,Underserved,0.0,Well-served,-0.16562464942205748,1496,1337,159,True
040501,CHIVAY,0.16526257475641704,Underserved,0.0008236582506074803,Well-served,-0.16443891650580955,1497,618,879,True
150906,PACHANGARA,0.16485422660813817,Underserved,0.0,Well-served,-0.16485422660813817,1498,1337,161,True
040308,CHAPARRA,0.164771229694515,Underserved,0.0,Well-served,-0.164771229694515,1499,1337,162,True
100606,MARIANO DAMASO BERAUN,0.16470612175812466,Underserved,0.26440677966101694,Well-served,0.09970065790289229,1500,346,1154,True
030210,PAMPACHIRI,0.16365239432754486,Underserved,0.0,Well-served,-0.16365239432754486,1501,1337,164,True
110208,SAN JUAN DE YANAC,0.1624937031558892,Underserved,0.0,Well-served,-0.1624937031558892,1502,1337,165,True
211208,YANAHUAYA,0.16215142315994235,Underserved,0.0,Well-served,-0.16215142315994235,1503,1337,166,True
230202,CAIRANI,0.16181443874408538,Underserved,0.0,Well-served,-0.16181443874408538,1504,1337,167,True
050613,OTOCA,0.161671715044604,Underserved,0.0,Well-served,-0.161671715044604,1505,1337,168,True
100701,HUACRACHUCO,0.16141161017553646,Underserved,0.0,Well-served,-0.16141161017553646,1506,1337,169,True
020608,SAN MIGUEL DE ACO,0.16129032258064516,Underserved,0.0,Well-served,-0.16129032258064516,1507,1337,170,True
040306,CAHUACHO,0.16126805470450478,Underserved,0.0,Well-served,-0.16126805470450478,1508,1337,171,True
210114,TIQUILLACA,0.16074221290975038,Underserved,0.0,Well-served,-0.16074221290975038,1509,1337,172,True
110203,CHAVIN,0.1601947025640913,Underserved,0.0,Well-served,-0.1601947025640913,1510,1337,173,True
210502,CAPAZO,0.16015604726944432,Underserved,0.0,Well-served,-0.16015604726944432,1511,1337,174,True
100905,YUYAPICHIS,0.1598875998216916,Underserved,0.0,Well-served,-0.1598875998216916,1512,1337,175,True
040509,ICHUPAMPA,0.15956533527166653,Underserved,0.0,Well-served,-0.15956533527166653,1513,1337,176,True
050604,CARMEN SALCEDO,0.15907693340077741,Underserved,0.0,Well-served,-0.15907693340077741,1514,1337,177,True
160106,MAZAN,0.15864861319094886,Underserved,0.0,Well-served,-0.15864861319094886,1515,1337,178,True
030305,OROPESA,0.1586408267244562,Underserved,0.0,Well-served,-0.1586408267244562,1516,1337,179,True
211003,PEDRO VILCA APAZA,0.1585272362051736,Underserved,0.0,Well-served,-0.1585272362051736,1517,1337,180,True
140203,INCAHUASI,0.15851311593353348,Underserved,0.0,Well-served,-0.15851311593353348,1518,1337,181,True
210305,CORANI,0.1580251372621037,Underserved,0.0,Well-served,-0.1580251372621037,1519,1337,182,True
150403,HUAMANTANGA,0.15784083196707926,Underserved,0.0,Well-served,-0.15784083196707926,1520,1337,183,True
150812,VEGUETA,0.15731873562969756,Underserved,0.056410256410256404,Well-served,-0.10090847921944116,1521,525,996,True
021510,SANTA ROSA,0.1561089891733118,Underserved,0.0,Well-served,-0.1561089891733118,1522,1337,185,True
090410,SAN JUAN,0.15586323412062691,Underserved,0.0,Well-served,-0.15586323412062691,1523,1337,186,True
151004,AYAVIRI,0.15555555555555553,Underserved,0.0,Well-served,-0.15555555555555553,1524,1337,187,True
210604,INCHUPALLA,0.15539789810227178,Underserved,0.0,Well-served,-0.15539789810227178,1525,1337,188,True
010119,SAN ISIDRO DE MAINO,0.1553345806981848,Underserved,0.03956043956043956,Well-served,-0.11577414113774523,1526,545,981,True
030707,PATAYPAMPA,0.15457693041402107,Underserved,0.0,Well-served,-0.15457693041402107,1527,1337,190,True
120803,HUAY-HUAY,0.15361105269075404,Underserved,0.0,Well-served,-0.15361105269075404,1528,1337,191,True
040401,APLAO,0.1534881063540267,Underserved,0.4317545288327849,Well-served,0.2782664224787582,1529,245,1284,True
100901,PUERTO INCA,0.15298702053749427,Underserved,0.0,Well-served,-0.15298702053749427,1530,1337,193,True
110114,YAUCA DEL ROSARIO,0.1525568206367458,Underserved,0.0,Well-served,-0.1525568206367458,1531,1337,194,True
160703,MANSERICHE,0.15245231585621893,Underserved,0.0,Well-served,-0.15245231585621893,1532,1337,195,True
151003,ALLAUCA,0.15213659125936602,Underserved,0.0,Well-served,-0.15213659125936602,1533,1337,196,True
090405,CHUPAMARCA,0.15192140951467253,Underserved,7.164737740148575e-08,Well-served,-0.15192133786729514,1534,798,736,True
250401,PURUS,0.1511113322685112,Underserved,0.0,Well-served,-0.1511113322685112,1535,1337,198,True
230302,ILABAYA,0.15046994307193712,Underserved,0.002827635396527037,Well-served,-0.1476423076754101,1536,602,934,True
080914,MEGANTONI,0.1502402323690916,Underserved,0.0,Well-served,-0.1502402323690916,1537,1337,200,True
080601,SICUANI,0.14989133648859912,Underserved,0.3040593759374423,Well-served,0.1541680394488432,1538,319,1219,True
090601,HUAYTARA,0.14938064553433492,Underserved,6.269145522630003e-05,Well-served,-0.1493179540791086,1539,682,857,True
081001,PARURO,0.1484874822884719,Underserved,0.0,Well-served,-0.1484874822884719,1540,1337,203,True
090605,LARAMARCA,0.14845181140368877,Underserved,0.0,Well-served,-0.14845181140368877,1541,1337,204,True
050619,SANCOS,0.14774693406392414,Underserved,0.0,Well-served,-0.14774693406392414,1542,1337,205,True
050621,SANTA LUCIA,0.14768155822698403,Underserved,0.0,Well-served,-0.14768155822698403,1543,1337,206,True
050806,OYOLO,0.14763852928379653,Underserved,0.0,Well-served,-0.14763852928379653,1544,1337,207,True
151009,CHOCOS,0.14695706259402322,Underserved,0.0,Well-served,-0.14695706259402322,1545,1337,208,True
090510,PACHAMARCA,0.14692841841877344,Underserved,0.00015705105126405676,Well-served,-0.14677136736750937,1546,657,889,True
110405,TIBILLO,0.14667781590567716,Underserved,0.0,Well-served,-0.14667781590567716,1547,1337,210,True
051005,CANARIA,0.14640508060830157,Underserved,3.7256636248772593e-06,Well-served,-0.14640135494467668,1548,749,799,True
050608,LARAMATE,0.14624614096096197,Underserved,0.0,Well-served,-0.14624614096096197,1549,1337,212,True
050509,SAMUGARI,0.14615377568508262,Underserved,9.744043326602063e-06,Well-served,-0.14614403164175602,1550,725,825,True
120403,APATA,0.14598496284922358,Underserved,0.0,Well-served,-0.14598496284922358,1551,1337,214,True
081204,CCARHUAYO,0.14533736029071753,Underserved,0.0,Well-served,-0.14533736029071753,1552,1337,215,True
061103,CALQUIS,0.14508928371414587,Underserved,0.0,Well-served,-0.14508928371414587,1553,1337,216,True
110108,SALAS,0.14503363124172733,Underserved,0.029958004578051534,Well-served,-0.1150756266636758,1554,559,995,True
170103,LAS PIEDRAS,0.14492236070168926,Underserved,0.0868421052631579,Well-served,-0.05808025543853136,1555,494,1061,True
051010,HUALLA,0.14491774879247207,Underserved,3.868958379680231e-06,Well-served,-0.1449138798340924,1556,747,809,True
040507,HUAMBO,0.14487864223723765,Underserved,0.0,Well-served,-0.14487864223723765,1557,1337,220,True
081005,HUANOQUITE,0.14458896219607423,Underserved,0.008108108108108107,Well-served,-0.13648085408796612,1558,585,973,True
170101,TAMBOPATA,0.14440891953897844,Underserved,0.21230637297319563,Well-served,0.06789745343421719,1559,387,1172,True
150708,HUANZA,0.14423151890561575,Underserved,0.0,Well-served,-0.14423151890561575,1560,1337,223,True
090722,PICHOS,0.14320219932520678,Underserved,2.36436345424903e-06,Well-served,-0.14319983496175254,1561,756,805,True
030304,JUAN ESPINOZA MEDRANO,0.14229698795522244,Underserved,0.0,Well-served,-0.14229698795522244,1562,1337,225,True
250301,PADRE ABAD,0.14184679790949456,Underserved,3.876123117420379e-05,Well-served,-0.14180803667832034,1563,694,869,True
030307,SABAINO,0.14175597364175896,Underserved,0.0,Well-served,-0.14175597364175896,1564,1337,227,True
050609,LEONCIO PRADO,0.14138437807669757,Underserved,0.0,Well-served,-0.14138437807669757,1565,1337,228,True
050617,SAN PEDRO,0.14039162210274964,Underserved,0.04580152671755725,Well-served,-0.09459009538519239,1566,534,1032,True
160701,BARRANCA,0.1403474010020273,Underserved,0.0,Well-served,-0.1403474010020273,1567,1337,230,True
080206,RONDOCAN,0.14033280582839758,Underserved,0.0,Well-served,-0.14033280582839758,1568,1337,231,True
151012,HONGOS,0.1399142802172453,Underserved,0.0,Well-served,-0.1399142802172453,1569,1337,232,True
160702,CAHUAPANAS,0.13959561899524173,Underserved,0.0,Well-served,-0.13959561899524173,1570,1337,233,True
150905,NAVAN,0.13958606211213664,Underserved,0.0,Well-served,-0.13958606211213664,1571,1337,234,True
110502,HUANCANO,0.13828917258224455,Underserved,0.0,Well-served,-0.13828917258224455,1572,1337,235,True
120804,MARCAPOMACOCHA,0.1380477685491336,Underserved,1.4329475480297152e-06,Well-served,-0.13804633560158555,1573,764,809,True
040313,YAUCA,0.1375511843777726,Underserved,0.0,Well-served,-0.1375511843777726,1574,1337,237,True
190102,HUACHON,0.1374874478820505,Underserved,0.0,Well-served,-0.1374874478820505,1575,1337,238,True
240202,CASITAS,0.13731171630033973,Underserved,3.582368870074288e-07,Well-served,-0.1373113580634527,1576,787,789,True
130807,ONGON,0.13714981126304415,Underserved,0.0,Well-served,-0.13714981126304415,1577,1337,240,True
021708,PARARIN,0.1369839874842436,Underserved,0.0,Well-served,-0.1369839874842436,1578,1337,241,True
050610,LLAUTA,0.1369434897396106,Underserved,0.0,Well-served,-0.1369434897396106,1579,1337,242,True
090106,HUACHOCOLPA,0.13684053336041851,Underserved,0.0,Well-served,-0.13684053336041851,1580,1337,243,True
051011,SARHUA,0.1368344166554854,Underserved,0.0,Well-served,-0.1368344166554854,1581,1337,244,True
100113,SAN PABLO DE PILLAO,0.13677937575770585,Underserved,0.0,Well-served,-0.13677937575770585,1582,1337,245,True
040305,BELLA UNION,0.13618914894245399,Underserved,0.0,Well-served,-0.13618914894245399,1583,1337,246,True
160105,LAS AMAZONAS,0.1359220130077127,Underserved,0.0,Well-served,-0.1359220130077127,1584,1337,247,True
040606,RIO GRANDE,0.13582541763199518,Underserved,0.0,Well-served,-0.13582541763199518,1585,1337,248,True
160104,INDIANA,0.13565550684374603,Underserved,0.0,Well-served,-0.13565550684374603,1586,1337,249,True
160402,PEBAS,0.13563118797323517,Underserved,0.0,Well-served,-0.13563118797323517,1587,1337,250,True
160605,SARAYACU,0.1351148307286652,Underserved,0.0,Well-served,-0.1351148307286652,1588,1337,251,True
180210,UBINAS,0.13477448325089939,Underserved,0.0,Well-served,-0.13477448325089939,1589,1337,252,True
210801,AYAVIRI,0.13446976903988245,Underserved,0.20378440719780444,Well-served,0.06931463815792199,1590,395,1195,True
250201,RAIMONDI,0.13442847953338427,Underserved,0.0001770406695590713,Well-served,-0.1342514388638252,1591,650,941,True
130301,BOLIVAR,0.13423152733436017,Underserved,0.36430915600294306,Well-served,0.2300776286685829,1592,285,1307,True
040503,CABANACONDE,0.1340292827348071,Underserved,0.0,Well-served,-0.1340292827348071,1593,1337,256,True
080606,SAN PABLO,0.13394631111440822,Underserved,0.041379310344827586,Well-served,-0.09256700076958063,1594,541,1053,True
100403,COCHABAMBA,0.13380542243971216,Underserved,0.0,Well-served,-0.13380542243971216,1595,1337,258,True
030301,ANTABAMBA,0.13376865396973944,Underserved,0.0,Well-served,-0.13376865396973944,1596,1337,259,True
170302,IBERIA,0.13364221270409626,Underserved,0.270083397430106,Well-served,0.13644118472600975,1597,341,1256,True
150301,CAJATAMBO,0.13362454324143178,Underserved,0.0,Well-served,-0.13362454324143178,1598,1337,261,True
101002,BAÑOS,0.13359343694877845,Underserved,0.0,Well-served,-0.13359343694877845,1599,1337,262,True
040309,HUANUHUANU,0.13356144972710798,Underserved,0.0,Well-served,-0.13356144972710798,1600,1337,263,True
021702,CATAC,0.133341293390152,Underserved,0.0853211009174312,Well-served,-0.048020192472720796,1601,496,1105,True
151010,COCHAS,0.13333333333333333,Underserved,0.0,Well-served,-0.13333333333333333,1602,1337,265,True
050606,CHIPAO,0.13231984608938233,Underserved,0.0,Well-served,-0.13231984608938233,1603,1337,266,True
081101,PAUCARTAMBO,0.13144155974891464,Underserved,0.0,Well-served,-0.13144155974891464,1604,1337,267,True
050205,PARAS,0.13084956839908887,Underserved,8.597685288178291e-07,Well-served,-0.13084870863056006,1605,776,829,True
200801,SECHURA,0.13040603794211406,Underserved,1.7195370576356583e-06,Well-served,-0.13040431840505642,1606,760,846,True
150901,OYON,0.1301692550139277,Underserved,0.0,Well-served,-0.1301692550139277,1607,1337,270,True
090404,CAPILLAS,0.1287975409299547,Underserved,1.432947548029715e-07,Well-served,-0.1287973976351999,1608,795,813,True
210707,PARATIA,0.1284285931399593,Underserved,0.0,Well-served,-0.1284285931399593,1609,1337,272,True
050605,CHAVIÑA,0.12821636338125464,Underserved,0.24500000000000002,Well-served,0.11678363661874538,1610,361,1249,True
120806,PACCHA,0.12693681491133924,Underserved,9.314159062193148e-07,Well-served,-0.12693588349543303,1611,775,836,True
021703,COTAPARACO,0.12645913985387755,Underserved,0.0,Well-served,-0.12645913985387755,1612,1337,275,True
100301,LA UNION,0.12554112554112554,Underserved,0.0,Well-served,-0.12554112554112554,1613,1337,276,True
090607,PILPICHACA,0.1251848553275437,Underserved,5.158611172906974e-06,Well-served,-0.1251796967163708,1614,740,874,True
210201,AZANGARO,0.12498843860937765,Underserved,0.30241257007283195,Well-served,0.17742413146345432,1615,320,1295,True
080305,HUAROCONDO,0.12447427055520514,Underserved,0.0,Well-served,-0.12447427055520514,1616,1337,279,True
210504,SANTA ROSA,0.12438212879225194,Underserved,0.0,Well-served,-0.12438212879225194,1617,1337,280,True
160302,PARINARI,0.1242195318872756,Underserved,0.0,Well-served,-0.1242195318872756,1618,1337,281,True
210602,COJATA,0.12416471746144364,Underserved,0.0,Well-served,-0.12416471746144364,1619,1337,282,True
050603,CABANA,0.12387122911921439,Underserved,0.0,Well-served,-0.12387122911921439,1620,1337,283,True
080502,CHECCA,0.1238688171658722,Underserved,0.0,Well-served,-0.1238688171658722,1621,1337,284,True
180105,SAN CRISTOBAL,0.12343953874549493,Underserved,0.0,Well-served,-0.12343953874549493,1622,1337,285,True
160603,PADRE MARQUEZ,0.12320340786001172,Underserved,0.0,Well-served,-0.12320340786001172,1623,1337,286,True
080404,LARES,0.1227414428868126,Underserved,0.0,Well-served,-0.1227414428868126,1624,1337,287,True
040513,MADRIGAL,0.12222034162331501,Underserved,0.0,Well-served,-0.12222034162331501,1625,1337,288,True
120909,YANACANCHA,0.1216371351515843,Underserved,0.0,Well-served,-0.1216371351515843,1626,1337,289,True
050510,ANCHIHUAY,0.12157593316480339,Underserved,0.0,Well-served,-0.12157593316480339,1627,1337,290,True
150503,CALANGO,0.12151742529137037,Underserved,0.0,Well-served,-0.12151742529137037,1628,1337,291,True
210310,USICAYOS,0.12119265165776898,Underserved,0.0,Well-served,-0.12119265165776898,1629,1337,292,True
151021,MIRAFLORES,0.1211674594925839,Underserved,0.0,Well-served,-0.1211674594925839,1630,1337,293,True
210309,SAN GABAN,0.12090435925302571,Underserved,0.0,Well-served,-0.12090435925302571,1631,1337,294,True
150608,PACARAOS,0.12082634862154987,Underserved,0.0,Well-served,-0.12082634862154987,1632,1337,295,True
210306,CRUCERO,0.12076753240613369,Underserved,0.0,Well-served,-0.12076753240613369,1633,1337,296,True
150729,SANTIAGO DE ANCHUCAYA,0.12074473199757856,Underserved,0.0,Well-served,-0.12074473199757856,1634,1337,297,True
150304,HUANCAPON,0.12072923457432501,Underserved,0.0,Well-served,-0.12072923457432501,1635,1337,298,True
150612,VEINTISIETE DE NOVIEMBRE,0.12060299221443196,Underserved,0.0,Well-served,-0.12060299221443196,1636,1337,299,True
220603,HUICUNGO,0.1200650535477781,Underserved,7.49431567619541e-05,Well-served,-0.11999011039101615,1637,678,959,True
151006,CACRA,0.12005213756369144,Underserved,0.0,Well-served,-0.12005213756369144,1638,1337,301,True
010402,EL CENEPA,0.11987987599618376,Underserved,0.0,Well-served,-0.11987987599618376,1639,1337,302,True
080503,KUNTURKANKI,0.11986210531779827,Underserved,0.0,Well-served,-0.11986210531779827,1640,1337,303,True
080908,SANTA TERESA,0.11985962089562333,Underserved,0.0,Well-served,-0.11985962089562333,1641,1337,304,True
230201,CANDARAVE,0.11983258520910123,Underserved,0.0,Well-served,-0.11983258520910123,1642,1337,305,True
050611,LUCANAS,0.1197470912638809,Underserved,0.0014117647058823528,Well-served,-0.11833532655799855,1643,609,1034,True
040307,CHALA,0.11959270124282798,Underserved,4.384819496970928e-05,Well-served,-0.11954885304785827,1644,693,951,True
151028,TANTA,0.11951277417008856,Underserved,0.0,Well-served,-0.11951277417008856,1645,1337,308,True
210903,HUAYRAPATA,0.11907098097151021,Underserved,0.0,Well-served,-0.11907098097151021,1646,1337,309,True
010104,CHETO,0.11895202788550603,Underserved,0.0,Well-served,-0.11895202788550603,1647,1337,310,True
040804,HUAYNACOTAS,0.11871903587100663,Underserved,0.0,Well-served,-0.11871903587100663,1648,1337,311,True
100604,JOSE CRESPO Y CASTILLO,0.11849435083316746,Underserved,0.0,Well-served,-0.11849435083316746,1649,1337,312,True
010403,RIO SANTIAGO,0.11831409006008628,Underserved,0.0,Well-served,-0.11831409006008628,1650,1337,313,True
150303,GORGOR,0.11829449862223064,Underserved,0.0,Well-served,-0.11829449862223064,1651,1337,314,True
160206,LAGUNAS,0.11824088455533587,Underserved,0.0,Well-served,-0.11824088455533587,1652,1337,315,True
050614,SAISA,0.11792669382025173,Underserved,0.0,Well-served,-0.11792669382025173,1653,1337,316,True
040310,JAQUI,0.11742768213216434,Underserved,0.31551368543921093,Well-served,0.1980860033070466,1654,314,1340,True
100610,SANTO DOMINGO DE ANDA,0.11723992448188893,Underserved,0.0,Well-served,-0.11723992448188893,1655,1337,318,True
150722,SAN MATEO,0.11705120324446039,Underserved,0.05581395348837209,Well-served,-0.0612372497560883,1656,526,1130,True
100607,PUCAYACU,0.11687827737554793,Underserved,0.0,Well-served,-0.11687827737554793,1657,1337,320,True
040103,CAYMA,0.11660437682556721,Underserved,0.1813545274463959,Well-served,0.0647501506208287,1658,408,1250,True
210111,PICHACANI,0.11642908972519797,Underserved,0.0,Well-served,-0.11642908972519797,1659,1337,322,True
100802,CHAGLLA,0.11641568087016119,Underserved,0.0,Well-served,-0.11641568087016119,1660,1337,323,True
100904,TOURNAVISTA,0.11631185196732022,Underserved,0.0,Well-served,-0.11631185196732022,1661,1337,324,True
150508,LUNAHUANA,0.11626804448426505,Underserved,0.0,Well-served,-0.11626804448426505,1662,1337,325,True
101007,SAN MIGUEL DE CAURI,0.11592058051431665,Underserved,0.0,Well-served,-0.11592058051431665,1663,1337,326,True
150602,ATAVILLOS ALTO,0.11468484571836517,Underserved,0.0,Well-served,-0.11468484571836517,1664,1337,327,True
180204,ICHUÑA,0.11383605594740748,Underserved,0.0,Well-served,-0.11383605594740748,1665,1337,328,True
040114,POLOBAYA,0.11349827641320061,Underserved,0.0,Well-served,-0.11349827641320061,1666,1337,329,True
040502,ACHOMA,0.11343363052411079,Underserved,0.0,Well-served,-0.11343363052411079,1667,1337,330,True
220202,ALTO BIAVO,0.11336956472982188,Underserved,0.0,Well-served,-0.11336956472982188,1668,1337,331,True
210706,PALCA,0.11314409256863772,Underserved,0.0,Well-served,-0.11314409256863772,1669,1337,332,True
090403,AURAHUA,0.11280249879953079,Underserved,0.0,Well-served,-0.11280249879953079,1670,1337,333,True
080708,VELILLE,0.1125918389204504,Underserved,0.0,Well-served,-0.1125918389204504,1671,1337,334,True
030406,COTARUSE,0.11236785457312165,Underserved,0.0,Well-served,-0.11236785457312165,1672,1337,335,True
010503,COCABAMBA,0.1120489418787595,Underserved,0.0,Well-served,-0.1120489418787595,1673,1337,336,True
200703,LA BREA,0.11188358312443034,Underserved,0.08888888888888888,Well-served,-0.022994694235541457,1674,490,1184,True
151031,TUPE,0.11166554523902056,Underserved,0.0,Well-served,-0.11166554523902056,1675,1337,338,True
240303,MATAPALO,0.11152042562298756,Underserved,0.0,Well-served,-0.11152042562298756,1676,1337,339,True
250103,IPARIA,0.11139491715061639,Underserved,0.0,Well-served,-0.11139491715061639,1677,1337,340,True
150504,CERRO AZUL,0.11111111111111112,Underserved,0.17333333333333334,Well-served,0.06222222222222222,1678,413,1265,True
120501,JUNIN,0.11052330545313717,Underserved,0.2970820868307036,Well-served,0.18655878137756643,1679,325,1354,True
131003,CACHICADAN,0.10988436390311052,Underserved,0.16721311475409836,Well-served,0.05732875085098785,1680,419,1261,True
040508,HUANCA,0.10980665331690838,Underserved,0.0,Well-served,-0.10980665331690838,1681,1337,344,True
210804,LLALLI,0.1094722130118657,Underserved,0.0,Well-served,-0.1094722130118657,1682,1337,345,True
050705,PULLO,0.10890237713107957,Underserved,0.0,Well-served,-0.10890237713107957,1683,1337,346,True
120433,YAULI,0.10887117773218369,Underserved,0.09642857142857143,Well-served,-0.012442606303612255,1684,476,1208,True
210705,OCUVIRI,0.10880755638242702,Underserved,0.0,Well-served,-0.10880755638242702,1685,1337,348,True
180211,YUNGA,0.10858894224555932,Underserved,0.0,Well-served,-0.10858894224555932,1686,1337,349,True
101001,JESUS,0.1078217259249771,Underserved,0.0,Well-served,-0.1078217259249771,1687,1337,350,True
211002,ANANEA,0.1075800241776166,Underserved,0.0,Well-served,-0.1075800241776166,1688,1337,351,True
230303,ITE,0.10705505184436986,Underserved,0.0,Well-served,-0.10705505184436986,1689,1337,352,True
160506,PUINAHUA,0.10676910240891505,Underserved,0.0,Well-served,-0.10676910240891505,1690,1337,353,True
250204,YURUA,0.1067200848986661,Underserved,0.0,Well-served,-0.1067200848986661,1691,1337,354,True
180205,LA CAPILLA,0.10596686754369533,Underserved,0.0,Well-served,-0.10596686754369533,1692,1337,355,True
210212,SAN JOSE,0.10574391158039022,Underserved,0.0,Well-served,-0.10574391158039022,1693,1337,356,True
200605,MARCAVELICA,0.10572951913066117,Underserved,0.12,Well-served,0.014270480869338825,1694,449,1245,True
050602,AUCARA,0.10568440577164744,Underserved,0.0,Well-served,-0.10568440577164744,1695,1337,358,True
170201,MANU,0.10483571178048827,Underserved,0.0,Well-served,-0.10483571178048827,1696,1337,359,True
160503,CAPELO,0.10456851753095366,Underserved,0.0,Well-served,-0.10456851753095366,1697,1337,360,True
080505,LAYO,0.10454308177910376,Underserved,0.0,Well-served,-0.10454308177910376,1698,1337,361,True
051003,APONGO,0.10436367856151697,Underserved,0.0,Well-served,-0.10436367856151697,1699,1337,362,True
120503,ONDORES,0.10413388193578767,Underserved,0.003389830508474576,Well-served,-0.10074405142731309,1700,600,1100,True
160301,NAUTA,0.10366683755601899,Underserved,0.00020161572000778092,Well-served,-0.10346522183601121,1701,648,1053,True
150801,HUACHO,0.10293477517817484,Underserved,0.12108791644931724,Well-served,0.018153141271142398,1702,446,1256,True
120128,QUILCAS,0.102860187224827,Underserved,0.0,Well-served,-0.102860187224827,1703,1337,366,True
040402,ANDAGUA,0.10253315522573744,Underserved,0.0,Well-served,-0.10253315522573744,1704,1337,367,True
110304,MARCONA,0.10214378263333102,Underserved,0.005581760583840149,Well-served,-0.09656202204949087,1705,591,1114,True
230301,LOCUMBA,0.10157816220201393,Underserved,0.0,Well-served,-0.10157816220201393,1706,1337,369,True
160705,PASTAZA,0.10126501077130486,Underserved,0.0,Well-served,-0.10126501077130486,1707,1337,370,True
080808,ALTO PICHIGUA,0.10003937717178621,Underserved,0.058536585365853655,Well-served,-0.041502791805932554,1708,519,1189,True
080801,ESPINAR,0.09880279351864048,Underserved,0.2202556570276551,Well-served,0.12145286350901462,1709,383,1326,True
040515,SIBAYO,0.09875680479602811,Underserved,0.0,Well-served,-0.09875680479602811,1710,1337,373,True
120810,YAULI,0.09863738848125826,Underserved,0.0,Well-served,-0.09863738848125826,1711,1337,374,True
170104,LABERINTO,0.0982778849108988,Underserved,0.0,Well-served,-0.0982778849108988,1712,1337,375,True
210802,ANTAUTA,0.09782199124353368,Underserved,0.0,Well-served,-0.09782199124353368,1713,1337,376,True
221004,SHUNTE,0.09737392092461286,Underserved,0.0,Well-served,-0.09737392092461286,1714,1337,377,True
180206,LLOQUE,0.09692355175656826,Underserved,0.0,Well-served,-0.09692355175656826,1715,1337,378,True
151033,VITIS,0.09677787366968466,Underserved,0.0,Well-served,-0.09677787366968466,1716,1337,379,True
210209,POTONI,0.09661035106314995,Underserved,0.0,Well-served,-0.09661035106314995,1717,1337,380,True
160601,CONTAMANA,0.09635521119911131,Underserved,0.015558657886997042,Well-served,-0.08079655331211427,1718,570,1148,True
210301,MACUSANI,0.09625390127890385,Underserved,0.22621446021936167,Well-served,0.12996055894045783,1719,378,1341,True
050304,SANTIAGO DE LUCANAMARCA,0.09621696310209223,Underserved,0.0,Well-served,-0.09621696310209223,1720,1337,383,True
090721,ROBLE,0.09611048541172255,Underserved,2.86589509605943e-07,Well-served,-0.09611019882221294,1721,789,932,True
180303,PACOCHA,0.09581955399123954,Underserved,0.1683131233993528,Well-served,0.07249356940811327,1722,417,1305,True
210806,NUÑOA,0.09542605934816349,Underserved,0.0,Well-served,-0.09542605934816349,1723,1337,386,True
210302,AJOYANI,0.09534751287295952,Underserved,0.0,Well-served,-0.09534751287295952,1724,1337,387,True
160404,SAN PABLO,0.09533273718206116,Underserved,0.0,Well-served,-0.09533273718206116,1725,1337,388,True
151002,ALIS,0.0951608265797936,Underserved,0.0,Well-served,-0.0951608265797936,1726,1337,389,True
050911,SORAS,0.09512429609898171,Underserved,1.0030632836208006e-05,Well-served,-0.0951142654661455,1727,724,1003,True
151016,HUANTAN,0.09501055735395302,Underserved,0.0,Well-served,-0.09501055735395302,1728,1337,391,True
150404,HUAROS,0.09492223720678869,Underserved,0.0,Well-served,-0.09492223720678869,1729,1337,392,True
040128,YURA,0.0928435227343489,Underserved,0.0,Well-served,-0.0928435227343489,1730,1337,393,True
211205,PHARA,0.09256778075753193,Underserved,0.0,Well-served,-0.09256778075753193,1731,1337,394,True
210208,MUÑANI,0.09163597981150748,Underserved,0.0,Well-served,-0.09163597981150748,1732,1337,395,True
120405,CANCHAYLLO,0.09107909842416778,Underserved,0.0,Well-served,-0.09107909842416778,1733,1337,396,True
150302,COPA,0.09045462105574983,Underserved,0.0,Well-served,-0.09045462105574983,1734,1337,397,True
200701,PARIÑAS,0.09008603995516423,Underserved,0.18017676605290178,Well-served,0.09009072609773755,1735,409,1326,True
100609,PUEBLO NUEVO,0.08939124942397386,Underserved,0.0,Well-served,-0.08939124942397386,1736,1337,399,True
170202,FITZCARRALD,0.08891900055317334,Underserved,0.0,Well-served,-0.08891900055317334,1737,1337,400,True
120807,SANTA BARBARA DE CARHUACAYAN,0.08855553941695513,Underserved,0.0,Well-served,-0.08855553941695513,1738,1337,401,True
250202,SEPAHUA,0.08851853969454065,Underserved,0.0,Well-served,-0.08851853969454065,1739,1337,402,True
080602,CHECACUPE,0.08815574428590195,Underserved,0.0,Well-served,-0.08815574428590195,1740,1337,403,True
050618,SAN PEDRO DE PALCO,0.08794947078227135,Underserved,0.0,Well-served,-0.08794947078227135,1741,1337,404,True
040516,TAPAY,0.0875676838998175,Underserved,0.0,Well-served,-0.0875676838998175,1742,1337,405,True
180106,TORATA,0.08750840021482932,Underserved,0.009443363807247003,Well-served,-0.07806503640758232,1743,580,1163,True
211001,PUTINA,0.08730739181857093,Underserved,8.669332665579777e-05,Well-served,-0.08722069849191513,1744,673,1071,True
160403,YAVARI,0.0872945823613741,Underserved,0.0,Well-served,-0.0872945823613741,1745,1337,408,True
160706,ANDOAS,0.08707933431044315,Underserved,0.0,Well-served,-0.08707933431044315,1746,1337,409,True
040409,ORCOPAMPA,0.08652999874129856,Underserved,0.0,Well-served,-0.08652999874129856,1747,1337,410,True
040303,ATICO,0.0857662868077189,Underserved,0.0,Well-served,-0.0857662868077189,1748,1337,411,True
050303,SACSAMARCA,0.08560981319400279,Underserved,0.0,Well-served,-0.08560981319400279,1749,1337,412,True
090118,ASCENSION,0.08540934502403118,Underserved,0.1951248833422148,Well-served,0.10971553831818363,1750,400,1350,True
160110,TORRES CAUSANA,0.08538763640148882,Underserved,0.0,Well-served,-0.08538763640148882,1751,1337,414,True
210113,SAN ANTONIO,0.08453290151115579,Underserved,0.0,Well-served,-0.08453290151115579,1752,1337,415,True
160401,RAMON CASTILLA,0.08424752836989992,Underserved,0.0,Well-served,-0.08424752836989992,1753,1337,416,True
090616,TAMBO,0.0840405974924717,Underserved,0.0,Well-served,-0.0840405974924717,1754,1337,417,True
150716,SAN ANTONIO,0.08389743234110299,Underserved,0.03,Well-served,-0.05389743234110299,1755,557,1198,True
040207,QUILCA,0.08351254594512435,Underserved,0.0,Well-served,-0.08351254594512435,1756,1337,419,True
160205,JEBEROS,0.08344440103383303,Underserved,0.0,Well-served,-0.08344440103383303,1757,1337,420,True
090411,SANTA ANA,0.08308483018623786,Underserved,1.146358038423772e-06,Well-served,-0.08308368382819943,1758,770,988,True
081210,OCONGATE,0.08205355448491472,Underserved,0.0,Well-served,-0.08205355448491472,1759,1337,422,True
250203,TAHUANIA,0.08166512141465704,Underserved,0.0,Well-served,-0.08166512141465704,1760,1337,423,True
050908,SAN PEDRO DE LARCAY,0.08051197597488137,Underserved,0.0,Well-served,-0.08051197597488137,1761,1337,424,True
211206,QUIACA,0.08038620419793774,Underserved,0.0,Well-served,-0.08038620419793774,1762,1337,425,True
210215,TIRAPATA,0.07989378343816496,Underserved,0.0,Well-served,-0.07989378343816496,1763,1337,426,True
210505,CONDURIRI,0.07980060700787167,Underserved,0.0,Well-served,-0.07980060700787167,1764,1337,427,True
160704,MORONA,0.0783203924745826,Underserved,0.0,Well-served,-0.0783203924745826,1765,1337,428,True
081212,QUIQUIJANA,0.07764873167662038,Underserved,0.0,Well-served,-0.07764873167662038,1766,1337,429,True
040302,ACARI,0.076699556718781,Underserved,0.00010295728132593504,Well-served,-0.07659659943745506,1767,668,1099,True
021405,COCHAS,0.07658137142953614,Underserved,0.0,Well-served,-0.07658137142953614,1768,1337,431,True
040119,SAN JUAN DE TARUCANI,0.07609389521701018,Underserved,0.0,Well-served,-0.07609389521701018,1769,1337,432,True
160501,REQUENA,0.07558290255297749,Underserved,0.0,Well-served,-0.07558290255297749,1770,1337,433,True
160604,PAMPA HERMOSA,0.07533340363813057,Underserved,0.0,Well-served,-0.07533340363813057,1771,1337,434,True
211005,SINA,0.07517147031629769,Underserved,0.0,Well-served,-0.07517147031629769,1772,1337,435,True
081106,KOSÑIPATA,0.0745662936834476,Underserved,0.0,Well-served,-0.0745662936834476,1773,1337,436,True
081203,CAMANTI,0.07412171801241783,Underserved,0.0,Well-served,-0.07412171801241783,1774,1337,437,True
080804,OCORURO,0.07297710035937484,Underserved,0.0,Well-served,-0.07297710035937484,1775,1337,438,True
100902,CODO DEL POZUZO,0.0727633929045911,Underserved,0.0,Well-served,-0.0727633929045911,1776,1337,439,True
160511,YAQUERANA,0.07249288559734564,Underserved,0.0,Well-served,-0.07249288559734564,1777,1337,440,True
160102,ALTO NANAY,0.07226643271920744,Underserved,0.0,Well-served,-0.07226643271920744,1778,1337,441,True
160508,SOPLIN,0.07149707704876009,Underserved,0.0,Well-served,-0.07149707704876009,1779,1337,442,True
080803,COPORAQUE,0.0713713723597764,Underserved,0.013953488372093023,Well-served,-0.05741788398768338,1780,574,1206,True
170203,MADRE DE DIOS,0.06984907373072559,Underserved,0.0,Well-served,-0.06984907373072559,1781,1337,444,True
160510,JENARO HERRERA,0.06958310974600034,Underserved,0.0,Well-served,-0.06958310974600034,1782,1337,445,True
180202,CHOJATA,0.06901192033328447,Underserved,0.0,Well-served,-0.06901192033328447,1783,1337,446,True
180102,CARUMAS,0.06822838820278454,Underserved,0.0,Well-served,-0.06822838820278454,1784,1337,447,True
081103,CHALLABAMBA,0.06734687284511942,Underserved,0.0,Well-served,-0.06734687284511942,1785,1337,448,True
040805,PAMPAMARCA,0.06687082109476922,Underserved,0.0,Well-served,-0.06687082109476922,1786,1337,449,True
160502,ALTO TAPICHE,0.06671992010756617,Underserved,0.0,Well-served,-0.06671992010756617,1787,1337,450,True
040518,TUTI,0.06670802378102876,Underserved,0.0,Well-served,-0.06670802378102876,1788,1337,451,True
030403,CARAYBAMBA,0.06591580246293816,Underserved,0.0,Well-served,-0.06591580246293816,1789,1337,452,True
180302,EL ALGARROBAL,0.06547619047619047,Underserved,0.2571428571428571,Well-served,0.19166666666666665,1790,353,1437,True
040603,CAYARANI,0.06534694527853117,Underserved,0.0,Well-served,-0.06534694527853117,1791,1337,454,True
230408,TICACO,0.06526455697815112,Underserved,0.0,Well-served,-0.06526455697815112,1792,1337,455,True
050511,ORONCCOY,0.06510533305886111,Underserved,0.0,Well-served,-0.06510533305886111,1793,1337,456,True
160303,TIGRE,0.06371040025849493,Underserved,0.0,Well-served,-0.06371040025849493,1794,1337,457,True
210401,JULI,0.06301938932415534,Underserved,0.21262972126235272,Well-served,0.1496103319381974,1795,386,1409,True
211103,CABANILLAS,0.06277599348476243,Underserved,0.0,Well-served,-0.06277599348476243,1796,1337,459,True
100705,SANTA ROSA DE ALTO YANAJANCA,0.06265430819879464,Underserved,0.0,Well-served,-0.06265430819879464,1797,1337,460,True
160606,VARGAS GUERRA,0.06258480963843241,Underserved,0.0,Well-served,-0.06258480963843241,1798,1337,461,True
040312,QUICACHA,0.06188367498640992,Underserved,0.0,Well-served,-0.06188367498640992,1799,1337,462,True
020508,HUALLANCA,0.06184513157653452,Underserved,1.4329475480297152e-05,Well-served,-0.061830802101054225,1800,717,1083,True
081209,MARCAPATA,0.060852504885887795,Underserved,0.0,Well-served,-0.060852504885887795,1801,1337,464,True
010605,LIMABAMBA,0.05952072277058432,Underserved,0.0,Well-served,-0.05952072277058432,1802,1337,465,True
120801,LA OROYA,0.058022821149947196,Underserved,1.9846323540211555e-05,Well-served,-0.05800297482640698,1803,709,1094,True
080805,PALLPATA,0.057973893381947084,Underserved,0.0,Well-served,-0.057973893381947084,1804,1337,467,True
151014,HUANCAYA,0.0577219698482128,Underserved,0.0,Well-served,-0.0577219698482128,1805,1337,468,True
160107,NAPO,0.057503885694923304,Underserved,0.0005041109473968538,Well-served,-0.056999774747526454,1806,628,1178,True
040517,TISCO,0.05700809525678815,Underserved,0.0,Well-served,-0.05700809525678815,1807,1337,470,True
050703,CORONEL CASTAÑEDA,0.05670792451207645,Underserved,0.0,Well-served,-0.05670792451207645,1808,1337,471,True
160304,TROMPETEROS,0.05395997435548302,Underserved,0.0,Well-served,-0.05395997435548302,1809,1337,472,True
151018,LARAOS,0.053423292874615426,Underserved,0.0,Well-served,-0.053423292874615426,1810,1337,473,True
080802,CONDOROMA,0.05206148276421859,Underserved,0.0,Well-served,-0.05206148276421859,1811,1337,474,True
230403,ESTIQUE,0.051823838200111286,Underserved,0.0,Well-served,-0.051823838200111286,1812,1337,475,True
210406,POMATA,0.0516799014248158,Underserved,0.0,Well-served,-0.0516799014248158,1813,1337,476,True
211004,QUILCAPUNCU,0.05123076120525498,Underserved,0.0,Well-served,-0.05123076120525498,1814,1337,477,True
150305,MANAS,0.051073714594338925,Underserved,0.0,Well-served,-0.051073714594338925,1815,1337,478,True
160504,EMILIO SAN MARTIN,0.05038383669490036,Underserved,0.0,Well-served,-0.05038383669490036,1816,1337,479,True
120108,CHONGOS ALTO,0.050229187072172075,Underserved,0.0,Well-served,-0.050229187072172075,1817,1337,480,True
151030,TOMAS,0.04958891609942815,Underserved,0.0,Well-served,-0.04958891609942815,1818,1337,481,True
040514,SAN ANTONIO DE CHUCA,0.04896701641990636,Underserved,0.0,Well-served,-0.04896701641990636,1819,1337,482,True
160305,URARINAS,0.04858442636989498,Underserved,0.0,Well-served,-0.04858442636989498,1820,1337,483,True
160803,TENIENTE MANUEL CLAVERO,0.04814836699292811,Underserved,0.0,Well-served,-0.04814836699292811,1821,1337,484,True
040311,LOMAS,0.047979449249060904,Underserved,0.0,Well-served,-0.047979449249060904,1822,1337,485,True
210709,SANTA LUCIA,0.04781015548977913,Underserved,0.0,Well-served,-0.04781015548977913,1823,1337,486,True
040519,YANQUE,0.047120518103893276,Underserved,0.0,Well-served,-0.047120518103893276,1824,1337,487,True
160801,PUTUMAYO,0.046710232852474304,Underserved,0.0,Well-served,-0.046710232852474304,1825,1337,488,True
160802,ROSA PANDURO,0.046556549050833555,Underserved,0.0,Well-served,-0.046556549050833555,1826,1337,489,True
170102,INAMBARI,0.046362202122260915,Underserved,0.0,Well-served,-0.046362202122260915,1827,1337,490,True
010505,CONILA,0.04610023776913986,Underserved,0.0,Well-served,-0.04610023776913986,1828,1337,491,True
090608,QUERCO,0.04589688548538185,Underserved,0.0,Well-served,-0.04589688548538185,1829,1337,492,True
040510,LARI,0.04260669055625276,Underserved,0.0,Well-served,-0.04260669055625276,1830,1337,493,True
211203,LIMBANI,0.042204651066062186,Underserved,0.0,Well-served,-0.042204651066062186,1831,1337,494,True
050301,SANCOS,0.041014794904880324,Underserved,6.512746605795055e-05,Well-served,-0.040949667438822376,1832,681,1151,True
220710,TRES UNIDOS,0.04085138986061144,Underserved,7.809564136761947e-06,Well-served,-0.040843580296474676,1833,732,1101,True
080605,PITUMARCA,0.040824891649879506,Underserved,0.0,Well-served,-0.040824891649879506,1834,1337,497,True
080807,SUYCKUTAMBO,0.04081999858614296,Underserved,0.0,Well-served,-0.04081999858614296,1835,1337,498,True
040505,CAYLLOMA,0.04031355350665579,Underserved,0.0,Well-served,-0.04031355350665579,1836,1337,499,True
010612,VISTA ALEGRE,0.03940230205182517,Underserved,0.0,Well-served,-0.03940230205182517,1837,1337,500,True
040404,CHACHAS,0.03534558843591072,Underserved,0.0,Well-served,-0.03534558843591072,1838,1337,501,True
040806,PUYCA,0.03185293048669184,Underserved,0.0,Well-served,-0.03185293048669184,1839,1337,502,True
100704,LA MORADA,0.03142662658119584,Underserved,0.0,Well-served,-0.03142662658119584,1840,1337,503,True
160804,YAGUAS,0.02382736222241198,Underserved,0.0,Well-served,-0.02382736222241198,1841,1337,504,True
210103,AMANTANI,0.023075062411311038,Underserved,0.0,Well-served,-0.023075062411311038,1842,1337,505,True
040406,CHOCO,0.02258680336567842,Underserved,0.0,Well-served,-0.02258680336567842,1843,1337,506,True
040504,CALLALLI,0.020623525336293507,Underserved,0.0,Well-served,-0.020623525336293507,1844,1337,507,True
210407,ZEPITA,0.01839080459770115,Underserved,0.0,Well-served,-0.01839080459770115,1845,1337,508,True
230406,SUSAPAYA,0.013390433501367222,Underserved,0.0,Well-served,-0.013390433501367222,1846,1337,509,True
150704,CARAMPOMA,0.011993303679765616,Underserved,0.0,Well-served,-0.011993303679765616,1847,1337,510,True
040811,TORO,0.008888888888888887,Underserved,0.0,Well-served,-0.008888888888888887,1848,1337,511,True
070107,MI PERU,0.0025464672051444728,Underserved,0.0015278803230866838,Well-served,-0.001018586882057789,1849,608,1241,True
211302,ANAPIA,0.001324476932877538,Underserved,0.0,Well-served,-0.001324476932877538,1850,1337,513,True
040601,CHUQUIBAMBA,0.00030402370477363783,Underserved,0.00018241422286418272,Well-served,-0.00012160948190945511,1851,649,1202,True
040410,PAMPACOLCA,7.558798315856746e-05,Underserved,4.535278989514048e-05,Well-served,-3.023519326342698e-05,1852,692,1160,True
210402,DESAGUADERO,5.206376091174631e-05,Underserved,3.123825654704779e-05,Well-served,-2.0825504364698523e-05,1853,698,1155,True
040605,IRAY,0.0,Underserved,0.0,Well-served,0.0,1863,1337,526,True
040411,TIPAN,0.0,Underserved,0.0,Well-served,0.0,1863,1337,526,True
210405,PISACOMA,0.0,Underserved,0.0,Well-served,0.0,1863,1337,526,True
151029,TAURIPAMPA,0.0,Underserved,0.0,Well-served,0.0,1863,1337,526,True
210404,KELLUYO,0.0,Underserved,0.0,Well-served,0.0,1863,1337,526,True
151027,SAN PEDRO DE PILAS,0.0,Underserved,0.0,Well-served,0.0,1863,1337,526,True
101004,QUEROPALCA,0.0,Underserved,0.0,Well-served,0.0,1863,1337,526,True
210403,HUACULLANI,0.0,Underserved,0.0,Well-served,0.0,1863,1337,526,True
040412,UÑON,0.0,Underserved,0.0,Well-served,0.0,1863,1337,526,True
040604,CHICHAS,0.0,Underserved,0.0,Well-served,0.0,1863,1337,526,True
040809,TAURIA,0.0,Underserved,0.0,Well-served,0.0,1863,1337,526,True
040408,MACHAGUAY,0.0,Underserved,0.0,Well-served,0.0,1863,1337,526,True
040807,QUECHUALLA,0.0,Underserved,0.0,Well-served,0.0,1863,1337,526,True
040608,YANAQUIHUA,0.0,Underserved,0.0,Well-served,0.0,1863,1337,526,True
040602,ANDARAY,0.0,Underserved,0.0,Well-served,0.0,1863,1337,526,True
151022,OMAS,0.0,Underserved,0.0,Well-served,0.0,1863,1337,526,True
040607,SALAMANCA,0.0,Underserved,0.0,Well-served,0.0,1863,1337,526,True
040414,VIRACO,0.0,Underserved,0.0,Well-served,0.0,1863,1337,526,True
040803,CHARCANA,0.0,Underserved,0.0,Well-served,0.0,1863,1337,526,True
040808,SAYLA,0.0,Underserved,0.0,Well-served,0.0,1863,1337,526,True
